material_id,material_name,supplier_id,supplier_name,plant_id,plant_name,period_week,allocated_units,unit_price_usd,freight_cost_per_unit_usd,landed_cost_usd,standard_cost_usd,po_release_week,expected_delivery_week,lead_time_weeks,moq_compliance_status
MAT_001,High-Tensile Structural Steel I-Beam,SUP_001,Apex Precision Metals GmbH,PLANT_02,Munich Engineering Works,W01,486,17.91,0.45,8925.9,18.41,W01,W01,5,SUB_MOQ_VIOLATION
MAT_001,High-Tensile Structural Steel I-Beam,SUP_001,Apex Precision Metals GmbH,PLANT_05,Chennai Industrial Complex,W01,351,17.91,5.1,8083.64,18.41,W01,W01,7,SUB_MOQ_VIOLATION
MAT_001,High-Tensile Structural Steel I-Beam,SUP_002,Vanguard Industrial Dynamics,PLANT_01,Detroit Advanced Assembly Hub,W01,587,18.86,0.5,11362.77,18.41,W01,W01,3,COMPLIANT
MAT_001,High-Tensile Structural Steel I-Beam,SUP_002,Vanguard Industrial Dynamics,PLANT_02,Munich Engineering Works,W01,61,18.86,3.5,1356.58,18.41,W01,W01,5,SUB_MOQ_VIOLATION
MAT_001,High-Tensile Structural Steel I-Beam,SUP_002,Vanguard Industrial Dynamics,PLANT_03,Monterrey Global Production Hub,W01,557,18.86,1.6,11391.72,18.41,W01,W01,3,COMPLIANT
MAT_001,High-Tensile Structural Steel I-Beam,SUP_002,Vanguard Industrial Dynamics,PLANT_04,Tokyo Precision Facility,W01,345,18.86,6.2,8642.19,18.41,W01,W01,6,COMPLIANT
MAT_001,High-Tensile Structural Steel I-Beam,SUP_005,MexSteel & Polymer Fabrica,PLANT_01,Detroit Advanced Assembly Hub,W01,289,18.64,1.7,5879.89,18.41,W01,W01,4,SUB_MOQ_VIOLATION
MAT_001,High-Tensile Structural Steel I-Beam,SUP_005,MexSteel & Polymer Fabrica,PLANT_03,Monterrey Global Production Hub,W01,801,18.64,0.45,15295.29,18.41,W01,W01,4,COMPLIANT
MAT_001,High-Tensile Structural Steel I-Beam,SUP_007,Bharat Precision Engineering,PLANT_02,Munich Engineering Works,W01,277,20.15,5.05,6984.68,18.41,W01,W01,8,SUB_MOQ_VIOLATION
MAT_001,High-Tensile Structural Steel I-Beam,SUP_007,Bharat Precision Engineering,PLANT_04,Tokyo Precision Facility,W01,457,20.15,3.65,10879.93,18.41,W01,W01,8,SUB_MOQ_VIOLATION
MAT_001,High-Tensile Structural Steel I-Beam,SUP_007,Bharat Precision Engineering,PLANT_05,Chennai Industrial Complex,W01,466,20.15,0.45,9593.21,18.41,W01,W01,6,SUB_MOQ_VIOLATION
MAT_002,Cold-Rolled Carbon Steel Sheet 2mm,SUP_001,Apex Precision Metals GmbH,PLANT_02,Munich Engineering Works,W01,476,8.77,0.45,4392.5,8.89,W01,W01,7,SUB_MOQ_VIOLATION
MAT_002,Cold-Rolled Carbon Steel Sheet 2mm,SUP_001,Apex Precision Metals GmbH,PLANT_05,Chennai Industrial Complex,W01,661,8.77,5.1,9162.8,8.89,W01,W01,9,COMPLIANT
MAT_002,Cold-Rolled Carbon Steel Sheet 2mm,SUP_002,Vanguard Industrial Dynamics,PLANT_01,Detroit Advanced Assembly Hub,W01,1353,8.92,0.5,12745.26,8.89,W01,W01,4,COMPLIANT
MAT_002,Cold-Rolled Carbon Steel Sheet 2mm,SUP_002,Vanguard Industrial Dynamics,PLANT_02,Munich Engineering Works,W01,305,8.92,3.5,3783.01,8.89,W01,W01,6,SUB_MOQ_VIOLATION
MAT_002,Cold-Rolled Carbon Steel Sheet 2mm,SUP_002,Vanguard Industrial Dynamics,PLANT_03,Monterrey Global Production Hub,W01,556,8.92,1.6,5853.01,8.89,W01,W01,4,SUB_MOQ_VIOLATION
MAT_002,Cold-Rolled Carbon Steel Sheet 2mm,SUP_002,Vanguard Industrial Dynamics,PLANT_04,Tokyo Precision Facility,W01,696,8.92,6.2,10523.22,8.89,W01,W01,7,SUB_MOQ_VIOLATION
MAT_002,Cold-Rolled Carbon Steel Sheet 2mm,SUP_005,MexSteel & Polymer Fabrica,PLANT_01,Detroit Advanced Assembly Hub,W01,902,9.48,1.7,10084.36,8.89,W01,W01,5,COMPLIANT
MAT_002,Cold-Rolled Carbon Steel Sheet 2mm,SUP_005,MexSteel & Polymer Fabrica,PLANT_03,Monterrey Global Production Hub,W01,801,9.48,0.45,7950.26,8.89,W01,W01,5,COMPLIANT
MAT_002,Cold-Rolled Carbon Steel Sheet 2mm,SUP_007,Bharat Precision Engineering,PLANT_04,Tokyo Precision Facility,W01,1351,9.39,3.65,17617.3,8.89,W01,W01,8,COMPLIANT
MAT_002,Cold-Rolled Carbon Steel Sheet 2mm,SUP_007,Bharat Precision Engineering,PLANT_05,Chennai Industrial Complex,W01,1282,9.39,0.45,12618.62,8.89,W01,W01,6,COMPLIANT
MAT_003,Austenitic Stainless Steel 316L Plate,SUP_001,Apex Precision Metals GmbH,PLANT_02,Munich Engineering Works,W01,669,12.58,0.45,8712.64,12.76,W01,W01,4,COMPLIANT
MAT_003,Austenitic Stainless Steel 316L Plate,SUP_001,Apex Precision Metals GmbH,PLANT_05,Chennai Industrial Complex,W01,315,12.58,5.1,5566.02,12.76,W01,W01,6,SUB_MOQ_VIOLATION
MAT_003,Austenitic Stainless Steel 316L Plate,SUP_002,Vanguard Industrial Dynamics,PLANT_01,Detroit Advanced Assembly Hub,W01,1216,13.05,0.5,16479.51,12.76,W01,W01,4,COMPLIANT
MAT_003,Austenitic Stainless Steel 316L Plate,SUP_002,Vanguard Industrial Dynamics,PLANT_02,Munich Engineering Works,W01,329,13.05,3.5,5450.58,12.76,W01,W01,6,COMPLIANT
MAT_003,Austenitic Stainless Steel 316L Plate,SUP_002,Vanguard Industrial Dynamics,PLANT_03,Monterrey Global Production Hub,W01,337,13.05,1.6,4931.19,12.76,W01,W01,4,COMPLIANT
MAT_003,Austenitic Stainless Steel 316L Plate,SUP_002,Vanguard Industrial Dynamics,PLANT_04,Tokyo Precision Facility,W01,389,13.05,6.2,7483.24,12.76,W01,W01,7,COMPLIANT
MAT_003,Austenitic Stainless Steel 316L Plate,SUP_005,MexSteel & Polymer Fabrica,PLANT_01,Detroit Advanced Assembly Hub,W01,811,13.6,1.7,12405.24,12.76,W01,W01,5,COMPLIANT
MAT_003,Austenitic Stainless Steel 316L Plate,SUP_005,MexSteel & Polymer Fabrica,PLANT_03,Monterrey Global Production Hub,W01,653,13.6,0.45,9180.27,12.76,W01,W01,5,COMPLIANT
MAT_003,Austenitic Stainless Steel 316L Plate,SUP_007,Bharat Precision Engineering,PLANT_04,Tokyo Precision Facility,W01,789,13.69,3.65,13685.77,12.76,W01,W01,8,COMPLIANT
MAT_003,Austenitic Stainless Steel 316L Plate,SUP_007,Bharat Precision Engineering,PLANT_05,Chennai Industrial Complex,W01,639,13.69,0.45,9038.01,12.76,W01,W01,6,COMPLIANT
MAT_004,Galvanized Structural Angle Steel,SUP_001,Apex Precision Metals GmbH,PLANT_02,Munich Engineering Works,W01,936,11.45,0.45,11138.4,11.96,W01,W01,4,COMPLIANT
MAT_004,Galvanized Structural Angle Steel,SUP_001,Apex Precision Metals GmbH,PLANT_05,Chennai Industrial Complex,W01,271,11.45,5.1,4488.36,11.96,W01,W01,6,SUB_MOQ_VIOLATION
MAT_004,Galvanized Structural Angle Steel,SUP_002,Vanguard Industrial Dynamics,PLANT_01,Detroit Advanced Assembly Hub,W01,453,11.89,0.5,5606.85,11.96,W01,W01,3,SUB_MOQ_VIOLATION
MAT_004,Galvanized Structural Angle Steel,SUP_002,Vanguard Industrial Dynamics,PLANT_02,Munich Engineering Works,W01,504,11.89,3.5,7756.56,11.96,W01,W01,5,SUB_MOQ_VIOLATION
MAT_004,Galvanized Structural Angle Steel,SUP_002,Vanguard Industrial Dynamics,PLANT_03,Monterrey Global Production Hub,W01,416,11.89,1.6,5615.21,11.96,W01,W01,3,SUB_MOQ_VIOLATION
MAT_004,Galvanized Structural Angle Steel,SUP_002,Vanguard Industrial Dynamics,PLANT_04,Tokyo Precision Facility,W01,385,11.89,6.2,6961.39,11.96,W01,W01,6,SUB_MOQ_VIOLATION
MAT_004,Galvanized Structural Angle Steel,SUP_005,MexSteel & Polymer Fabrica,PLANT_01,Detroit Advanced Assembly Hub,W01,314,12.54,1.7,4478.05,11.96,W01,W01,7,SUB_MOQ_VIOLATION
MAT_004,Galvanized Structural Angle Steel,SUP_005,MexSteel & Polymer Fabrica,PLANT_03,Monterrey Global Production Hub,W01,509,12.54,0.45,6608.66,11.96,W01,W01,7,SUB_MOQ_VIOLATION
MAT_004,Galvanized Structural Angle Steel,SUP_005,MexSteel & Polymer Fabrica,PLANT_04,Tokyo Precision Facility,W01,177,12.54,6.45,3357.05,11.96,W01,W01,10,SUB_MOQ_VIOLATION
MAT_004,Galvanized Structural Angle Steel,SUP_007,Bharat Precision Engineering,PLANT_04,Tokyo Precision Facility,W01,1310,13.19,3.65,22067.14,11.96,W01,W01,6,COMPLIANT
MAT_004,Galvanized Structural Angle Steel,SUP_007,Bharat Precision Engineering,PLANT_05,Chennai Industrial Complex,W01,633,13.19,0.45,8631.39,11.96,W01,W01,4,SUB_MOQ_VIOLATION
MAT_005,Hardox 450 Wear-Resistant Steel,SUP_001,Apex Precision Metals GmbH,PLANT_01,Detroit Advanced Assembly Hub,W01,784,18.57,3.4,17234.15,19.92,W01,W01,7,SUB_MOQ_VIOLATION
MAT_005,Hardox 450 Wear-Resistant Steel,SUP_001,Apex Precision Metals GmbH,PLANT_02,Munich Engineering Works,W01,1594,18.57,0.45,30316.55,19.92,W01,W01,6,COMPLIANT
MAT_005,Hardox 450 Wear-Resistant Steel,SUP_001,Apex Precision Metals GmbH,PLANT_04,Tokyo Precision Facility,W01,674,18.57,7.6,17628.9,19.92,W01,W01,9,SUB_MOQ_VIOLATION
MAT_005,Hardox 450 Wear-Resistant Steel,SUP_001,Apex Precision Metals GmbH,PLANT_05,Chennai Industrial Complex,W01,546,18.57,5.1,12929.03,19.92,W01,W01,8,SUB_MOQ_VIOLATION
MAT_005,Hardox 450 Wear-Resistant Steel,SUP_002,Vanguard Industrial Dynamics,PLANT_01,Detroit Advanced Assembly Hub,W01,1395,19.84,0.5,28365.35,19.92,W01,W01,3,COMPLIANT
MAT_005,Hardox 450 Wear-Resistant Steel,SUP_002,Vanguard Industrial Dynamics,PLANT_02,Munich Engineering Works,W01,785,19.84,3.5,18323.53,19.92,W01,W01,5,SUB_MOQ_VIOLATION
MAT_005,Hardox 450 Wear-Resistant Steel,SUP_002,Vanguard Industrial Dynamics,PLANT_03,Monterrey Global Production Hub,W01,682,19.84,1.6,14631.51,19.92,W01,W01,3,SUB_MOQ_VIOLATION
MAT_005,Hardox 450 Wear-Resistant Steel,SUP_005,MexSteel & Polymer Fabrica,PLANT_03,Monterrey Global Production Hub,W01,1386,20.42,0.45,28916.64,19.92,W01,W01,3,COMPLIANT
MAT_005,Hardox 450 Wear-Resistant Steel,SUP_007,Bharat Precision Engineering,PLANT_04,Tokyo Precision Facility,W01,1499,21.74,3.65,38069.0,19.92,W01,W01,7,COMPLIANT
MAT_005,Hardox 450 Wear-Resistant Steel,SUP_007,Bharat Precision Engineering,PLANT_05,Chennai Industrial Complex,W01,1216,21.74,0.45,26978.16,19.92,W01,W01,5,COMPLIANT
MAT_006,Aerospace Grade 7075-T6 Billet,SUP_001,Apex Precision Metals GmbH,PLANT_01,Detroit Advanced Assembly Hub,W01,916,36.46,3.4,36511.36,37.01,W01,W01,6,SUB_MOQ_VIOLATION
MAT_006,Aerospace Grade 7075-T6 Billet,SUP_001,Apex Precision Metals GmbH,PLANT_02,Munich Engineering Works,W01,515,36.46,0.45,18997.95,37.01,W01,W01,5,SUB_MOQ_VIOLATION
MAT_006,Aerospace Grade 7075-T6 Billet,SUP_001,Apex Precision Metals GmbH,PLANT_03,Monterrey Global Production Hub,W01,522,36.46,4.8,21531.53,37.01,W01,W01,7,SUB_MOQ_VIOLATION
MAT_006,Aerospace Grade 7075-T6 Billet,SUP_001,Apex Precision Metals GmbH,PLANT_04,Tokyo Precision Facility,W01,885,36.46,7.6,39001.91,37.01,W01,W01,8,SUB_MOQ_VIOLATION
MAT_006,Aerospace Grade 7075-T6 Billet,SUP_001,Apex Precision Metals GmbH,PLANT_05,Chennai Industrial Complex,W01,730,36.46,5.1,30322.18,37.01,W01,W01,7,SUB_MOQ_VIOLATION
MAT_006,Aerospace Grade 7075-T6 Billet,SUP_003,Nippon Advanced Metallurgy,PLANT_02,Munich Engineering Works,W01,388,37.9,6.5,17240.08,37.01,W01,W01,8,SUB_MOQ_VIOLATION
MAT_006,Aerospace Grade 7075-T6 Billet,SUP_003,Nippon Advanced Metallurgy,PLANT_04,Tokyo Precision Facility,W01,1328,37.9,0.45,50921.13,37.01,W01,W01,5,COMPLIANT
MAT_006,Aerospace Grade 7075-T6 Billet,SUP_003,Nippon Advanced Metallurgy,PLANT_05,Chennai Industrial Complex,W01,1094,37.9,3.6,45417.6,37.01,W01,W01,7,SUB_MOQ_VIOLATION
MAT_006,Aerospace Grade 7075-T6 Billet,SUP_005,MexSteel & Polymer Fabrica,PLANT_01,Detroit Advanced Assembly Hub,W01,691,38.93,1.7,28075.74,37.01,W01,W01,4,SUB_MOQ_VIOLATION
MAT_006,Aerospace Grade 7075-T6 Billet,SUP_005,MexSteel & Polymer Fabrica,PLANT_03,Monterrey Global Production Hub,W01,969,38.93,0.45,38165.13,37.01,W01,W01,4,SUB_MOQ_VIOLATION
MAT_007,Structural Aluminum 6061-T6 Extrusion,SUP_001,Apex Precision Metals GmbH,PLANT_01,Detroit Advanced Assembly Hub,W01,1231,43.44,3.4,57681.59,44.33,W01,W01,6,COMPLIANT
MAT_007,Structural Aluminum 6061-T6 Extrusion,SUP_001,Apex Precision Metals GmbH,PLANT_02,Munich Engineering Works,W01,317,43.44,0.45,13909.18,44.33,W01,W01,5,SUB_MOQ_VIOLATION
MAT_007,Structural Aluminum 6061-T6 Extrusion,SUP_001,Apex Precision Metals GmbH,PLANT_03,Monterrey Global Production Hub,W01,498,43.44,4.8,24042.82,44.33,W01,W01,7,SUB_MOQ_VIOLATION
MAT_007,Structural Aluminum 6061-T6 Extrusion,SUP_001,Apex Precision Metals GmbH,PLANT_04,Tokyo Precision Facility,W01,730,43.44,7.6,37282.17,44.33,W01,W01,8,SUB_MOQ_VIOLATION
MAT_007,Structural Aluminum 6061-T6 Extrusion,SUP_001,Apex Precision Metals GmbH,PLANT_05,Chennai Industrial Complex,W01,691,43.44,5.1,33553.28,44.33,W01,W01,7,SUB_MOQ_VIOLATION
MAT_007,Structural Aluminum 6061-T6 Extrusion,SUP_003,Nippon Advanced Metallurgy,PLANT_02,Munich Engineering Works,W01,156,44.61,6.5,7977.76,44.33,W01,W01,9,SUB_MOQ_VIOLATION
MAT_007,Structural Aluminum 6061-T6 Extrusion,SUP_003,Nippon Advanced Metallurgy,PLANT_04,Tokyo Precision Facility,W01,1357,44.61,0.45,61126.14,44.33,W01,W01,6,COMPLIANT
MAT_007,Structural Aluminum 6061-T6 Extrusion,SUP_003,Nippon Advanced Metallurgy,PLANT_05,Chennai Industrial Complex,W01,1284,44.61,3.6,61889.59,44.33,W01,W01,8,COMPLIANT
MAT_007,Structural Aluminum 6061-T6 Extrusion,SUP_005,MexSteel & Polymer Fabrica,PLANT_01,Detroit Advanced Assembly Hub,W01,607,46.13,1.7,29010.81,44.33,W01,W01,3,COMPLIANT
MAT_007,Structural Aluminum 6061-T6 Extrusion,SUP_005,MexSteel & Polymer Fabrica,PLANT_03,Monterrey Global Production Hub,W01,926,46.13,0.45,43114.45,44.33,W01,W01,3,COMPLIANT
MAT_008,Marine Grade 5083-H116 Plate,SUP_001,Apex Precision Metals GmbH,PLANT_01,Detroit Advanced Assembly Hub,W01,357,15.98,3.4,6920.99,16.96,W01,W01,4,COMPLIANT
MAT_008,Marine Grade 5083-H116 Plate,SUP_001,Apex Precision Metals GmbH,PLANT_02,Munich Engineering Works,W01,721,15.98,0.45,11847.02,16.96,W01,W01,3,COMPLIANT
MAT_008,Marine Grade 5083-H116 Plate,SUP_001,Apex Precision Metals GmbH,PLANT_03,Monterrey Global Production Hub,W01,351,15.98,4.8,7291.29,16.96,W01,W01,5,COMPLIANT
MAT_008,Marine Grade 5083-H116 Plate,SUP_001,Apex Precision Metals GmbH,PLANT_04,Tokyo Precision Facility,W01,323,15.98,7.6,7605.96,16.96,W01,W01,6,COMPLIANT
MAT_008,Marine Grade 5083-H116 Plate,SUP_001,Apex Precision Metals GmbH,PLANT_05,Chennai Industrial Complex,W01,412,15.98,5.1,8681.59,16.96,W01,W01,5,COMPLIANT
MAT_008,Marine Grade 5083-H116 Plate,SUP_003,Nippon Advanced Metallurgy,PLANT_04,Tokyo Precision Facility,W01,573,17.32,0.45,10190.03,16.96,W01,W01,6,COMPLIANT
MAT_008,Marine Grade 5083-H116 Plate,SUP_003,Nippon Advanced Metallurgy,PLANT_05,Chennai Industrial Complex,W01,732,17.32,3.6,15316.79,16.96,W01,W01,8,COMPLIANT
MAT_008,Marine Grade 5083-H116 Plate,SUP_005,MexSteel & Polymer Fabrica,PLANT_01,Detroit Advanced Assembly Hub,W01,219,17.33,1.7,4165.29,16.96,W01,W01,6,SUB_MOQ_VIOLATION
MAT_008,Marine Grade 5083-H116 Plate,SUP_005,MexSteel & Polymer Fabrica,PLANT_02,Munich Engineering Works,W01,442,17.33,4.9,9824.33,16.96,W01,W01,8,SUB_MOQ_VIOLATION
MAT_008,Marine Grade 5083-H116 Plate,SUP_005,MexSteel & Polymer Fabrica,PLANT_03,Monterrey Global Production Hub,W01,465,17.33,0.45,8269.83,16.96,W01,W01,6,SUB_MOQ_VIOLATION
MAT_009,Die-Cast Aluminum A380 Ingot,SUP_001,Apex Precision Metals GmbH,PLANT_01,Detroit Advanced Assembly Hub,W01,768,27.55,3.4,23768.67,28.35,W01,W01,4,SUB_MOQ_VIOLATION
MAT_009,Die-Cast Aluminum A380 Ingot,SUP_001,Apex Precision Metals GmbH,PLANT_02,Munich Engineering Works,W01,1069,27.55,0.45,29926.68,28.35,W01,W01,3,COMPLIANT
MAT_009,Die-Cast Aluminum A380 Ingot,SUP_001,Apex Precision Metals GmbH,PLANT_03,Monterrey Global Production Hub,W01,641,27.55,4.8,20745.41,28.35,W01,W01,5,SUB_MOQ_VIOLATION
MAT_009,Die-Cast Aluminum A380 Ingot,SUP_001,Apex Precision Metals GmbH,PLANT_04,Tokyo Precision Facility,W01,262,27.55,7.6,9226.88,28.35,W01,W01,6,SUB_MOQ_VIOLATION
MAT_009,Die-Cast Aluminum A380 Ingot,SUP_001,Apex Precision Metals GmbH,PLANT_05,Chennai Industrial Complex,W01,641,27.55,5.1,20931.92,28.35,W01,W01,5,SUB_MOQ_VIOLATION
MAT_009,Die-Cast Aluminum A380 Ingot,SUP_003,Nippon Advanced Metallurgy,PLANT_02,Munich Engineering Works,W01,480,27.71,6.5,16427.3,28.35,W01,W01,9,SUB_MOQ_VIOLATION
MAT_009,Die-Cast Aluminum A380 Ingot,SUP_003,Nippon Advanced Metallurgy,PLANT_04,Tokyo Precision Facility,W01,612,27.71,0.45,17248.0,28.35,W01,W01,6,COMPLIANT
MAT_009,Die-Cast Aluminum A380 Ingot,SUP_003,Nippon Advanced Metallurgy,PLANT_05,Chennai Industrial Complex,W01,1496,27.71,3.6,46836.63,28.35,W01,W01,8,COMPLIANT
MAT_009,Die-Cast Aluminum A380 Ingot,SUP_005,MexSteel & Polymer Fabrica,PLANT_01,Detroit Advanced Assembly Hub,W01,345,29.65,1.7,10816.69,28.35,W01,W01,7,SUB_MOQ_VIOLATION
MAT_009,Die-Cast Aluminum A380 Ingot,SUP_005,MexSteel & Polymer Fabrica,PLANT_03,Monterrey Global Production Hub,W01,1363,29.65,0.45,41017.87,28.35,W01,W01,7,COMPLIANT
MAT_010,Alloy 2024-T3 Precision Sheet,SUP_001,Apex Precision Metals GmbH,PLANT_01,Detroit Advanced Assembly Hub,W01,1237,14.39,3.4,21999.83,15.01,W01,W01,5,COMPLIANT
MAT_010,Alloy 2024-T3 Precision Sheet,SUP_001,Apex Precision Metals GmbH,PLANT_02,Munich Engineering Works,W01,1208,14.39,0.45,17922.71,15.01,W01,W01,4,COMPLIANT
MAT_010,Alloy 2024-T3 Precision Sheet,SUP_001,Apex Precision Metals GmbH,PLANT_04,Tokyo Precision Facility,W01,260,14.39,7.6,5708.6,15.01,W01,W01,7,SUB_MOQ_VIOLATION
MAT_010,Alloy 2024-T3 Precision Sheet,SUP_001,Apex Precision Metals GmbH,PLANT_05,Chennai Industrial Complex,W01,920,14.39,5.1,17940.16,15.01,W01,W01,6,COMPLIANT
MAT_010,Alloy 2024-T3 Precision Sheet,SUP_003,Nippon Advanced Metallurgy,PLANT_04,Tokyo Precision Facility,W01,330,15.26,0.45,5190.58,15.01,W01,W01,4,SUB_MOQ_VIOLATION
MAT_010,Alloy 2024-T3 Precision Sheet,SUP_003,Nippon Advanced Metallurgy,PLANT_05,Chennai Industrial Complex,W01,1172,15.26,3.6,22094.87,15.01,W01,W01,6,COMPLIANT
MAT_010,Alloy 2024-T3 Precision Sheet,SUP_005,MexSteel & Polymer Fabrica,PLANT_01,Detroit Advanced Assembly Hub,W01,859,15.42,1.7,14712.24,15.01,W01,W01,5,COMPLIANT
MAT_010,Alloy 2024-T3 Precision Sheet,SUP_005,MexSteel & Polymer Fabrica,PLANT_02,Munich Engineering Works,W01,787,15.42,4.9,15983.71,15.01,W01,W01,7,COMPLIANT
MAT_010,Alloy 2024-T3 Precision Sheet,SUP_005,MexSteel & Polymer Fabrica,PLANT_03,Monterrey Global Production Hub,W01,762,15.42,0.45,12087.7,15.01,W01,W01,5,COMPLIANT
MAT_010,Alloy 2024-T3 Precision Sheet,SUP_012,Monterrey Die & Mold S.A.,PLANT_02,Munich Engineering Works,W01,53,15.89,4.9,1095.01,15.01,W01,W01,8,SUB_MOQ_VIOLATION
MAT_010,Alloy 2024-T3 Precision Sheet,SUP_012,Monterrey Die & Mold S.A.,PLANT_03,Monterrey Global Production Hub,W01,447,15.89,0.45,7309.37,15.01,W01,W01,6,SUB_MOQ_VIOLATION
MAT_011,Engineered Polyamide PA66-GF30 Resin,SUP_002,Vanguard Industrial Dynamics,PLANT_01,Detroit Advanced Assembly Hub,W01,1225,10.91,0.5,13982.84,11.68,W01,W01,5,COMPLIANT
MAT_011,Engineered Polyamide PA66-GF30 Resin,SUP_002,Vanguard Industrial Dynamics,PLANT_02,Munich Engineering Works,W01,587,10.91,3.5,8456.08,11.68,W01,W01,7,SUB_MOQ_VIOLATION
MAT_011,Engineered Polyamide PA66-GF30 Resin,SUP_002,Vanguard Industrial Dynamics,PLANT_03,Monterrey Global Production Hub,W01,900,10.91,1.6,11263.5,11.68,W01,W01,5,SUB_MOQ_VIOLATION
MAT_011,Engineered Polyamide PA66-GF30 Resin,SUP_002,Vanguard Industrial Dynamics,PLANT_05,Chennai Industrial Complex,W01,399,10.91,6.4,6908.12,11.68,W01,W01,8,SUB_MOQ_VIOLATION
MAT_011,Engineered Polyamide PA66-GF30 Resin,SUP_004,Hansol High-Tech Components,PLANT_02,Munich Engineering Works,W01,375,11.47,6.55,6760.74,11.68,W01,W01,9,SUB_MOQ_VIOLATION
MAT_011,Engineered Polyamide PA66-GF30 Resin,SUP_004,Hansol High-Tech Components,PLANT_04,Tokyo Precision Facility,W01,1390,11.47,0.85,17125.79,11.68,W01,W01,6,COMPLIANT
MAT_011,Engineered Polyamide PA66-GF30 Resin,SUP_004,Hansol High-Tech Components,PLANT_05,Chennai Industrial Complex,W01,1498,11.47,3.55,22493.95,11.68,W01,W01,8,COMPLIANT
MAT_011,Engineered Polyamide PA66-GF30 Resin,SUP_005,MexSteel & Polymer Fabrica,PLANT_01,Detroit Advanced Assembly Hub,W01,784,12.28,1.7,10953.47,11.68,W01,W01,6,SUB_MOQ_VIOLATION
MAT_011,Engineered Polyamide PA66-GF30 Resin,SUP_005,MexSteel & Polymer Fabrica,PLANT_03,Monterrey Global Production Hub,W01,576,12.28,0.45,7327.9,11.68,W01,W01,6,SUB_MOQ_VIOLATION
MAT_011,Engineered Polyamide PA66-GF30 Resin,SUP_006,Saigon Composite Solutions,PLANT_04,Tokyo Precision Facility,W01,782,12.47,1.85,11197.09,11.68,W01,W01,7,SUB_MOQ_VIOLATION
MAT_011,Engineered Polyamide PA66-GF30 Resin,SUP_006,Saigon Composite Solutions,PLANT_05,Chennai Industrial Complex,W01,443,12.47,2.1,6459.14,11.68,W01,W01,7,SUB_MOQ_VIOLATION
MAT_012,High-Density Polyethylene HDPE Copolymer,SUP_002,Vanguard Industrial Dynamics,PLANT_01,Detroit Advanced Assembly Hub,W01,771,18.72,0.5,14824.0,19.14,W01,W01,6,COMPLIANT
MAT_012,High-Density Polyethylene HDPE Copolymer,SUP_002,Vanguard Industrial Dynamics,PLANT_02,Munich Engineering Works,W01,330,18.72,3.5,7329.04,19.14,W01,W01,8,SUB_MOQ_VIOLATION
MAT_012,High-Density Polyethylene HDPE Copolymer,SUP_002,Vanguard Industrial Dynamics,PLANT_03,Monterrey Global Production Hub,W01,296,18.72,1.6,6022.85,19.14,W01,W01,6,SUB_MOQ_VIOLATION
MAT_012,High-Density Polyethylene HDPE Copolymer,SUP_002,Vanguard Industrial Dynamics,PLANT_05,Chennai Industrial Complex,W01,93,18.72,6.4,2348.5,19.14,W01,W01,9,SUB_MOQ_VIOLATION
MAT_012,High-Density Polyethylene HDPE Copolymer,SUP_004,Hansol High-Tech Components,PLANT_04,Tokyo Precision Facility,W01,509,18.6,0.85,9893.05,19.14,W01,W01,6,SUB_MOQ_VIOLATION
MAT_012,High-Density Polyethylene HDPE Copolymer,SUP_004,Hansol High-Tech Components,PLANT_05,Chennai Industrial Complex,W01,701,18.6,3.55,15528.92,19.14,W01,W01,8,SUB_MOQ_VIOLATION
MAT_012,High-Density Polyethylene HDPE Copolymer,SUP_005,MexSteel & Polymer Fabrica,PLANT_01,Detroit Advanced Assembly Hub,W01,473,20.39,1.7,10442.38,19.14,W01,W01,7,SUB_MOQ_VIOLATION
MAT_012,High-Density Polyethylene HDPE Copolymer,SUP_005,MexSteel & Polymer Fabrica,PLANT_02,Munich Engineering Works,W01,202,20.39,4.9,5112.63,19.14,W01,W01,9,SUB_MOQ_VIOLATION
MAT_012,High-Density Polyethylene HDPE Copolymer,SUP_005,MexSteel & Polymer Fabrica,PLANT_03,Monterrey Global Production Hub,W01,464,20.39,0.45,9661.42,19.14,W01,W01,7,SUB_MOQ_VIOLATION
MAT_012,High-Density Polyethylene HDPE Copolymer,SUP_005,MexSteel & Polymer Fabrica,PLANT_04,Tokyo Precision Facility,W01,62,20.39,6.45,1651.2,19.14,W01,W01,10,SUB_MOQ_VIOLATION
MAT_012,High-Density Polyethylene HDPE Copolymer,SUP_006,Saigon Composite Solutions,PLANT_04,Tokyo Precision Facility,W01,178,20.75,1.85,4019.18,19.14,W01,W01,4,SUB_MOQ_VIOLATION
MAT_012,High-Density Polyethylene HDPE Copolymer,SUP_006,Saigon Composite Solutions,PLANT_05,Chennai Industrial Complex,W01,236,20.75,2.1,5402.4,19.14,W01,W01,4,SUB_MOQ_VIOLATION
MAT_013,Polycarbonate Optical-Grade Pellets,SUP_002,Vanguard Industrial Dynamics,PLANT_01,Detroit Advanced Assembly Hub,W01,364,6.41,0.5,2512.89,6.69,W01,W01,5,COMPLIANT
MAT_013,Polycarbonate Optical-Grade Pellets,SUP_002,Vanguard Industrial Dynamics,PLANT_02,Munich Engineering Works,W01,594,6.41,3.5,5885.75,6.69,W01,W01,7,COMPLIANT
MAT_013,Polycarbonate Optical-Grade Pellets,SUP_002,Vanguard Industrial Dynamics,PLANT_03,Monterrey Global Production Hub,W01,560,6.41,1.6,4483.2,6.69,W01,W01,5,COMPLIANT
MAT_013,Polycarbonate Optical-Grade Pellets,SUP_002,Vanguard Industrial Dynamics,PLANT_05,Chennai Industrial Complex,W01,397,6.41,6.4,5081.06,6.69,W01,W01,8,COMPLIANT
MAT_013,Polycarbonate Optical-Grade Pellets,SUP_004,Hansol High-Tech Components,PLANT_04,Tokyo Precision Facility,W01,1108,6.62,0.85,8273.1,6.69,W01,W01,5,COMPLIANT
MAT_013,Polycarbonate Optical-Grade Pellets,SUP_004,Hansol High-Tech Components,PLANT_05,Chennai Industrial Complex,W01,1270,6.62,3.55,12912.34,6.69,W01,W01,7,COMPLIANT
MAT_013,Polycarbonate Optical-Grade Pellets,SUP_005,MexSteel & Polymer Fabrica,PLANT_01,Detroit Advanced Assembly Hub,W01,263,6.86,1.7,2254.19,6.69,W01,W01,6,COMPLIANT
MAT_013,Polycarbonate Optical-Grade Pellets,SUP_005,MexSteel & Polymer Fabrica,PLANT_02,Munich Engineering Works,W01,430,6.86,4.9,5057.74,6.69,W01,W01,8,COMPLIANT
MAT_013,Polycarbonate Optical-Grade Pellets,SUP_005,MexSteel & Polymer Fabrica,PLANT_03,Monterrey Global Production Hub,W01,405,6.86,0.45,2962.74,6.69,W01,W01,6,COMPLIANT
MAT_013,Polycarbonate Optical-Grade Pellets,SUP_006,Saigon Composite Solutions,PLANT_04,Tokyo Precision Facility,W01,545,7.43,1.85,5062.15,6.69,W01,W01,5,SUB_MOQ_VIOLATION
MAT_013,Polycarbonate Optical-Grade Pellets,SUP_006,Saigon Composite Solutions,PLANT_05,Chennai Industrial Complex,W01,229,7.43,2.1,2179.53,6.69,W01,W01,5,SUB_MOQ_VIOLATION
MAT_014,Polyether Ether Ketone PEEK Polymer,SUP_002,Vanguard Industrial Dynamics,PLANT_01,Detroit Advanced Assembly Hub,W01,392,10.82,0.5,4439.14,11.17,W01,W01,4,COMPLIANT
MAT_014,Polyether Ether Ketone PEEK Polymer,SUP_002,Vanguard Industrial Dynamics,PLANT_02,Munich Engineering Works,W01,918,10.82,3.5,13152.92,11.17,W01,W01,6,COMPLIANT
MAT_014,Polyether Ether Ketone PEEK Polymer,SUP_002,Vanguard Industrial Dynamics,PLANT_03,Monterrey Global Production Hub,W01,1340,10.82,1.6,16640.32,11.17,W01,W01,4,COMPLIANT
MAT_014,Polyether Ether Ketone PEEK Polymer,SUP_002,Vanguard Industrial Dynamics,PLANT_05,Chennai Industrial Complex,W01,376,10.82,6.4,6472.82,11.17,W01,W01,7,COMPLIANT
MAT_014,Polyether Ether Ketone PEEK Polymer,SUP_004,Hansol High-Tech Components,PLANT_04,Tokyo Precision Facility,W01,886,10.94,0.85,10443.35,11.17,W01,W01,6,COMPLIANT
MAT_014,Polyether Ether Ketone PEEK Polymer,SUP_004,Hansol High-Tech Components,PLANT_05,Chennai Industrial Complex,W01,1130,10.94,3.55,16367.76,11.17,W01,W01,8,COMPLIANT
MAT_014,Polyether Ether Ketone PEEK Polymer,SUP_005,MexSteel & Polymer Fabrica,PLANT_01,Detroit Advanced Assembly Hub,W01,321,11.43,1.7,4212.76,11.17,W01,W01,5,SUB_MOQ_VIOLATION
MAT_014,Polyether Ether Ketone PEEK Polymer,SUP_005,MexSteel & Polymer Fabrica,PLANT_02,Munich Engineering Works,W01,752,11.43,4.9,12271.99,11.17,W01,W01,7,COMPLIANT
MAT_014,Polyether Ether Ketone PEEK Polymer,SUP_005,MexSteel & Polymer Fabrica,PLANT_03,Monterrey Global Production Hub,W01,1096,11.43,0.45,13022.86,11.17,W01,W01,5,COMPLIANT
MAT_014,Polyether Ether Ketone PEEK Polymer,SUP_006,Saigon Composite Solutions,PLANT_04,Tokyo Precision Facility,W01,520,12.23,1.85,7324.7,11.17,W01,W01,5,COMPLIANT
MAT_014,Polyether Ether Ketone PEEK Polymer,SUP_006,Saigon Composite Solutions,PLANT_05,Chennai Industrial Complex,W01,288,12.23,2.1,4120.17,11.17,W01,W01,5,COMPLIANT
MAT_015,Thermoplastic Polyurethane TPU Elastomer,SUP_002,Vanguard Industrial Dynamics,PLANT_01,Detroit Advanced Assembly Hub,W01,1092,21.33,0.5,23844.25,22.9,W01,W01,7,COMPLIANT
MAT_015,Thermoplastic Polyurethane TPU Elastomer,SUP_002,Vanguard Industrial Dynamics,PLANT_02,Munich Engineering Works,W01,633,21.33,3.5,15727.82,22.9,W01,W01,9,SUB_MOQ_VIOLATION
MAT_015,Thermoplastic Polyurethane TPU Elastomer,SUP_002,Vanguard Industrial Dynamics,PLANT_03,Monterrey Global Production Hub,W01,861,21.33,1.6,19745.48,22.9,W01,W01,7,COMPLIANT
MAT_015,Thermoplastic Polyurethane TPU Elastomer,SUP_002,Vanguard Industrial Dynamics,PLANT_04,Tokyo Precision Facility,W01,250,21.33,6.2,6877.27,22.9,W01,W01,10,SUB_MOQ_VIOLATION
MAT_015,Thermoplastic Polyurethane TPU Elastomer,SUP_002,Vanguard Industrial Dynamics,PLANT_05,Chennai Industrial Complex,W01,449,21.33,6.4,12445.22,22.9,W01,W01,10,SUB_MOQ_VIOLATION
MAT_015,Thermoplastic Polyurethane TPU Elastomer,SUP_004,Hansol High-Tech Components,PLANT_04,Tokyo Precision Facility,W01,507,22.76,0.85,11974.76,22.9,W01,W01,3,COMPLIANT
MAT_015,Thermoplastic Polyurethane TPU Elastomer,SUP_004,Hansol High-Tech Components,PLANT_05,Chennai Industrial Complex,W01,911,22.76,3.55,23973.67,22.9,W01,W01,5,COMPLIANT
MAT_015,Thermoplastic Polyurethane TPU Elastomer,SUP_005,MexSteel & Polymer Fabrica,PLANT_01,Detroit Advanced Assembly Hub,W01,491,23.46,1.7,12346.77,22.9,W01,W01,7,SUB_MOQ_VIOLATION
MAT_015,Thermoplastic Polyurethane TPU Elastomer,SUP_005,MexSteel & Polymer Fabrica,PLANT_02,Munich Engineering Works,W01,285,23.46,4.9,8070.69,22.9,W01,W01,9,SUB_MOQ_VIOLATION
MAT_015,Thermoplastic Polyurethane TPU Elastomer,SUP_005,MexSteel & Polymer Fabrica,PLANT_03,Monterrey Global Production Hub,W01,387,23.46,0.45,9250.3,22.9,W01,W01,7,SUB_MOQ_VIOLATION
MAT_016,Quad-Core Embedded Controller SoC,SUP_003,Nippon Advanced Metallurgy,PLANT_01,Detroit Advanced Assembly Hub,W01,1613,212.57,5.1,351180.07,227.56,W01,W01,5,COMPLIANT
MAT_016,Quad-Core Embedded Controller SoC,SUP_003,Nippon Advanced Metallurgy,PLANT_02,Munich Engineering Works,W01,1296,212.57,6.5,284013.3,227.56,W01,W01,6,COMPLIANT
MAT_016,Quad-Core Embedded Controller SoC,SUP_003,Nippon Advanced Metallurgy,PLANT_03,Monterrey Global Production Hub,W01,1519,212.57,5.3,330920.56,227.56,W01,W01,6,COMPLIANT
MAT_016,Quad-Core Embedded Controller SoC,SUP_003,Nippon Advanced Metallurgy,PLANT_04,Tokyo Precision Facility,W01,655,212.57,0.45,139583.49,227.56,W01,W01,3,SUB_MOQ_VIOLATION
MAT_016,Quad-Core Embedded Controller SoC,SUP_003,Nippon Advanced Metallurgy,PLANT_05,Chennai Industrial Complex,W01,702,212.57,3.6,151785.93,227.56,W01,W01,5,SUB_MOQ_VIOLATION
MAT_016,Quad-Core Embedded Controller SoC,SUP_004,Hansol High-Tech Components,PLANT_01,Detroit Advanced Assembly Hub,W01,795,222.17,5.15,180637.56,227.56,W01,W01,9,COMPLIANT
MAT_016,Quad-Core Embedded Controller SoC,SUP_004,Hansol High-Tech Components,PLANT_02,Munich Engineering Works,W01,639,222.17,6.55,146049.16,227.56,W01,W01,9,SUB_MOQ_VIOLATION
MAT_016,Quad-Core Embedded Controller SoC,SUP_004,Hansol High-Tech Components,PLANT_03,Monterrey Global Production Hub,W01,748,222.17,5.35,170209.99,227.56,W01,W01,9,SUB_MOQ_VIOLATION
MAT_016,Quad-Core Embedded Controller SoC,SUP_004,Hansol High-Tech Components,PLANT_04,Tokyo Precision Facility,W01,323,222.17,0.85,71977.47,227.56,W01,W01,6,SUB_MOQ_VIOLATION
MAT_016,Quad-Core Embedded Controller SoC,SUP_004,Hansol High-Tech Components,PLANT_05,Chennai Industrial Complex,W01,346,222.17,3.55,78063.0,227.56,W01,W01,8,SUB_MOQ_VIOLATION
MAT_017,Industrial Power Management Module,SUP_003,Nippon Advanced Metallurgy,PLANT_01,Detroit Advanced Assembly Hub,W01,639,113.98,5.1,76034.96,118.85,W01,W01,9,SUB_MOQ_VIOLATION
MAT_017,Industrial Power Management Module,SUP_003,Nippon Advanced Metallurgy,PLANT_02,Munich Engineering Works,W01,817,113.98,6.5,98393.61,118.85,W01,W01,10,SUB_MOQ_VIOLATION
MAT_017,Industrial Power Management Module,SUP_003,Nippon Advanced Metallurgy,PLANT_03,Monterrey Global Production Hub,W01,1200,113.98,5.3,143159.86,118.85,W01,W01,10,COMPLIANT
MAT_017,Industrial Power Management Module,SUP_003,Nippon Advanced Metallurgy,PLANT_04,Tokyo Precision Facility,W01,704,113.98,0.45,80613.65,118.85,W01,W01,7,SUB_MOQ_VIOLATION
MAT_017,Industrial Power Management Module,SUP_003,Nippon Advanced Metallurgy,PLANT_05,Chennai Industrial Complex,W01,1539,113.98,3.6,180936.81,118.85,W01,W01,9,COMPLIANT
MAT_017,Industrial Power Management Module,SUP_004,Hansol High-Tech Components,PLANT_01,Detroit Advanced Assembly Hub,W01,300,121.21,5.15,37968.65,118.85,W01,W01,8,COMPLIANT
MAT_017,Industrial Power Management Module,SUP_004,Hansol High-Tech Components,PLANT_02,Munich Engineering Works,W01,384,121.21,6.55,49100.72,118.85,W01,W01,8,COMPLIANT
MAT_017,Industrial Power Management Module,SUP_004,Hansol High-Tech Components,PLANT_03,Monterrey Global Production Hub,W01,565,121.21,5.35,71481.09,118.85,W01,W01,8,COMPLIANT
MAT_017,Industrial Power Management Module,SUP_004,Hansol High-Tech Components,PLANT_04,Tokyo Precision Facility,W01,332,121.21,0.85,40465.33,118.85,W01,W01,5,COMPLIANT
MAT_017,Industrial Power Management Module,SUP_004,Hansol High-Tech Components,PLANT_05,Chennai Industrial Complex,W01,724,121.21,3.55,90346.2,118.85,W01,W01,7,COMPLIANT
MAT_018,Multi-Layer High-Frequency PCB Array,SUP_003,Nippon Advanced Metallurgy,PLANT_01,Detroit Advanced Assembly Hub,W01,584,230.16,5.1,137415.37,242.4,W01,W01,6,SUB_MOQ_VIOLATION
MAT_018,Multi-Layer High-Frequency PCB Array,SUP_003,Nippon Advanced Metallurgy,PLANT_02,Munich Engineering Works,W01,1092,230.16,6.5,258454.02,242.4,W01,W01,7,COMPLIANT
MAT_018,Multi-Layer High-Frequency PCB Array,SUP_003,Nippon Advanced Metallurgy,PLANT_03,Monterrey Global Production Hub,W01,453,230.16,5.3,106691.64,242.4,W01,W01,7,SUB_MOQ_VIOLATION
MAT_018,Multi-Layer High-Frequency PCB Array,SUP_003,Nippon Advanced Metallurgy,PLANT_04,Tokyo Precision Facility,W01,730,230.16,0.45,168442.16,242.4,W01,W01,4,SUB_MOQ_VIOLATION
MAT_018,Multi-Layer High-Frequency PCB Array,SUP_003,Nippon Advanced Metallurgy,PLANT_05,Chennai Industrial Complex,W01,988,230.16,3.6,230875.4,242.4,W01,W01,6,SUB_MOQ_VIOLATION
MAT_018,Multi-Layer High-Frequency PCB Array,SUP_004,Hansol High-Tech Components,PLANT_01,Detroit Advanced Assembly Hub,W01,406,239.2,5.15,99181.66,242.4,W01,W01,8,SUB_MOQ_VIOLATION
MAT_018,Multi-Layer High-Frequency PCB Array,SUP_004,Hansol High-Tech Components,PLANT_02,Munich Engineering Works,W01,759,239.2,6.55,186502.13,242.4,W01,W01,8,SUB_MOQ_VIOLATION
MAT_018,Multi-Layer High-Frequency PCB Array,SUP_004,Hansol High-Tech Components,PLANT_03,Monterrey Global Production Hub,W01,315,239.2,5.35,77003.9,242.4,W01,W01,8,SUB_MOQ_VIOLATION
MAT_018,Multi-Layer High-Frequency PCB Array,SUP_004,Hansol High-Tech Components,PLANT_04,Tokyo Precision Facility,W01,508,239.2,0.85,121844.58,242.4,W01,W01,5,SUB_MOQ_VIOLATION
MAT_018,Multi-Layer High-Frequency PCB Array,SUP_004,Hansol High-Tech Components,PLANT_05,Chennai Industrial Complex,W01,686,239.2,3.55,166609.04,242.4,W01,W01,7,SUB_MOQ_VIOLATION
MAT_019,Precision MEMS IMU Sensor Package,SUP_003,Nippon Advanced Metallurgy,PLANT_01,Detroit Advanced Assembly Hub,W01,1160,307.13,5.1,362111.86,316.16,W01,W01,8,COMPLIANT
MAT_019,Precision MEMS IMU Sensor Package,SUP_003,Nippon Advanced Metallurgy,PLANT_02,Munich Engineering Works,W01,1177,307.13,6.5,369004.51,316.16,W01,W01,9,COMPLIANT
MAT_019,Precision MEMS IMU Sensor Package,SUP_003,Nippon Advanced Metallurgy,PLANT_03,Monterrey Global Production Hub,W01,1053,307.13,5.3,329101.26,316.16,W01,W01,9,COMPLIANT
MAT_019,Precision MEMS IMU Sensor Package,SUP_003,Nippon Advanced Metallurgy,PLANT_04,Tokyo Precision Facility,W01,936,307.13,0.45,287993.31,316.16,W01,W01,6,SUB_MOQ_VIOLATION
MAT_019,Precision MEMS IMU Sensor Package,SUP_003,Nippon Advanced Metallurgy,PLANT_05,Chennai Industrial Complex,W01,534,307.13,3.6,165830.39,316.16,W01,W01,8,SUB_MOQ_VIOLATION
MAT_019,Precision MEMS IMU Sensor Package,SUP_004,Hansol High-Tech Components,PLANT_01,Detroit Advanced Assembly Hub,W01,911,310.88,5.15,287979.18,316.16,W01,W01,8,COMPLIANT
MAT_019,Precision MEMS IMU Sensor Package,SUP_004,Hansol High-Tech Components,PLANT_02,Munich Engineering Works,W01,924,310.88,6.55,293444.99,316.16,W01,W01,8,COMPLIANT
MAT_019,Precision MEMS IMU Sensor Package,SUP_004,Hansol High-Tech Components,PLANT_03,Monterrey Global Production Hub,W01,828,310.88,5.35,261724.6,316.16,W01,W01,8,COMPLIANT
MAT_019,Precision MEMS IMU Sensor Package,SUP_004,Hansol High-Tech Components,PLANT_04,Tokyo Precision Facility,W01,736,310.88,0.85,229333.53,316.16,W01,W01,5,COMPLIANT
MAT_019,Precision MEMS IMU Sensor Package,SUP_004,Hansol High-Tech Components,PLANT_05,Chennai Industrial Complex,W01,419,310.88,3.55,131846.79,316.16,W01,W01,7,SUB_MOQ_VIOLATION
MAT_020,Fiber-Optic Gigabit Transceiver Subassembly,SUP_003,Nippon Advanced Metallurgy,PLANT_01,Detroit Advanced Assembly Hub,W01,1257,44.87,5.1,62834.28,47.18,W01,W01,7,COMPLIANT
MAT_020,Fiber-Optic Gigabit Transceiver Subassembly,SUP_003,Nippon Advanced Metallurgy,PLANT_02,Munich Engineering Works,W01,604,44.87,6.5,31016.18,47.18,W01,W01,8,SUB_MOQ_VIOLATION
MAT_020,Fiber-Optic Gigabit Transceiver Subassembly,SUP_003,Nippon Advanced Metallurgy,PLANT_03,Monterrey Global Production Hub,W01,928,44.87,5.3,46557.76,47.18,W01,W01,8,SUB_MOQ_VIOLATION
MAT_020,Fiber-Optic Gigabit Transceiver Subassembly,SUP_003,Nippon Advanced Metallurgy,PLANT_04,Tokyo Precision Facility,W01,982,44.87,0.45,44501.52,47.18,W01,W01,5,SUB_MOQ_VIOLATION
MAT_020,Fiber-Optic Gigabit Transceiver Subassembly,SUP_003,Nippon Advanced Metallurgy,PLANT_05,Chennai Industrial Complex,W01,1243,44.87,3.6,60245.3,47.18,W01,W01,7,COMPLIANT
MAT_020,Fiber-Optic Gigabit Transceiver Subassembly,SUP_004,Hansol High-Tech Components,PLANT_01,Detroit Advanced Assembly Hub,W01,911,47.81,5.15,48223.26,47.18,W01,W01,6,COMPLIANT
MAT_020,Fiber-Optic Gigabit Transceiver Subassembly,SUP_004,Hansol High-Tech Components,PLANT_02,Munich Engineering Works,W01,437,47.81,6.55,23767.28,47.18,W01,W01,6,SUB_MOQ_VIOLATION
MAT_020,Fiber-Optic Gigabit Transceiver Subassembly,SUP_004,Hansol High-Tech Components,PLANT_03,Monterrey Global Production Hub,W01,672,47.81,5.35,35723.52,47.18,W01,W01,6,SUB_MOQ_VIOLATION
MAT_020,Fiber-Optic Gigabit Transceiver Subassembly,SUP_004,Hansol High-Tech Components,PLANT_04,Tokyo Precision Facility,W01,711,47.81,0.85,34600.18,47.18,W01,W01,3,SUB_MOQ_VIOLATION
MAT_020,Fiber-Optic Gigabit Transceiver Subassembly,SUP_004,Hansol High-Tech Components,PLANT_05,Chennai Industrial Complex,W01,900,47.81,3.55,46227.08,47.18,W01,W01,5,COMPLIANT
MAT_021,Angular Contact Spindle Bearing 7008,SUP_003,Nippon Advanced Metallurgy,PLANT_01,Detroit Advanced Assembly Hub,W01,768,116.17,5.1,93179.02,120.34,W01,W01,9,SUB_MOQ_VIOLATION
MAT_021,Angular Contact Spindle Bearing 7008,SUP_003,Nippon Advanced Metallurgy,PLANT_02,Munich Engineering Works,W01,1005,116.17,6.5,123342.23,120.34,W01,W01,10,SUB_MOQ_VIOLATION
MAT_021,Angular Contact Spindle Bearing 7008,SUP_003,Nippon Advanced Metallurgy,PLANT_03,Monterrey Global Production Hub,W01,422,116.17,5.3,51236.05,120.34,W01,W01,10,SUB_MOQ_VIOLATION
MAT_021,Angular Contact Spindle Bearing 7008,SUP_003,Nippon Advanced Metallurgy,PLANT_04,Tokyo Precision Facility,W01,1118,116.17,0.45,130420.81,120.34,W01,W01,7,SUB_MOQ_VIOLATION
MAT_021,Angular Contact Spindle Bearing 7008,SUP_003,Nippon Advanced Metallurgy,PLANT_05,Chennai Industrial Complex,W01,465,116.17,3.6,55707.42,120.34,W01,W01,9,SUB_MOQ_VIOLATION
MAT_021,Angular Contact Spindle Bearing 7008,SUP_011,Shinshu Bearing & Motion Systems,PLANT_01,Detroit Advanced Assembly Hub,W01,580,118.13,5.1,71429.04,120.34,W01,W01,7,COMPLIANT
MAT_021,Angular Contact Spindle Bearing 7008,SUP_011,Shinshu Bearing & Motion Systems,PLANT_02,Munich Engineering Works,W01,759,118.13,6.5,94534.35,120.34,W01,W01,8,COMPLIANT
MAT_021,Angular Contact Spindle Bearing 7008,SUP_011,Shinshu Bearing & Motion Systems,PLANT_03,Monterrey Global Production Hub,W01,318,118.13,5.3,39275.43,120.34,W01,W01,8,SUB_MOQ_VIOLATION
MAT_021,Angular Contact Spindle Bearing 7008,SUP_011,Shinshu Bearing & Motion Systems,PLANT_04,Tokyo Precision Facility,W01,844,118.13,0.45,100041.2,120.34,W01,W01,5,COMPLIANT
MAT_021,Angular Contact Spindle Bearing 7008,SUP_011,Shinshu Bearing & Motion Systems,PLANT_05,Chennai Industrial Complex,W01,351,118.13,3.6,42712.62,120.34,W01,W01,7,SUB_MOQ_VIOLATION
MAT_022,Double-Row Tapered Roller Bearing,SUP_003,Nippon Advanced Metallurgy,PLANT_01,Detroit Advanced Assembly Hub,W01,754,103.66,5.1,82010.48,106.66,W01,W01,8,COMPLIANT
MAT_022,Double-Row Tapered Roller Bearing,SUP_003,Nippon Advanced Metallurgy,PLANT_02,Munich Engineering Works,W01,1073,103.66,6.5,118207.19,106.66,W01,W01,9,COMPLIANT
MAT_022,Double-Row Tapered Roller Bearing,SUP_003,Nippon Advanced Metallurgy,PLANT_03,Monterrey Global Production Hub,W01,1488,103.66,5.3,162105.24,106.66,W01,W01,9,COMPLIANT
MAT_022,Double-Row Tapered Roller Bearing,SUP_003,Nippon Advanced Metallurgy,PLANT_04,Tokyo Precision Facility,W01,504,103.66,0.45,52507.88,106.66,W01,W01,6,COMPLIANT
MAT_022,Double-Row Tapered Roller Bearing,SUP_003,Nippon Advanced Metallurgy,PLANT_05,Chennai Industrial Complex,W01,1189,103.66,3.6,127542.87,106.66,W01,W01,8,COMPLIANT
MAT_022,Double-Row Tapered Roller Bearing,SUP_011,Shinshu Bearing & Motion Systems,PLANT_01,Detroit Advanced Assembly Hub,W01,617,105.28,5.1,68098.94,106.66,W01,W01,8,SUB_MOQ_VIOLATION
MAT_022,Double-Row Tapered Roller Bearing,SUP_011,Shinshu Bearing & Motion Systems,PLANT_02,Munich Engineering Works,W01,878,105.28,6.5,98137.25,106.66,W01,W01,9,SUB_MOQ_VIOLATION
MAT_022,Double-Row Tapered Roller Bearing,SUP_011,Shinshu Bearing & Motion Systems,PLANT_03,Monterrey Global Production Hub,W01,1217,105.28,5.3,134603.51,106.66,W01,W01,9,COMPLIANT
MAT_022,Double-Row Tapered Roller Bearing,SUP_011,Shinshu Bearing & Motion Systems,PLANT_04,Tokyo Precision Facility,W01,413,105.28,0.45,43629.48,106.66,W01,W01,6,SUB_MOQ_VIOLATION
MAT_022,Double-Row Tapered Roller Bearing,SUP_011,Shinshu Bearing & Motion Systems,PLANT_05,Chennai Industrial Complex,W01,973,105.28,3.6,105929.35,106.66,W01,W01,8,SUB_MOQ_VIOLATION
MAT_023,Deep-Groove Ceramic Hybrid Bearing,SUP_003,Nippon Advanced Metallurgy,PLANT_01,Detroit Advanced Assembly Hub,W01,1404,57.2,5.1,87446.77,61.21,W01,W01,6,COMPLIANT
MAT_023,Deep-Groove Ceramic Hybrid Bearing,SUP_003,Nippon Advanced Metallurgy,PLANT_02,Munich Engineering Works,W01,1243,57.2,6.5,79178.46,61.21,W01,W01,7,COMPLIANT
MAT_023,Deep-Groove Ceramic Hybrid Bearing,SUP_003,Nippon Advanced Metallurgy,PLANT_03,Monterrey Global Production Hub,W01,981,57.2,5.3,61306.88,61.21,W01,W01,7,COMPLIANT
MAT_023,Deep-Groove Ceramic Hybrid Bearing,SUP_003,Nippon Advanced Metallurgy,PLANT_04,Tokyo Precision Facility,W01,1277,57.2,0.45,73619.63,61.21,W01,W01,4,COMPLIANT
MAT_023,Deep-Groove Ceramic Hybrid Bearing,SUP_003,Nippon Advanced Metallurgy,PLANT_05,Chennai Industrial Complex,W01,1087,57.2,3.6,66074.4,61.21,W01,W01,6,COMPLIANT
MAT_023,Deep-Groove Ceramic Hybrid Bearing,SUP_011,Shinshu Bearing & Motion Systems,PLANT_01,Detroit Advanced Assembly Hub,W01,824,60.49,5.1,54069.77,61.21,W01,W01,5,COMPLIANT
MAT_023,Deep-Groove Ceramic Hybrid Bearing,SUP_011,Shinshu Bearing & Motion Systems,PLANT_02,Munich Engineering Works,W01,730,60.49,6.5,48903.37,61.21,W01,W01,6,COMPLIANT
MAT_023,Deep-Groove Ceramic Hybrid Bearing,SUP_011,Shinshu Bearing & Motion Systems,PLANT_03,Monterrey Global Production Hub,W01,576,60.49,5.3,37900.96,61.21,W01,W01,6,COMPLIANT
MAT_023,Deep-Groove Ceramic Hybrid Bearing,SUP_011,Shinshu Bearing & Motion Systems,PLANT_04,Tokyo Precision Facility,W01,750,60.49,0.45,45704.39,61.21,W01,W01,3,COMPLIANT
MAT_023,Deep-Groove Ceramic Hybrid Bearing,SUP_011,Shinshu Bearing & Motion Systems,PLANT_05,Chennai Industrial Complex,W01,638,60.49,3.6,40905.44,61.21,W01,W01,5,COMPLIANT
MAT_024,Sealed Spherical Roller Bearing 22210,SUP_003,Nippon Advanced Metallurgy,PLANT_01,Detroit Advanced Assembly Hub,W01,1097,37.17,5.1,46387.1,37.75,W01,W01,9,COMPLIANT
MAT_024,Sealed Spherical Roller Bearing 22210,SUP_003,Nippon Advanced Metallurgy,PLANT_02,Munich Engineering Works,W01,476,37.17,6.5,20804.39,37.75,W01,W01,10,SUB_MOQ_VIOLATION
MAT_024,Sealed Spherical Roller Bearing 22210,SUP_003,Nippon Advanced Metallurgy,PLANT_03,Monterrey Global Production Hub,W01,457,37.17,5.3,19391.8,37.75,W01,W01,10,SUB_MOQ_VIOLATION
MAT_024,Sealed Spherical Roller Bearing 22210,SUP_003,Nippon Advanced Metallurgy,PLANT_04,Tokyo Precision Facility,W01,935,37.17,0.45,35189.75,37.75,W01,W01,7,COMPLIANT
MAT_024,Sealed Spherical Roller Bearing 22210,SUP_003,Nippon Advanced Metallurgy,PLANT_05,Chennai Industrial Complex,W01,1154,37.17,3.6,47040.43,37.75,W01,W01,9,COMPLIANT
MAT_024,Sealed Spherical Roller Bearing 22210,SUP_011,Shinshu Bearing & Motion Systems,PLANT_01,Detroit Advanced Assembly Hub,W01,732,38.02,5.1,31546.59,37.75,W01,W01,5,SUB_MOQ_VIOLATION
MAT_024,Sealed Spherical Roller Bearing 22210,SUP_011,Shinshu Bearing & Motion Systems,PLANT_02,Munich Engineering Works,W01,318,38.02,6.5,14139.55,37.75,W01,W01,6,SUB_MOQ_VIOLATION
MAT_024,Sealed Spherical Roller Bearing 22210,SUP_011,Shinshu Bearing & Motion Systems,PLANT_03,Monterrey Global Production Hub,W01,304,38.02,5.3,13186.61,37.75,W01,W01,6,SUB_MOQ_VIOLATION
MAT_024,Sealed Spherical Roller Bearing 22210,SUP_011,Shinshu Bearing & Motion Systems,PLANT_04,Tokyo Precision Facility,W01,624,38.02,0.45,23989.89,37.75,W01,W01,3,SUB_MOQ_VIOLATION
MAT_024,Sealed Spherical Roller Bearing 22210,SUP_011,Shinshu Bearing & Motion Systems,PLANT_05,Chennai Industrial Complex,W01,769,38.02,3.6,32014.1,37.75,W01,W01,5,SUB_MOQ_VIOLATION
MAT_025,High-Speed Miniature Precision Bearing,SUP_003,Nippon Advanced Metallurgy,PLANT_01,Detroit Advanced Assembly Hub,W01,890,131.11,5.1,121270.49,139.57,W01,W01,8,SUB_MOQ_VIOLATION
MAT_025,High-Speed Miniature Precision Bearing,SUP_003,Nippon Advanced Metallurgy,PLANT_02,Munich Engineering Works,W01,1301,131.11,6.5,179082.9,139.57,W01,W01,9,COMPLIANT
MAT_025,High-Speed Miniature Precision Bearing,SUP_003,Nippon Advanced Metallurgy,PLANT_03,Monterrey Global Production Hub,W01,1093,131.11,5.3,149104.31,139.57,W01,W01,9,COMPLIANT
MAT_025,High-Speed Miniature Precision Bearing,SUP_003,Nippon Advanced Metallurgy,PLANT_04,Tokyo Precision Facility,W01,1024,131.11,0.45,134667.45,139.57,W01,W01,6,COMPLIANT
MAT_025,High-Speed Miniature Precision Bearing,SUP_003,Nippon Advanced Metallurgy,PLANT_05,Chennai Industrial Complex,W01,960,131.11,3.6,129372.79,139.57,W01,W01,8,SUB_MOQ_VIOLATION
MAT_025,High-Speed Miniature Precision Bearing,SUP_011,Shinshu Bearing & Motion Systems,PLANT_01,Detroit Advanced Assembly Hub,W01,546,135.66,5.1,76809.92,139.57,W01,W01,7,SUB_MOQ_VIOLATION
MAT_025,High-Speed Miniature Precision Bearing,SUP_011,Shinshu Bearing & Motion Systems,PLANT_02,Munich Engineering Works,W01,798,135.66,6.5,113389.66,139.57,W01,W01,8,COMPLIANT
MAT_025,High-Speed Miniature Precision Bearing,SUP_011,Shinshu Bearing & Motion Systems,PLANT_03,Monterrey Global Production Hub,W01,670,135.66,5.3,94434.74,139.57,W01,W01,8,SUB_MOQ_VIOLATION
MAT_025,High-Speed Miniature Precision Bearing,SUP_011,Shinshu Bearing & Motion Systems,PLANT_04,Tokyo Precision Facility,W01,627,135.66,0.45,85392.69,139.57,W01,W01,5,SUB_MOQ_VIOLATION
MAT_025,High-Speed Miniature Precision Bearing,SUP_011,Shinshu Bearing & Motion Systems,PLANT_05,Chennai Industrial Complex,W01,589,135.66,3.6,81971.22,139.57,W01,W01,7,SUB_MOQ_VIOLATION
MAT_026,Proportional Electro-Hydraulic Valve,SUP_001,Apex Precision Metals GmbH,PLANT_01,Detroit Advanced Assembly Hub,W01,1103,185.93,3.4,208759.04,194.59,W01,W01,5,SUB_MOQ_VIOLATION
MAT_026,Proportional Electro-Hydraulic Valve,SUP_001,Apex Precision Metals GmbH,PLANT_02,Munich Engineering Works,W01,1315,185.93,0.45,245115.79,194.59,W01,W01,4,COMPLIANT
MAT_026,Proportional Electro-Hydraulic Valve,SUP_001,Apex Precision Metals GmbH,PLANT_03,Monterrey Global Production Hub,W01,992,185.93,4.8,189114.52,194.59,W01,W01,6,SUB_MOQ_VIOLATION
MAT_026,Proportional Electro-Hydraulic Valve,SUP_001,Apex Precision Metals GmbH,PLANT_04,Tokyo Precision Facility,W01,968,185.93,7.6,187350.59,194.59,W01,W01,7,SUB_MOQ_VIOLATION
MAT_026,Proportional Electro-Hydraulic Valve,SUP_001,Apex Precision Metals GmbH,PLANT_05,Chennai Industrial Complex,W01,520,185.93,5.1,99385.27,194.59,W01,W01,6,SUB_MOQ_VIOLATION
MAT_026,Proportional Electro-Hydraulic Valve,SUP_009,EuroHydraulics SpA,PLANT_01,Detroit Advanced Assembly Hub,W01,495,198.4,3.4,99967.68,194.59,W01,W01,4,COMPLIANT
MAT_026,Proportional Electro-Hydraulic Valve,SUP_009,EuroHydraulics SpA,PLANT_02,Munich Engineering Works,W01,591,198.4,0.45,117492.51,194.59,W01,W01,3,COMPLIANT
MAT_026,Proportional Electro-Hydraulic Valve,SUP_009,EuroHydraulics SpA,PLANT_03,Monterrey Global Production Hub,W01,445,198.4,4.8,90519.5,194.59,W01,W01,5,COMPLIANT
MAT_026,Proportional Electro-Hydraulic Valve,SUP_009,EuroHydraulics SpA,PLANT_04,Tokyo Precision Facility,W01,435,198.4,7.6,89595.58,194.59,W01,W01,6,COMPLIANT
MAT_026,Proportional Electro-Hydraulic Valve,SUP_009,EuroHydraulics SpA,PLANT_05,Chennai Industrial Complex,W01,234,198.4,5.1,47566.09,194.59,W01,W01,5,SUB_MOQ_VIOLATION
MAT_027,Double-Acting Heavy Cylinder 3000 PSI,SUP_001,Apex Precision Metals GmbH,PLANT_01,Detroit Advanced Assembly Hub,W01,726,95.5,3.4,71803.38,100.71,W01,W01,6,SUB_MOQ_VIOLATION
MAT_027,Double-Acting Heavy Cylinder 3000 PSI,SUP_001,Apex Precision Metals GmbH,PLANT_02,Munich Engineering Works,W01,1269,95.5,0.45,121714.49,100.71,W01,W01,5,COMPLIANT
MAT_027,Double-Acting Heavy Cylinder 3000 PSI,SUP_001,Apex Precision Metals GmbH,PLANT_03,Monterrey Global Production Hub,W01,949,95.5,4.8,95144.58,100.71,W01,W01,7,SUB_MOQ_VIOLATION
MAT_027,Double-Acting Heavy Cylinder 3000 PSI,SUP_001,Apex Precision Metals GmbH,PLANT_04,Tokyo Precision Facility,W01,428,95.5,7.6,44106.18,100.71,W01,W01,8,SUB_MOQ_VIOLATION
MAT_027,Double-Acting Heavy Cylinder 3000 PSI,SUP_001,Apex Precision Metals GmbH,PLANT_05,Chennai Industrial Complex,W01,1147,95.5,5.1,115388.2,100.71,W01,W01,7,COMPLIANT
MAT_027,Double-Acting Heavy Cylinder 3000 PSI,SUP_009,EuroHydraulics SpA,PLANT_01,Detroit Advanced Assembly Hub,W01,445,98.17,3.4,45196.62,100.71,W01,W01,7,COMPLIANT
MAT_027,Double-Acting Heavy Cylinder 3000 PSI,SUP_009,EuroHydraulics SpA,PLANT_02,Munich Engineering Works,W01,777,98.17,0.45,76675.08,100.71,W01,W01,6,COMPLIANT
MAT_027,Double-Acting Heavy Cylinder 3000 PSI,SUP_009,EuroHydraulics SpA,PLANT_03,Monterrey Global Production Hub,W01,581,98.17,4.8,59866.76,100.71,W01,W01,8,COMPLIANT
MAT_027,Double-Acting Heavy Cylinder 3000 PSI,SUP_007,Bharat Precision Engineering,PLANT_04,Tokyo Precision Facility,W01,262,101.87,3.65,27667.34,100.71,W01,W01,9,SUB_MOQ_VIOLATION
MAT_027,Double-Acting Heavy Cylinder 3000 PSI,SUP_007,Bharat Precision Engineering,PLANT_05,Chennai Industrial Complex,W01,703,101.87,0.45,71930.96,100.71,W01,W01,7,COMPLIANT
MAT_028,Variable Displacement Piston Pump Core,SUP_001,Apex Precision Metals GmbH,PLANT_01,Detroit Advanced Assembly Hub,W01,622,99.77,3.4,64210.94,102.24,W01,W01,8,SUB_MOQ_VIOLATION
MAT_028,Variable Displacement Piston Pump Core,SUP_001,Apex Precision Metals GmbH,PLANT_02,Munich Engineering Works,W01,690,99.77,0.45,69121.73,102.24,W01,W01,7,SUB_MOQ_VIOLATION
MAT_028,Variable Displacement Piston Pump Core,SUP_001,Apex Precision Metals GmbH,PLANT_03,Monterrey Global Production Hub,W01,1008,99.77,4.8,105456.75,102.24,W01,W01,9,COMPLIANT
MAT_028,Variable Displacement Piston Pump Core,SUP_001,Apex Precision Metals GmbH,PLANT_04,Tokyo Precision Facility,W01,1181,99.77,7.6,126846.92,102.24,W01,W01,10,COMPLIANT
MAT_028,Variable Displacement Piston Pump Core,SUP_001,Apex Precision Metals GmbH,PLANT_05,Chennai Industrial Complex,W01,444,99.77,5.1,46581.16,102.24,W01,W01,9,SUB_MOQ_VIOLATION
MAT_028,Variable Displacement Piston Pump Core,SUP_009,EuroHydraulics SpA,PLANT_01,Detroit Advanced Assembly Hub,W01,321,102.06,3.4,33812.59,102.24,W01,W01,6,SUB_MOQ_VIOLATION
MAT_028,Variable Displacement Piston Pump Core,SUP_009,EuroHydraulics SpA,PLANT_02,Munich Engineering Works,W01,355,102.06,0.45,36421.8,102.24,W01,W01,5,SUB_MOQ_VIOLATION
MAT_028,Variable Displacement Piston Pump Core,SUP_009,EuroHydraulics SpA,PLANT_03,Monterrey Global Production Hub,W01,520,102.06,4.8,55515.91,102.24,W01,W01,7,SUB_MOQ_VIOLATION
MAT_028,Variable Displacement Piston Pump Core,SUP_009,EuroHydraulics SpA,PLANT_04,Tokyo Precision Facility,W01,609,102.06,7.6,66739.08,102.24,W01,W01,8,SUB_MOQ_VIOLATION
MAT_028,Variable Displacement Piston Pump Core,SUP_009,EuroHydraulics SpA,PLANT_05,Chennai Industrial Complex,W01,229,102.06,5.1,24520.35,102.24,W01,W01,7,SUB_MOQ_VIOLATION
MAT_029,Reinforced High-Pressure Flex Hose Assembly,SUP_001,Apex Precision Metals GmbH,PLANT_01,Detroit Advanced Assembly Hub,W01,415,371.44,3.4,155446.15,391.29,W01,W01,5,COMPLIANT
MAT_029,Reinforced High-Pressure Flex Hose Assembly,SUP_001,Apex Precision Metals GmbH,PLANT_02,Munich Engineering Works,W01,612,371.44,0.45,227466.52,391.29,W01,W01,4,COMPLIANT
MAT_029,Reinforced High-Pressure Flex Hose Assembly,SUP_001,Apex Precision Metals GmbH,PLANT_03,Monterrey Global Production Hub,W01,1182,371.44,4.8,444847.36,391.29,W01,W01,6,COMPLIANT
MAT_029,Reinforced High-Pressure Flex Hose Assembly,SUP_001,Apex Precision Metals GmbH,PLANT_04,Tokyo Precision Facility,W01,578,371.44,7.6,219028.26,391.29,W01,W01,7,COMPLIANT
MAT_029,Reinforced High-Pressure Flex Hose Assembly,SUP_001,Apex Precision Metals GmbH,PLANT_05,Chennai Industrial Complex,W01,1467,371.44,5.1,552403.01,391.29,W01,W01,6,COMPLIANT
MAT_029,Reinforced High-Pressure Flex Hose Assembly,SUP_009,EuroHydraulics SpA,PLANT_01,Detroit Advanced Assembly Hub,W01,223,386.32,3.4,87024.48,391.29,W01,W01,8,SUB_MOQ_VIOLATION
MAT_029,Reinforced High-Pressure Flex Hose Assembly,SUP_009,EuroHydraulics SpA,PLANT_02,Munich Engineering Works,W01,329,386.32,0.45,127382.7,391.29,W01,W01,7,SUB_MOQ_VIOLATION
MAT_029,Reinforced High-Pressure Flex Hose Assembly,SUP_009,EuroHydraulics SpA,PLANT_03,Monterrey Global Production Hub,W01,637,386.32,4.8,249006.55,391.29,W01,W01,9,SUB_MOQ_VIOLATION
MAT_029,Reinforced High-Pressure Flex Hose Assembly,SUP_009,EuroHydraulics SpA,PLANT_04,Tokyo Precision Facility,W01,311,386.32,7.6,122568.21,391.29,W01,W01,10,SUB_MOQ_VIOLATION
MAT_029,Reinforced High-Pressure Flex Hose Assembly,SUP_009,EuroHydraulics SpA,PLANT_05,Chennai Industrial Complex,W01,790,386.32,5.1,309202.23,391.29,W01,W01,9,SUB_MOQ_VIOLATION
MAT_030,Servo-Controlled Hydraulic Actuator,SUP_001,Apex Precision Metals GmbH,PLANT_01,Detroit Advanced Assembly Hub,W01,447,276.63,3.4,125061.4,297.43,W01,W01,7,SUB_MOQ_VIOLATION
MAT_030,Servo-Controlled Hydraulic Actuator,SUP_001,Apex Precision Metals GmbH,PLANT_02,Munich Engineering Works,W01,841,276.63,0.45,233024.28,297.43,W01,W01,6,SUB_MOQ_VIOLATION
MAT_030,Servo-Controlled Hydraulic Actuator,SUP_001,Apex Precision Metals GmbH,PLANT_03,Monterrey Global Production Hub,W01,599,276.63,4.8,168615.97,297.43,W01,W01,8,SUB_MOQ_VIOLATION
MAT_030,Servo-Controlled Hydraulic Actuator,SUP_001,Apex Precision Metals GmbH,PLANT_04,Tokyo Precision Facility,W01,599,276.63,7.6,170128.71,297.43,W01,W01,9,SUB_MOQ_VIOLATION
MAT_030,Servo-Controlled Hydraulic Actuator,SUP_001,Apex Precision Metals GmbH,PLANT_05,Chennai Industrial Complex,W01,1348,276.63,5.1,379912.91,297.43,W01,W01,8,COMPLIANT
MAT_030,Servo-Controlled Hydraulic Actuator,SUP_009,EuroHydraulics SpA,PLANT_01,Detroit Advanced Assembly Hub,W01,323,294.96,3.4,96489.62,297.43,W01,W01,7,SUB_MOQ_VIOLATION
MAT_030,Servo-Controlled Hydraulic Actuator,SUP_009,EuroHydraulics SpA,PLANT_02,Munich Engineering Works,W01,609,294.96,0.45,179904.69,297.43,W01,W01,6,SUB_MOQ_VIOLATION
MAT_030,Servo-Controlled Hydraulic Actuator,SUP_009,EuroHydraulics SpA,PLANT_03,Monterrey Global Production Hub,W01,434,294.96,4.8,130053.87,297.43,W01,W01,8,SUB_MOQ_VIOLATION
MAT_030,Servo-Controlled Hydraulic Actuator,SUP_009,EuroHydraulics SpA,PLANT_04,Tokyo Precision Facility,W01,433,294.96,7.6,131141.61,297.43,W01,W01,9,SUB_MOQ_VIOLATION
MAT_030,Servo-Controlled Hydraulic Actuator,SUP_009,EuroHydraulics SpA,PLANT_05,Chennai Industrial Complex,W01,976,294.96,5.1,293008.59,297.43,W01,W01,8,SUB_MOQ_VIOLATION
MAT_031,Grade 12.9 Structural Flange Hex Bolt,SUP_002,Vanguard Industrial Dynamics,PLANT_01,Detroit Advanced Assembly Hub,W01,961,14.13,0.5,14053.58,15.16,W01,W01,4,SUB_MOQ_VIOLATION
MAT_031,Grade 12.9 Structural Flange Hex Bolt,SUP_002,Vanguard Industrial Dynamics,PLANT_02,Munich Engineering Works,W01,736,14.13,3.5,12979.21,15.16,W01,W01,6,SUB_MOQ_VIOLATION
MAT_031,Grade 12.9 Structural Flange Hex Bolt,SUP_002,Vanguard Industrial Dynamics,PLANT_03,Monterrey Global Production Hub,W01,1154,14.13,1.6,18158.71,15.16,W01,W01,4,SUB_MOQ_VIOLATION
MAT_031,Grade 12.9 Structural Flange Hex Bolt,SUP_002,Vanguard Industrial Dynamics,PLANT_04,Tokyo Precision Facility,W01,423,14.13,6.2,8600.4,15.16,W01,W01,7,SUB_MOQ_VIOLATION
MAT_031,Grade 12.9 Structural Flange Hex Bolt,SUP_002,Vanguard Industrial Dynamics,PLANT_05,Chennai Industrial Complex,W01,487,14.13,6.4,10005.5,15.16,W01,W01,7,SUB_MOQ_VIOLATION
MAT_031,Grade 12.9 Structural Flange Hex Bolt,SUP_007,Bharat Precision Engineering,PLANT_04,Tokyo Precision Facility,W01,899,14.72,3.65,16513.9,15.16,W01,W01,5,SUB_MOQ_VIOLATION
MAT_031,Grade 12.9 Structural Flange Hex Bolt,SUP_007,Bharat Precision Engineering,PLANT_05,Chennai Industrial Complex,W01,1036,14.72,0.45,15710.66,15.16,W01,W01,3,COMPLIANT
MAT_031,Grade 12.9 Structural Flange Hex Bolt,SUP_010,Detroit Fastener Alliance,PLANT_01,Detroit Advanced Assembly Hub,W01,640,15.41,0.5,10188.76,15.16,W01,W01,4,COMPLIANT
MAT_031,Grade 12.9 Structural Flange Hex Bolt,SUP_010,Detroit Fastener Alliance,PLANT_02,Munich Engineering Works,W01,491,15.41,3.5,9281.03,15.16,W01,W01,6,COMPLIANT
MAT_031,Grade 12.9 Structural Flange Hex Bolt,SUP_010,Detroit Fastener Alliance,PLANT_03,Monterrey Global Production Hub,W01,770,15.41,1.6,13090.9,15.16,W01,W01,4,COMPLIANT
MAT_032,Aerospace Grade Titanium Locknut,SUP_002,Vanguard Industrial Dynamics,PLANT_01,Detroit Advanced Assembly Hub,W01,537,13.27,0.5,7393.11,13.82,W01,W01,6,SUB_MOQ_VIOLATION
MAT_032,Aerospace Grade Titanium Locknut,SUP_002,Vanguard Industrial Dynamics,PLANT_02,Munich Engineering Works,W01,818,13.27,3.5,13711.15,13.82,W01,W01,8,COMPLIANT
MAT_032,Aerospace Grade Titanium Locknut,SUP_002,Vanguard Industrial Dynamics,PLANT_03,Monterrey Global Production Hub,W01,505,13.27,1.6,7515.3,13.82,W01,W01,6,SUB_MOQ_VIOLATION
MAT_032,Aerospace Grade Titanium Locknut,SUP_002,Vanguard Industrial Dynamics,PLANT_04,Tokyo Precision Facility,W01,299,13.27,6.2,5824.45,13.82,W01,W01,9,SUB_MOQ_VIOLATION
MAT_032,Aerospace Grade Titanium Locknut,SUP_002,Vanguard Industrial Dynamics,PLANT_05,Chennai Industrial Complex,W01,703,13.27,6.4,13835.68,13.82,W01,W01,9,SUB_MOQ_VIOLATION
MAT_032,Aerospace Grade Titanium Locknut,SUP_007,Bharat Precision Engineering,PLANT_04,Tokyo Precision Facility,W01,666,13.61,3.65,11492.57,13.82,W01,W01,6,SUB_MOQ_VIOLATION
MAT_032,Aerospace Grade Titanium Locknut,SUP_007,Bharat Precision Engineering,PLANT_05,Chennai Industrial Complex,W01,1566,13.61,0.45,22012.48,13.82,W01,W01,4,COMPLIANT
MAT_032,Aerospace Grade Titanium Locknut,SUP_010,Detroit Fastener Alliance,PLANT_01,Detroit Advanced Assembly Hub,W01,230,14.38,0.5,3423.89,13.82,W01,W01,3,SUB_MOQ_VIOLATION
MAT_032,Aerospace Grade Titanium Locknut,SUP_010,Detroit Fastener Alliance,PLANT_02,Munich Engineering Works,W01,350,14.38,3.5,6265.15,13.82,W01,W01,5,SUB_MOQ_VIOLATION
MAT_032,Aerospace Grade Titanium Locknut,SUP_010,Detroit Fastener Alliance,PLANT_03,Monterrey Global Production Hub,W01,217,14.38,1.6,3461.27,13.82,W01,W01,3,SUB_MOQ_VIOLATION
MAT_033,Stainless Steel A4-80 Socket Cap Screw,SUP_002,Vanguard Industrial Dynamics,PLANT_01,Detroit Advanced Assembly Hub,W01,866,10.01,0.5,9102.92,10.48,W01,W01,5,SUB_MOQ_VIOLATION
MAT_033,Stainless Steel A4-80 Socket Cap Screw,SUP_002,Vanguard Industrial Dynamics,PLANT_02,Munich Engineering Works,W01,723,10.01,3.5,9764.35,10.48,W01,W01,7,SUB_MOQ_VIOLATION
MAT_033,Stainless Steel A4-80 Socket Cap Screw,SUP_002,Vanguard Industrial Dynamics,PLANT_03,Monterrey Global Production Hub,W01,700,10.01,1.6,8130.83,10.48,W01,W01,5,SUB_MOQ_VIOLATION
MAT_033,Stainless Steel A4-80 Socket Cap Screw,SUP_002,Vanguard Industrial Dynamics,PLANT_04,Tokyo Precision Facility,W01,745,10.01,6.2,12073.21,10.48,W01,W01,8,SUB_MOQ_VIOLATION
MAT_033,Stainless Steel A4-80 Socket Cap Screw,SUP_002,Vanguard Industrial Dynamics,PLANT_05,Chennai Industrial Complex,W01,388,10.01,6.4,6366.75,10.48,W01,W01,8,SUB_MOQ_VIOLATION
MAT_033,Stainless Steel A4-80 Socket Cap Screw,SUP_007,Bharat Precision Engineering,PLANT_04,Tokyo Precision Facility,W01,1215,10.35,3.65,17012.8,10.48,W01,W01,9,COMPLIANT
MAT_033,Stainless Steel A4-80 Socket Cap Screw,SUP_007,Bharat Precision Engineering,PLANT_05,Chennai Industrial Complex,W01,633,10.35,0.45,6836.62,10.48,W01,W01,7,SUB_MOQ_VIOLATION
MAT_033,Stainless Steel A4-80 Socket Cap Screw,SUP_010,Detroit Fastener Alliance,PLANT_01,Detroit Advanced Assembly Hub,W01,602,10.68,0.5,6729.02,10.48,W01,W01,6,SUB_MOQ_VIOLATION
MAT_033,Stainless Steel A4-80 Socket Cap Screw,SUP_010,Detroit Fastener Alliance,PLANT_02,Munich Engineering Works,W01,502,10.68,3.5,7121.9,10.48,W01,W01,8,SUB_MOQ_VIOLATION
MAT_033,Stainless Steel A4-80 Socket Cap Screw,SUP_010,Detroit Fastener Alliance,PLANT_03,Monterrey Global Production Hub,W01,487,10.68,1.6,5976.31,10.48,W01,W01,6,SUB_MOQ_VIOLATION
MAT_034,Hardened Belleville Spring Washers,SUP_002,Vanguard Industrial Dynamics,PLANT_01,Detroit Advanced Assembly Hub,W01,802,17.36,0.5,14314.79,18.03,W01,W01,5,SUB_MOQ_VIOLATION
MAT_034,Hardened Belleville Spring Washers,SUP_002,Vanguard Industrial Dynamics,PLANT_02,Munich Engineering Works,W01,914,17.36,3.5,19070.21,18.03,W01,W01,7,SUB_MOQ_VIOLATION
MAT_034,Hardened Belleville Spring Washers,SUP_002,Vanguard Industrial Dynamics,PLANT_03,Monterrey Global Production Hub,W01,812,17.36,1.6,15395.52,18.03,W01,W01,5,SUB_MOQ_VIOLATION
MAT_034,Hardened Belleville Spring Washers,SUP_002,Vanguard Industrial Dynamics,PLANT_04,Tokyo Precision Facility,W01,917,17.36,6.2,21601.93,18.03,W01,W01,8,SUB_MOQ_VIOLATION
MAT_034,Hardened Belleville Spring Washers,SUP_002,Vanguard Industrial Dynamics,PLANT_05,Chennai Industrial Complex,W01,481,17.36,6.4,11434.74,18.03,W01,W01,8,SUB_MOQ_VIOLATION
MAT_034,Hardened Belleville Spring Washers,SUP_007,Bharat Precision Engineering,PLANT_04,Tokyo Precision Facility,W01,1434,17.75,3.65,30689.95,18.03,W01,W01,6,COMPLIANT
MAT_034,Hardened Belleville Spring Washers,SUP_007,Bharat Precision Engineering,PLANT_05,Chennai Industrial Complex,W01,753,17.75,0.45,13699.87,18.03,W01,W01,4,SUB_MOQ_VIOLATION
MAT_034,Hardened Belleville Spring Washers,SUP_010,Detroit Fastener Alliance,PLANT_01,Detroit Advanced Assembly Hub,W01,344,18.55,0.5,6543.68,18.03,W01,W01,6,SUB_MOQ_VIOLATION
MAT_034,Hardened Belleville Spring Washers,SUP_010,Detroit Fastener Alliance,PLANT_02,Munich Engineering Works,W01,392,18.55,3.5,8639.19,18.03,W01,W01,8,SUB_MOQ_VIOLATION
MAT_034,Hardened Belleville Spring Washers,SUP_010,Detroit Fastener Alliance,PLANT_03,Monterrey Global Production Hub,W01,348,18.55,1.6,7012.2,18.03,W01,W01,6,SUB_MOQ_VIOLATION
MAT_035,Structural Monobolt Blind Rivet Pack,SUP_002,Vanguard Industrial Dynamics,PLANT_01,Detroit Advanced Assembly Hub,W01,1292,7.59,0.5,10449.21,7.75,W01,W01,6,COMPLIANT
MAT_035,Structural Monobolt Blind Rivet Pack,SUP_002,Vanguard Industrial Dynamics,PLANT_02,Munich Engineering Works,W01,1431,7.59,3.5,15866.46,7.75,W01,W01,8,COMPLIANT
MAT_035,Structural Monobolt Blind Rivet Pack,SUP_002,Vanguard Industrial Dynamics,PLANT_03,Monterrey Global Production Hub,W01,453,7.59,1.6,4164.45,7.75,W01,W01,6,SUB_MOQ_VIOLATION
MAT_035,Structural Monobolt Blind Rivet Pack,SUP_002,Vanguard Industrial Dynamics,PLANT_04,Tokyo Precision Facility,W01,829,7.59,6.2,11428.88,7.75,W01,W01,9,COMPLIANT
MAT_035,Structural Monobolt Blind Rivet Pack,SUP_002,Vanguard Industrial Dynamics,PLANT_05,Chennai Industrial Complex,W01,769,7.59,6.4,10759.99,7.75,W01,W01,9,COMPLIANT
MAT_035,Structural Monobolt Blind Rivet Pack,SUP_007,Bharat Precision Engineering,PLANT_04,Tokyo Precision Facility,W01,1352,7.97,3.65,15712.8,7.75,W01,W01,5,COMPLIANT
MAT_035,Structural Monobolt Blind Rivet Pack,SUP_007,Bharat Precision Engineering,PLANT_05,Chennai Industrial Complex,W01,1255,7.97,0.45,10566.09,7.75,W01,W01,3,COMPLIANT
MAT_035,Structural Monobolt Blind Rivet Pack,SUP_010,Detroit Fastener Alliance,PLANT_01,Detroit Advanced Assembly Hub,W01,974,8.07,0.5,8350.44,7.75,W01,W01,3,SUB_MOQ_VIOLATION
MAT_035,Structural Monobolt Blind Rivet Pack,SUP_010,Detroit Fastener Alliance,PLANT_02,Munich Engineering Works,W01,1079,8.07,3.5,12487.5,7.75,W01,W01,5,COMPLIANT
MAT_035,Structural Monobolt Blind Rivet Pack,SUP_010,Detroit Fastener Alliance,PLANT_03,Monterrey Global Production Hub,W01,342,8.07,1.6,3305.69,7.75,W01,W01,3,SUB_MOQ_VIOLATION
MAT_036,Toray Carbon Fiber Prepreg 3K Twill,SUP_003,Nippon Advanced Metallurgy,PLANT_01,Detroit Advanced Assembly Hub,W01,1418,132.92,5.1,195643.35,137.13,W01,W01,5,COMPLIANT
MAT_036,Toray Carbon Fiber Prepreg 3K Twill,SUP_003,Nippon Advanced Metallurgy,PLANT_02,Munich Engineering Works,W01,510,132.92,6.5,71146.03,137.13,W01,W01,6,COMPLIANT
MAT_036,Toray Carbon Fiber Prepreg 3K Twill,SUP_003,Nippon Advanced Metallurgy,PLANT_03,Monterrey Global Production Hub,W01,801,132.92,5.3,110686.58,137.13,W01,W01,6,COMPLIANT
MAT_036,Toray Carbon Fiber Prepreg 3K Twill,SUP_003,Nippon Advanced Metallurgy,PLANT_04,Tokyo Precision Facility,W01,1399,132.92,0.45,186531.28,137.13,W01,W01,3,COMPLIANT
MAT_036,Toray Carbon Fiber Prepreg 3K Twill,SUP_003,Nippon Advanced Metallurgy,PLANT_05,Chennai Industrial Complex,W01,738,132.92,3.6,100820.02,137.13,W01,W01,5,COMPLIANT
MAT_036,Toray Carbon Fiber Prepreg 3K Twill,SUP_006,Saigon Composite Solutions,PLANT_01,Detroit Advanced Assembly Hub,W01,608,135.8,6.5,86447.25,137.13,W01,W01,6,SUB_MOQ_VIOLATION
MAT_036,Toray Carbon Fiber Prepreg 3K Twill,SUP_006,Saigon Composite Solutions,PLANT_02,Munich Engineering Works,W01,219,135.8,7.7,31383.45,137.13,W01,W01,6,SUB_MOQ_VIOLATION
MAT_036,Toray Carbon Fiber Prepreg 3K Twill,SUP_006,Saigon Composite Solutions,PLANT_03,Monterrey Global Production Hub,W01,343,135.8,6.6,48871.68,137.13,W01,W01,6,SUB_MOQ_VIOLATION
MAT_036,Toray Carbon Fiber Prepreg 3K Twill,SUP_006,Saigon Composite Solutions,PLANT_04,Tokyo Precision Facility,W01,599,135.8,1.85,82507.41,137.13,W01,W01,4,SUB_MOQ_VIOLATION
MAT_036,Toray Carbon Fiber Prepreg 3K Twill,SUP_006,Saigon Composite Solutions,PLANT_05,Chennai Industrial Complex,W01,316,135.8,2.1,43645.35,137.13,W01,W01,4,SUB_MOQ_VIOLATION
MAT_037,Structural S-Glass Woven Roving Mat,SUP_003,Nippon Advanced Metallurgy,PLANT_01,Detroit Advanced Assembly Hub,W01,1289,180.77,5.1,239504.65,188.44,W01,W01,5,COMPLIANT
MAT_037,Structural S-Glass Woven Roving Mat,SUP_003,Nippon Advanced Metallurgy,PLANT_02,Munich Engineering Works,W01,671,180.77,6.5,125626.33,188.44,W01,W01,6,SUB_MOQ_VIOLATION
MAT_037,Structural S-Glass Woven Roving Mat,SUP_003,Nippon Advanced Metallurgy,PLANT_03,Monterrey Global Production Hub,W01,864,180.77,5.3,160829.6,188.44,W01,W01,6,SUB_MOQ_VIOLATION
MAT_037,Structural S-Glass Woven Roving Mat,SUP_003,Nippon Advanced Metallurgy,PLANT_04,Tokyo Precision Facility,W01,626,180.77,0.45,113441.91,188.44,W01,W01,3,SUB_MOQ_VIOLATION
MAT_037,Structural S-Glass Woven Roving Mat,SUP_003,Nippon Advanced Metallurgy,PLANT_05,Chennai Industrial Complex,W01,1309,180.77,3.6,241379.05,188.44,W01,W01,5,COMPLIANT
MAT_037,Structural S-Glass Woven Roving Mat,SUP_006,Saigon Composite Solutions,PLANT_05,Chennai Industrial Complex,W01,910,190.52,2.1,175243.75,188.44,W01,W01,5,COMPLIANT
MAT_037,Structural S-Glass Woven Roving Mat,SUP_008,Taiwan Micro-Silicon Ltd,PLANT_01,Detroit Advanced Assembly Hub,W01,895,191.44,5.2,176079.32,188.44,W01,W01,9,COMPLIANT
MAT_037,Structural S-Glass Woven Roving Mat,SUP_008,Taiwan Micro-Silicon Ltd,PLANT_02,Munich Engineering Works,W01,466,191.44,6.5,92273.69,188.44,W01,W01,9,COMPLIANT
MAT_037,Structural S-Glass Woven Roving Mat,SUP_008,Taiwan Micro-Silicon Ltd,PLANT_03,Monterrey Global Production Hub,W01,601,191.44,5.4,118231.95,188.44,W01,W01,9,COMPLIANT
MAT_037,Structural S-Glass Woven Roving Mat,SUP_008,Taiwan Micro-Silicon Ltd,PLANT_04,Tokyo Precision Facility,W01,435,191.44,0.9,83669.82,188.44,W01,W01,6,COMPLIANT
MAT_038,Nomex Honeycomb Structural Core 1/8,SUP_003,Nippon Advanced Metallurgy,PLANT_01,Detroit Advanced Assembly Hub,W01,842,139.23,5.1,121496.99,149.43,W01,W01,5,COMPLIANT
MAT_038,Nomex Honeycomb Structural Core 1/8,SUP_003,Nippon Advanced Metallurgy,PLANT_02,Munich Engineering Works,W01,1200,139.23,6.5,174945.95,149.43,W01,W01,6,COMPLIANT
MAT_038,Nomex Honeycomb Structural Core 1/8,SUP_003,Nippon Advanced Metallurgy,PLANT_03,Monterrey Global Production Hub,W01,961,139.23,5.3,138945.36,149.43,W01,W01,6,COMPLIANT
MAT_038,Nomex Honeycomb Structural Core 1/8,SUP_003,Nippon Advanced Metallurgy,PLANT_04,Tokyo Precision Facility,W01,771,139.23,0.45,107698.87,149.43,W01,W01,3,COMPLIANT
MAT_038,Nomex Honeycomb Structural Core 1/8,SUP_003,Nippon Advanced Metallurgy,PLANT_05,Chennai Industrial Complex,W01,802,139.23,3.6,114483.96,149.43,W01,W01,5,COMPLIANT
MAT_038,Nomex Honeycomb Structural Core 1/8,SUP_006,Saigon Composite Solutions,PLANT_02,Munich Engineering Works,W01,768,146.25,7.7,118159.7,149.43,W01,W01,9,SUB_MOQ_VIOLATION
MAT_038,Nomex Honeycomb Structural Core 1/8,SUP_006,Saigon Composite Solutions,PLANT_03,Monterrey Global Production Hub,W01,465,146.25,6.6,71023.96,149.43,W01,W01,9,SUB_MOQ_VIOLATION
MAT_038,Nomex Honeycomb Structural Core 1/8,SUP_006,Saigon Composite Solutions,PLANT_04,Tokyo Precision Facility,W01,493,146.25,1.85,73007.38,149.43,W01,W01,7,SUB_MOQ_VIOLATION
MAT_038,Nomex Honeycomb Structural Core 1/8,SUP_006,Saigon Composite Solutions,PLANT_05,Chennai Industrial Complex,W01,512,146.25,2.1,76023.44,149.43,W01,W01,7,SUB_MOQ_VIOLATION
MAT_038,Nomex Honeycomb Structural Core 1/8,SUP_008,Taiwan Micro-Silicon Ltd,PLANT_01,Detroit Advanced Assembly Hub,W01,538,152.45,5.2,84847.23,149.43,W01,W01,10,COMPLIANT
MAT_038,Nomex Honeycomb Structural Core 1/8,SUP_008,Taiwan Micro-Silicon Ltd,PLANT_03,Monterrey Global Production Hub,W01,150,152.45,5.4,23673.65,149.43,W01,W01,10,SUB_MOQ_VIOLATION
MAT_039,Basalt Fiber High-Temp Insulation Roll,SUP_003,Nippon Advanced Metallurgy,PLANT_01,Detroit Advanced Assembly Hub,W01,1182,183.62,5.1,223010.42,194.42,W01,W01,6,SUB_MOQ_VIOLATION
MAT_039,Basalt Fiber High-Temp Insulation Roll,SUP_003,Nippon Advanced Metallurgy,PLANT_02,Munich Engineering Works,W01,1172,183.62,6.5,222811.13,194.42,W01,W01,7,SUB_MOQ_VIOLATION
MAT_039,Basalt Fiber High-Temp Insulation Roll,SUP_003,Nippon Advanced Metallurgy,PLANT_03,Monterrey Global Production Hub,W01,1042,183.62,5.3,196845.19,194.42,W01,W01,7,SUB_MOQ_VIOLATION
MAT_039,Basalt Fiber High-Temp Insulation Roll,SUP_003,Nippon Advanced Metallurgy,PLANT_04,Tokyo Precision Facility,W01,591,183.62,0.45,108757.76,194.42,W01,W01,4,SUB_MOQ_VIOLATION
MAT_039,Basalt Fiber High-Temp Insulation Roll,SUP_003,Nippon Advanced Metallurgy,PLANT_05,Chennai Industrial Complex,W01,1287,183.62,3.6,240952.14,194.42,W01,W01,6,COMPLIANT
MAT_039,Basalt Fiber High-Temp Insulation Roll,SUP_006,Saigon Composite Solutions,PLANT_02,Munich Engineering Works,W01,267,193.95,7.7,53911.13,194.42,W01,W01,9,COMPLIANT
MAT_039,Basalt Fiber High-Temp Insulation Roll,SUP_006,Saigon Composite Solutions,PLANT_03,Monterrey Global Production Hub,W01,561,193.95,6.6,112518.58,194.42,W01,W01,9,COMPLIANT
MAT_039,Basalt Fiber High-Temp Insulation Roll,SUP_006,Saigon Composite Solutions,PLANT_04,Tokyo Precision Facility,W01,318,193.95,1.85,62293.77,194.42,W01,W01,7,COMPLIANT
MAT_039,Basalt Fiber High-Temp Insulation Roll,SUP_006,Saigon Composite Solutions,PLANT_05,Chennai Industrial Complex,W01,693,193.95,2.1,135862.65,194.42,W01,W01,7,COMPLIANT
MAT_039,Basalt Fiber High-Temp Insulation Roll,SUP_008,Taiwan Micro-Silicon Ltd,PLANT_01,Detroit Advanced Assembly Hub,W01,636,198.21,5.2,129429.78,194.42,W01,W01,8,SUB_MOQ_VIOLATION
MAT_039,Basalt Fiber High-Temp Insulation Roll,SUP_008,Taiwan Micro-Silicon Ltd,PLANT_02,Munich Engineering Works,W01,364,198.21,6.5,74453.03,194.42,W01,W01,8,SUB_MOQ_VIOLATION
MAT_040,High-Modulus Epoxy Resin Infusion Matrix,SUP_003,Nippon Advanced Metallurgy,PLANT_01,Detroit Advanced Assembly Hub,W01,407,140.07,5.1,59107.42,141.81,W01,W01,8,SUB_MOQ_VIOLATION
MAT_040,High-Modulus Epoxy Resin Infusion Matrix,SUP_003,Nippon Advanced Metallurgy,PLANT_02,Munich Engineering Works,W01,570,140.07,6.5,83480.41,141.81,W01,W01,9,SUB_MOQ_VIOLATION
MAT_040,High-Modulus Epoxy Resin Infusion Matrix,SUP_003,Nippon Advanced Metallurgy,PLANT_03,Monterrey Global Production Hub,W01,736,140.07,5.3,106995.23,141.81,W01,W01,9,SUB_MOQ_VIOLATION
MAT_040,High-Modulus Epoxy Resin Infusion Matrix,SUP_003,Nippon Advanced Metallurgy,PLANT_04,Tokyo Precision Facility,W01,256,140.07,0.45,35942.21,141.81,W01,W01,6,SUB_MOQ_VIOLATION
MAT_040,High-Modulus Epoxy Resin Infusion Matrix,SUP_003,Nippon Advanced Metallurgy,PLANT_05,Chennai Industrial Complex,W01,513,140.07,3.6,73662.48,141.81,W01,W01,8,SUB_MOQ_VIOLATION
MAT_040,High-Modulus Epoxy Resin Infusion Matrix,SUP_006,Saigon Composite Solutions,PLANT_03,Monterrey Global Production Hub,W01,490,140.83,6.6,72279.03,141.81,W01,W01,6,SUB_MOQ_VIOLATION
MAT_040,High-Modulus Epoxy Resin Infusion Matrix,SUP_006,Saigon Composite Solutions,PLANT_04,Tokyo Precision Facility,W01,185,140.83,1.85,26427.19,141.81,W01,W01,4,SUB_MOQ_VIOLATION
MAT_040,High-Modulus Epoxy Resin Infusion Matrix,SUP_006,Saigon Composite Solutions,PLANT_05,Chennai Industrial Complex,W01,371,140.83,2.1,53067.05,141.81,W01,W01,4,SUB_MOQ_VIOLATION
MAT_040,High-Modulus Epoxy Resin Infusion Matrix,SUP_008,Taiwan Micro-Silicon Ltd,PLANT_01,Detroit Advanced Assembly Hub,W01,295,148.12,5.2,45204.87,141.81,W01,W01,6,SUB_MOQ_VIOLATION
MAT_040,High-Modulus Epoxy Resin Infusion Matrix,SUP_008,Taiwan Micro-Silicon Ltd,PLANT_02,Munich Engineering Works,W01,412,148.12,6.5,63771.47,141.81,W01,W01,6,SUB_MOQ_VIOLATION
MAT_040,High-Modulus Epoxy Resin Infusion Matrix,SUP_008,Taiwan Micro-Silicon Ltd,PLANT_03,Monterrey Global Production Hub,W01,43,148.12,5.4,6558.37,141.81,W01,W01,6,SUB_MOQ_VIOLATION
MAT_001,High-Tensile Structural Steel I-Beam,SUP_001,Apex Precision Metals GmbH,PLANT_02,Munich Engineering Works,W02,457,17.91,0.45,8395.11,18.41,W01,W02,5,SUB_MOQ_VIOLATION
MAT_001,High-Tensile Structural Steel I-Beam,SUP_001,Apex Precision Metals GmbH,PLANT_05,Chennai Industrial Complex,W02,364,17.91,5.1,8380.47,18.41,W01,W02,7,SUB_MOQ_VIOLATION
MAT_001,High-Tensile Structural Steel I-Beam,SUP_002,Vanguard Industrial Dynamics,PLANT_01,Detroit Advanced Assembly Hub,W02,491,18.86,0.5,9507.89,18.41,W01,W02,3,COMPLIANT
MAT_001,High-Tensile Structural Steel I-Beam,SUP_002,Vanguard Industrial Dynamics,PLANT_02,Munich Engineering Works,W02,53,18.86,3.5,1187.76,18.41,W01,W02,5,SUB_MOQ_VIOLATION
MAT_001,High-Tensile Structural Steel I-Beam,SUP_002,Vanguard Industrial Dynamics,PLANT_03,Monterrey Global Production Hub,W02,568,18.86,1.6,11618.21,18.41,W01,W02,3,COMPLIANT
MAT_001,High-Tensile Structural Steel I-Beam,SUP_002,Vanguard Industrial Dynamics,PLANT_04,Tokyo Precision Facility,W02,341,18.86,6.2,8555.99,18.41,W01,W02,6,COMPLIANT
MAT_001,High-Tensile Structural Steel I-Beam,SUP_005,MexSteel & Polymer Fabrica,PLANT_01,Detroit Advanced Assembly Hub,W02,242,18.64,1.7,4920.04,18.41,W01,W02,4,SUB_MOQ_VIOLATION
MAT_001,High-Tensile Structural Steel I-Beam,SUP_005,MexSteel & Polymer Fabrica,PLANT_03,Monterrey Global Production Hub,W02,817,18.64,0.45,15599.39,18.41,W01,W02,4,COMPLIANT
MAT_001,High-Tensile Structural Steel I-Beam,SUP_007,Bharat Precision Engineering,PLANT_02,Munich Engineering Works,W02,265,20.15,5.05,6668.68,18.41,W01,W02,8,SUB_MOQ_VIOLATION
MAT_001,High-Tensile Structural Steel I-Beam,SUP_007,Bharat Precision Engineering,PLANT_04,Tokyo Precision Facility,W02,453,20.15,3.65,10771.4,18.41,W01,W02,8,SUB_MOQ_VIOLATION
MAT_001,High-Tensile Structural Steel I-Beam,SUP_007,Bharat Precision Engineering,PLANT_05,Chennai Industrial Complex,W02,483,20.15,0.45,9945.47,18.41,W01,W02,6,SUB_MOQ_VIOLATION
MAT_002,Cold-Rolled Carbon Steel Sheet 2mm,SUP_001,Apex Precision Metals GmbH,PLANT_02,Munich Engineering Works,W02,399,8.77,0.45,3678.23,8.89,W01,W02,7,SUB_MOQ_VIOLATION
MAT_002,Cold-Rolled Carbon Steel Sheet 2mm,SUP_001,Apex Precision Metals GmbH,PLANT_05,Chennai Industrial Complex,W02,657,8.77,5.1,9106.21,8.89,W01,W02,9,COMPLIANT
MAT_002,Cold-Rolled Carbon Steel Sheet 2mm,SUP_002,Vanguard Industrial Dynamics,PLANT_01,Detroit Advanced Assembly Hub,W02,1229,8.92,0.5,11575.3,8.89,W01,W02,4,COMPLIANT
MAT_002,Cold-Rolled Carbon Steel Sheet 2mm,SUP_002,Vanguard Industrial Dynamics,PLANT_02,Munich Engineering Works,W02,255,8.92,3.5,3167.85,8.89,W01,W02,6,SUB_MOQ_VIOLATION
MAT_002,Cold-Rolled Carbon Steel Sheet 2mm,SUP_002,Vanguard Industrial Dynamics,PLANT_03,Monterrey Global Production Hub,W02,691,8.92,1.6,7267.74,8.89,W01,W02,4,SUB_MOQ_VIOLATION
MAT_002,Cold-Rolled Carbon Steel Sheet 2mm,SUP_002,Vanguard Industrial Dynamics,PLANT_04,Tokyo Precision Facility,W02,745,8.92,6.2,11258.35,8.89,W01,W02,7,SUB_MOQ_VIOLATION
MAT_002,Cold-Rolled Carbon Steel Sheet 2mm,SUP_005,MexSteel & Polymer Fabrica,PLANT_01,Detroit Advanced Assembly Hub,W02,819,9.48,1.7,9158.66,8.89,W01,W02,5,COMPLIANT
MAT_002,Cold-Rolled Carbon Steel Sheet 2mm,SUP_005,MexSteel & Polymer Fabrica,PLANT_03,Monterrey Global Production Hub,W02,994,9.48,0.45,9871.91,8.89,W01,W02,5,COMPLIANT
MAT_002,Cold-Rolled Carbon Steel Sheet 2mm,SUP_007,Bharat Precision Engineering,PLANT_04,Tokyo Precision Facility,W02,1445,9.39,3.65,18848.02,8.89,W01,W02,8,COMPLIANT
MAT_002,Cold-Rolled Carbon Steel Sheet 2mm,SUP_007,Bharat Precision Engineering,PLANT_05,Chennai Industrial Complex,W02,1274,9.39,0.45,12540.69,8.89,W01,W02,6,COMPLIANT
MAT_003,Austenitic Stainless Steel 316L Plate,SUP_001,Apex Precision Metals GmbH,PLANT_02,Munich Engineering Works,W02,718,12.58,0.45,9349.94,12.76,W01,W02,4,COMPLIANT
MAT_003,Austenitic Stainless Steel 316L Plate,SUP_001,Apex Precision Metals GmbH,PLANT_05,Chennai Industrial Complex,W02,370,12.58,5.1,6546.2,12.76,W01,W02,6,SUB_MOQ_VIOLATION
MAT_003,Austenitic Stainless Steel 316L Plate,SUP_002,Vanguard Industrial Dynamics,PLANT_01,Detroit Advanced Assembly Hub,W02,1088,13.05,0.5,14747.82,12.76,W01,W02,4,COMPLIANT
MAT_003,Austenitic Stainless Steel 316L Plate,SUP_002,Vanguard Industrial Dynamics,PLANT_02,Munich Engineering Works,W02,353,13.05,3.5,5849.27,12.76,W01,W02,6,COMPLIANT
MAT_003,Austenitic Stainless Steel 316L Plate,SUP_002,Vanguard Industrial Dynamics,PLANT_03,Monterrey Global Production Hub,W02,278,13.05,1.6,4069.48,12.76,W01,W02,4,COMPLIANT
MAT_003,Austenitic Stainless Steel 316L Plate,SUP_002,Vanguard Industrial Dynamics,PLANT_04,Tokyo Precision Facility,W02,358,13.05,6.2,6898.81,12.76,W01,W02,7,COMPLIANT
MAT_003,Austenitic Stainless Steel 316L Plate,SUP_005,MexSteel & Polymer Fabrica,PLANT_01,Detroit Advanced Assembly Hub,W02,726,13.6,1.7,11101.68,12.76,W01,W02,5,COMPLIANT
MAT_003,Austenitic Stainless Steel 316L Plate,SUP_005,MexSteel & Polymer Fabrica,PLANT_03,Monterrey Global Production Hub,W02,539,13.6,0.45,7576.04,12.76,W01,W02,5,COMPLIANT
MAT_003,Austenitic Stainless Steel 316L Plate,SUP_007,Bharat Precision Engineering,PLANT_04,Tokyo Precision Facility,W02,728,13.69,3.65,12616.93,12.76,W01,W02,8,COMPLIANT
MAT_003,Austenitic Stainless Steel 316L Plate,SUP_007,Bharat Precision Engineering,PLANT_05,Chennai Industrial Complex,W02,752,13.69,0.45,10629.6,12.76,W01,W02,6,COMPLIANT
MAT_004,Galvanized Structural Angle Steel,SUP_001,Apex Precision Metals GmbH,PLANT_02,Munich Engineering Works,W02,827,11.45,0.45,9846.65,11.96,W01,W02,4,COMPLIANT
MAT_004,Galvanized Structural Angle Steel,SUP_001,Apex Precision Metals GmbH,PLANT_05,Chennai Industrial Complex,W02,288,11.45,5.1,4766.4,11.96,W01,W02,6,SUB_MOQ_VIOLATION
MAT_004,Galvanized Structural Angle Steel,SUP_002,Vanguard Industrial Dynamics,PLANT_01,Detroit Advanced Assembly Hub,W02,543,11.89,0.5,6732.6,11.96,W01,W02,3,SUB_MOQ_VIOLATION
MAT_004,Galvanized Structural Angle Steel,SUP_002,Vanguard Industrial Dynamics,PLANT_02,Munich Engineering Works,W02,446,11.89,3.5,6857.01,11.96,W01,W02,5,SUB_MOQ_VIOLATION
MAT_004,Galvanized Structural Angle Steel,SUP_002,Vanguard Industrial Dynamics,PLANT_03,Monterrey Global Production Hub,W02,410,11.89,1.6,5530.23,11.96,W01,W02,3,SUB_MOQ_VIOLATION
MAT_004,Galvanized Structural Angle Steel,SUP_002,Vanguard Industrial Dynamics,PLANT_04,Tokyo Precision Facility,W02,403,11.89,6.2,7285.93,11.96,W01,W02,6,SUB_MOQ_VIOLATION
MAT_004,Galvanized Structural Angle Steel,SUP_005,MexSteel & Polymer Fabrica,PLANT_01,Detroit Advanced Assembly Hub,W02,378,12.54,1.7,5377.17,11.96,W01,W02,7,SUB_MOQ_VIOLATION
MAT_004,Galvanized Structural Angle Steel,SUP_005,MexSteel & Polymer Fabrica,PLANT_03,Monterrey Global Production Hub,W02,501,12.54,0.45,6508.64,11.96,W01,W02,7,SUB_MOQ_VIOLATION
MAT_004,Galvanized Structural Angle Steel,SUP_005,MexSteel & Polymer Fabrica,PLANT_04,Tokyo Precision Facility,W02,121,12.54,6.45,2304.25,11.96,W01,W02,10,SUB_MOQ_VIOLATION
MAT_004,Galvanized Structural Angle Steel,SUP_007,Bharat Precision Engineering,PLANT_04,Tokyo Precision Facility,W02,1223,13.19,3.65,20593.64,11.96,W01,W02,6,COMPLIANT
MAT_004,Galvanized Structural Angle Steel,SUP_007,Bharat Precision Engineering,PLANT_05,Chennai Industrial Complex,W02,672,13.19,0.45,9166.08,11.96,W01,W02,4,SUB_MOQ_VIOLATION
MAT_005,Hardox 450 Wear-Resistant Steel,SUP_001,Apex Precision Metals GmbH,PLANT_01,Detroit Advanced Assembly Hub,W02,814,18.57,3.4,17874.79,19.92,W01,W02,7,SUB_MOQ_VIOLATION
MAT_005,Hardox 450 Wear-Resistant Steel,SUP_001,Apex Precision Metals GmbH,PLANT_02,Munich Engineering Works,W02,1530,18.57,0.45,29093.18,19.92,W01,W02,6,COMPLIANT
MAT_005,Hardox 450 Wear-Resistant Steel,SUP_001,Apex Precision Metals GmbH,PLANT_04,Tokyo Precision Facility,W02,575,18.57,7.6,15040.95,19.92,W01,W02,9,SUB_MOQ_VIOLATION
MAT_005,Hardox 450 Wear-Resistant Steel,SUP_001,Apex Precision Metals GmbH,PLANT_05,Chennai Industrial Complex,W02,557,18.57,5.1,13178.51,19.92,W01,W02,8,SUB_MOQ_VIOLATION
MAT_005,Hardox 450 Wear-Resistant Steel,SUP_002,Vanguard Industrial Dynamics,PLANT_01,Detroit Advanced Assembly Hub,W02,1446,19.84,0.5,29419.78,19.92,W01,W02,3,COMPLIANT
MAT_005,Hardox 450 Wear-Resistant Steel,SUP_002,Vanguard Industrial Dynamics,PLANT_02,Munich Engineering Works,W02,753,19.84,3.5,17584.12,19.92,W01,W02,5,SUB_MOQ_VIOLATION
MAT_005,Hardox 450 Wear-Resistant Steel,SUP_002,Vanguard Industrial Dynamics,PLANT_03,Monterrey Global Production Hub,W02,723,19.84,1.6,15508.84,19.92,W01,W02,3,SUB_MOQ_VIOLATION
MAT_005,Hardox 450 Wear-Resistant Steel,SUP_005,MexSteel & Polymer Fabrica,PLANT_03,Monterrey Global Production Hub,W02,1469,20.42,0.45,30650.52,19.92,W01,W02,3,COMPLIANT
MAT_005,Hardox 450 Wear-Resistant Steel,SUP_007,Bharat Precision Engineering,PLANT_04,Tokyo Precision Facility,W02,1279,21.74,3.65,32480.41,19.92,W01,W02,7,COMPLIANT
MAT_005,Hardox 450 Wear-Resistant Steel,SUP_007,Bharat Precision Engineering,PLANT_05,Chennai Industrial Complex,W02,1239,21.74,0.45,27498.74,19.92,W01,W02,5,COMPLIANT
MAT_006,Aerospace Grade 7075-T6 Billet,SUP_001,Apex Precision Metals GmbH,PLANT_01,Detroit Advanced Assembly Hub,W02,1033,36.46,3.4,41169.0,37.01,W01,W02,6,SUB_MOQ_VIOLATION
MAT_006,Aerospace Grade 7075-T6 Billet,SUP_001,Apex Precision Metals GmbH,PLANT_02,Munich Engineering Works,W02,462,36.46,0.45,17062.39,37.01,W01,W02,5,SUB_MOQ_VIOLATION
MAT_006,Aerospace Grade 7075-T6 Billet,SUP_001,Apex Precision Metals GmbH,PLANT_03,Monterrey Global Production Hub,W02,548,36.46,4.8,22614.61,37.01,W01,W02,7,SUB_MOQ_VIOLATION
MAT_006,Aerospace Grade 7075-T6 Billet,SUP_001,Apex Precision Metals GmbH,PLANT_04,Tokyo Precision Facility,W02,872,36.46,7.6,38420.32,37.01,W01,W02,8,SUB_MOQ_VIOLATION
MAT_006,Aerospace Grade 7075-T6 Billet,SUP_001,Apex Precision Metals GmbH,PLANT_05,Chennai Industrial Complex,W02,636,36.46,5.1,26415.54,37.01,W01,W02,7,SUB_MOQ_VIOLATION
MAT_006,Aerospace Grade 7075-T6 Billet,SUP_003,Nippon Advanced Metallurgy,PLANT_02,Munich Engineering Works,W02,349,37.9,6.5,15483.61,37.01,W01,W02,8,SUB_MOQ_VIOLATION
MAT_006,Aerospace Grade 7075-T6 Billet,SUP_003,Nippon Advanced Metallurgy,PLANT_04,Tokyo Precision Facility,W02,1308,37.9,0.45,50161.8,37.01,W01,W02,5,COMPLIANT
MAT_006,Aerospace Grade 7075-T6 Billet,SUP_003,Nippon Advanced Metallurgy,PLANT_05,Chennai Industrial Complex,W02,953,37.9,3.6,39566.1,37.01,W01,W02,7,SUB_MOQ_VIOLATION
MAT_006,Aerospace Grade 7075-T6 Billet,SUP_005,MexSteel & Polymer Fabrica,PLANT_01,Detroit Advanced Assembly Hub,W02,779,38.93,1.7,31657.27,37.01,W01,W02,4,SUB_MOQ_VIOLATION
MAT_006,Aerospace Grade 7075-T6 Billet,SUP_005,MexSteel & Polymer Fabrica,PLANT_03,Monterrey Global Production Hub,W02,1018,38.93,0.45,40084.9,37.01,W01,W02,4,SUB_MOQ_VIOLATION
MAT_007,Structural Aluminum 6061-T6 Extrusion,SUP_001,Apex Precision Metals GmbH,PLANT_01,Detroit Advanced Assembly Hub,W02,1268,43.44,3.4,59407.64,44.33,W01,W02,6,COMPLIANT
MAT_007,Structural Aluminum 6061-T6 Extrusion,SUP_001,Apex Precision Metals GmbH,PLANT_02,Munich Engineering Works,W02,452,43.44,0.45,19819.85,44.33,W01,W02,5,SUB_MOQ_VIOLATION
MAT_007,Structural Aluminum 6061-T6 Extrusion,SUP_001,Apex Precision Metals GmbH,PLANT_03,Monterrey Global Production Hub,W02,485,43.44,4.8,23384.34,44.33,W01,W02,7,SUB_MOQ_VIOLATION
MAT_007,Structural Aluminum 6061-T6 Extrusion,SUP_001,Apex Precision Metals GmbH,PLANT_04,Tokyo Precision Facility,W02,768,43.44,7.6,39175.75,44.33,W01,W02,8,COMPLIANT
MAT_007,Structural Aluminum 6061-T6 Extrusion,SUP_001,Apex Precision Metals GmbH,PLANT_05,Chennai Industrial Complex,W02,738,43.44,5.1,35846.79,44.33,W01,W02,7,SUB_MOQ_VIOLATION
MAT_007,Structural Aluminum 6061-T6 Extrusion,SUP_003,Nippon Advanced Metallurgy,PLANT_02,Munich Engineering Works,W02,222,44.61,6.5,11367.89,44.33,W01,W02,9,SUB_MOQ_VIOLATION
MAT_007,Structural Aluminum 6061-T6 Extrusion,SUP_003,Nippon Advanced Metallurgy,PLANT_04,Tokyo Precision Facility,W02,1425,44.61,0.45,64230.78,44.33,W01,W02,6,COMPLIANT
MAT_007,Structural Aluminum 6061-T6 Extrusion,SUP_003,Nippon Advanced Metallurgy,PLANT_05,Chennai Industrial Complex,W02,1372,44.61,3.6,66120.01,44.33,W01,W02,8,COMPLIANT
MAT_007,Structural Aluminum 6061-T6 Extrusion,SUP_005,MexSteel & Polymer Fabrica,PLANT_01,Detroit Advanced Assembly Hub,W02,625,46.13,1.7,29878.92,44.33,W01,W02,3,COMPLIANT
MAT_007,Structural Aluminum 6061-T6 Extrusion,SUP_005,MexSteel & Polymer Fabrica,PLANT_03,Monterrey Global Production Hub,W02,900,46.13,0.45,41933.65,44.33,W01,W02,3,COMPLIANT
MAT_008,Marine Grade 5083-H116 Plate,SUP_001,Apex Precision Metals GmbH,PLANT_01,Detroit Advanced Assembly Hub,W02,464,15.98,3.4,8987.67,16.96,W01,W02,4,COMPLIANT
MAT_008,Marine Grade 5083-H116 Plate,SUP_001,Apex Precision Metals GmbH,PLANT_02,Munich Engineering Works,W02,797,15.98,0.45,13099.97,16.96,W01,W02,3,COMPLIANT
MAT_008,Marine Grade 5083-H116 Plate,SUP_001,Apex Precision Metals GmbH,PLANT_03,Monterrey Global Production Hub,W02,353,15.98,4.8,7344.9,16.96,W01,W02,5,COMPLIANT
MAT_008,Marine Grade 5083-H116 Plate,SUP_001,Apex Precision Metals GmbH,PLANT_04,Tokyo Precision Facility,W02,335,15.98,7.6,7894.58,16.96,W01,W02,6,COMPLIANT
MAT_008,Marine Grade 5083-H116 Plate,SUP_001,Apex Precision Metals GmbH,PLANT_05,Chennai Industrial Complex,W02,450,15.98,5.1,9478.41,16.96,W01,W02,5,COMPLIANT
MAT_008,Marine Grade 5083-H116 Plate,SUP_003,Nippon Advanced Metallurgy,PLANT_04,Tokyo Precision Facility,W02,595,17.32,0.45,10576.7,16.96,W01,W02,6,COMPLIANT
MAT_008,Marine Grade 5083-H116 Plate,SUP_003,Nippon Advanced Metallurgy,PLANT_05,Chennai Industrial Complex,W02,799,17.32,3.6,16722.61,16.96,W01,W02,8,COMPLIANT
MAT_008,Marine Grade 5083-H116 Plate,SUP_005,MexSteel & Polymer Fabrica,PLANT_01,Detroit Advanced Assembly Hub,W02,284,17.33,1.7,5409.09,16.96,W01,W02,6,SUB_MOQ_VIOLATION
MAT_008,Marine Grade 5083-H116 Plate,SUP_005,MexSteel & Polymer Fabrica,PLANT_02,Munich Engineering Works,W02,489,17.33,4.9,10863.36,16.96,W01,W02,8,SUB_MOQ_VIOLATION
MAT_008,Marine Grade 5083-H116 Plate,SUP_005,MexSteel & Polymer Fabrica,PLANT_03,Monterrey Global Production Hub,W02,469,17.33,0.45,8330.64,16.96,W01,W02,6,SUB_MOQ_VIOLATION
MAT_009,Die-Cast Aluminum A380 Ingot,SUP_001,Apex Precision Metals GmbH,PLANT_01,Detroit Advanced Assembly Hub,W02,731,27.55,3.4,22636.83,28.35,W01,W02,4,SUB_MOQ_VIOLATION
MAT_009,Die-Cast Aluminum A380 Ingot,SUP_001,Apex Precision Metals GmbH,PLANT_02,Munich Engineering Works,W02,1081,27.55,0.45,30255.12,28.35,W01,W02,3,COMPLIANT
MAT_009,Die-Cast Aluminum A380 Ingot,SUP_001,Apex Precision Metals GmbH,PLANT_03,Monterrey Global Production Hub,W02,633,27.55,4.8,20476.26,28.35,W01,W02,5,SUB_MOQ_VIOLATION
MAT_009,Die-Cast Aluminum A380 Ingot,SUP_001,Apex Precision Metals GmbH,PLANT_04,Tokyo Precision Facility,W02,234,27.55,7.6,8225.1,28.35,W01,W02,6,SUB_MOQ_VIOLATION
MAT_009,Die-Cast Aluminum A380 Ingot,SUP_001,Apex Precision Metals GmbH,PLANT_05,Chennai Industrial Complex,W02,656,27.55,5.1,21431.46,28.35,W01,W02,5,SUB_MOQ_VIOLATION
MAT_009,Die-Cast Aluminum A380 Ingot,SUP_003,Nippon Advanced Metallurgy,PLANT_02,Munich Engineering Works,W02,485,27.71,6.5,16607.59,28.35,W01,W02,9,SUB_MOQ_VIOLATION
MAT_009,Die-Cast Aluminum A380 Ingot,SUP_003,Nippon Advanced Metallurgy,PLANT_04,Tokyo Precision Facility,W02,546,27.71,0.45,15375.36,28.35,W01,W02,6,COMPLIANT
MAT_009,Die-Cast Aluminum A380 Ingot,SUP_003,Nippon Advanced Metallurgy,PLANT_05,Chennai Industrial Complex,W02,1532,27.71,3.6,47954.4,28.35,W01,W02,8,COMPLIANT
MAT_009,Die-Cast Aluminum A380 Ingot,SUP_005,MexSteel & Polymer Fabrica,PLANT_01,Detroit Advanced Assembly Hub,W02,329,29.65,1.7,10301.61,28.35,W01,W02,7,SUB_MOQ_VIOLATION
MAT_009,Die-Cast Aluminum A380 Ingot,SUP_005,MexSteel & Polymer Fabrica,PLANT_03,Monterrey Global Production Hub,W02,1345,29.65,0.45,40485.7,28.35,W01,W02,7,COMPLIANT
MAT_010,Alloy 2024-T3 Precision Sheet,SUP_001,Apex Precision Metals GmbH,PLANT_01,Detroit Advanced Assembly Hub,W02,1345,14.39,3.4,23920.61,15.01,W01,W02,5,COMPLIANT
MAT_010,Alloy 2024-T3 Precision Sheet,SUP_001,Apex Precision Metals GmbH,PLANT_02,Munich Engineering Works,W02,1135,14.39,0.45,16837.02,15.01,W01,W02,4,COMPLIANT
MAT_010,Alloy 2024-T3 Precision Sheet,SUP_001,Apex Precision Metals GmbH,PLANT_04,Tokyo Precision Facility,W02,323,14.39,7.6,7092.21,15.01,W01,W02,7,SUB_MOQ_VIOLATION
MAT_010,Alloy 2024-T3 Precision Sheet,SUP_001,Apex Precision Metals GmbH,PLANT_05,Chennai Industrial Complex,W02,823,14.39,5.1,16036.37,15.01,W01,W02,6,COMPLIANT
MAT_010,Alloy 2024-T3 Precision Sheet,SUP_003,Nippon Advanced Metallurgy,PLANT_04,Tokyo Precision Facility,W02,410,15.26,0.45,6448.64,15.01,W01,W02,4,SUB_MOQ_VIOLATION
MAT_010,Alloy 2024-T3 Precision Sheet,SUP_003,Nippon Advanced Metallurgy,PLANT_05,Chennai Industrial Complex,W02,1047,15.26,3.6,19750.19,15.01,W01,W02,6,COMPLIANT
MAT_010,Alloy 2024-T3 Precision Sheet,SUP_005,MexSteel & Polymer Fabrica,PLANT_01,Detroit Advanced Assembly Hub,W02,934,15.42,1.7,15996.76,15.01,W01,W02,5,COMPLIANT
MAT_010,Alloy 2024-T3 Precision Sheet,SUP_005,MexSteel & Polymer Fabrica,PLANT_02,Munich Engineering Works,W02,717,15.42,4.9,14567.2,15.01,W01,W02,7,SUB_MOQ_VIOLATION
MAT_010,Alloy 2024-T3 Precision Sheet,SUP_005,MexSteel & Polymer Fabrica,PLANT_03,Monterrey Global Production Hub,W02,730,15.42,0.45,11577.8,15.01,W01,W02,5,SUB_MOQ_VIOLATION
MAT_010,Alloy 2024-T3 Precision Sheet,SUP_012,Monterrey Die & Mold S.A.,PLANT_02,Munich Engineering Works,W02,72,15.89,4.9,1487.32,15.01,W01,W02,8,SUB_MOQ_VIOLATION
MAT_010,Alloy 2024-T3 Precision Sheet,SUP_012,Monterrey Die & Mold S.A.,PLANT_03,Monterrey Global Production Hub,W02,428,15.89,0.45,7001.04,15.01,W01,W02,6,SUB_MOQ_VIOLATION
MAT_011,Engineered Polyamide PA66-GF30 Resin,SUP_002,Vanguard Industrial Dynamics,PLANT_01,Detroit Advanced Assembly Hub,W02,1294,10.91,0.5,14769.33,11.68,W01,W02,5,COMPLIANT
MAT_011,Engineered Polyamide PA66-GF30 Resin,SUP_002,Vanguard Industrial Dynamics,PLANT_02,Munich Engineering Works,W02,651,10.91,3.5,9387.83,11.68,W01,W02,7,SUB_MOQ_VIOLATION
MAT_011,Engineered Polyamide PA66-GF30 Resin,SUP_002,Vanguard Industrial Dynamics,PLANT_03,Monterrey Global Production Hub,W02,731,10.91,1.6,9142.06,11.68,W01,W02,5,SUB_MOQ_VIOLATION
MAT_011,Engineered Polyamide PA66-GF30 Resin,SUP_002,Vanguard Industrial Dynamics,PLANT_05,Chennai Industrial Complex,W02,341,10.91,6.4,5902.58,11.68,W01,W02,8,SUB_MOQ_VIOLATION
MAT_011,Engineered Polyamide PA66-GF30 Resin,SUP_004,Hansol High-Tech Components,PLANT_02,Munich Engineering Works,W02,417,11.47,6.55,7505.69,11.68,W01,W02,9,SUB_MOQ_VIOLATION
MAT_011,Engineered Polyamide PA66-GF30 Resin,SUP_004,Hansol High-Tech Components,PLANT_04,Tokyo Precision Facility,W02,1336,11.47,0.85,16463.46,11.68,W01,W02,6,COMPLIANT
MAT_011,Engineered Polyamide PA66-GF30 Resin,SUP_004,Hansol High-Tech Components,PLANT_05,Chennai Industrial Complex,W02,1379,11.47,3.55,20715.58,11.68,W01,W02,8,COMPLIANT
MAT_011,Engineered Polyamide PA66-GF30 Resin,SUP_005,MexSteel & Polymer Fabrica,PLANT_01,Detroit Advanced Assembly Hub,W02,828,12.28,1.7,11569.57,11.68,W01,W02,6,SUB_MOQ_VIOLATION
MAT_011,Engineered Polyamide PA66-GF30 Resin,SUP_005,MexSteel & Polymer Fabrica,PLANT_03,Monterrey Global Production Hub,W02,467,12.28,0.45,5947.71,11.68,W01,W02,6,SUB_MOQ_VIOLATION
MAT_011,Engineered Polyamide PA66-GF30 Resin,SUP_006,Saigon Composite Solutions,PLANT_04,Tokyo Precision Facility,W02,752,12.47,1.85,10764.06,11.68,W01,W02,7,SUB_MOQ_VIOLATION
MAT_011,Engineered Polyamide PA66-GF30 Resin,SUP_006,Saigon Composite Solutions,PLANT_05,Chennai Industrial Complex,W02,435,12.47,2.1,6335.14,11.68,W01,W02,7,SUB_MOQ_VIOLATION
MAT_012,High-Density Polyethylene HDPE Copolymer,SUP_002,Vanguard Industrial Dynamics,PLANT_01,Detroit Advanced Assembly Hub,W02,752,18.72,0.5,14454.59,19.14,W01,W02,6,COMPLIANT
MAT_012,High-Density Polyethylene HDPE Copolymer,SUP_002,Vanguard Industrial Dynamics,PLANT_02,Munich Engineering Works,W02,415,18.72,3.5,9216.41,19.14,W01,W02,8,SUB_MOQ_VIOLATION
MAT_012,High-Density Polyethylene HDPE Copolymer,SUP_002,Vanguard Industrial Dynamics,PLANT_03,Monterrey Global Production Hub,W02,256,18.72,1.6,5198.67,19.14,W01,W02,6,SUB_MOQ_VIOLATION
MAT_012,High-Density Polyethylene HDPE Copolymer,SUP_002,Vanguard Industrial Dynamics,PLANT_05,Chennai Industrial Complex,W02,59,18.72,6.4,1475.75,19.14,W01,W02,9,SUB_MOQ_VIOLATION
MAT_012,High-Density Polyethylene HDPE Copolymer,SUP_004,Hansol High-Tech Components,PLANT_04,Tokyo Precision Facility,W02,437,18.6,0.85,8491.09,19.14,W01,W02,6,SUB_MOQ_VIOLATION
MAT_012,High-Density Polyethylene HDPE Copolymer,SUP_004,Hansol High-Tech Components,PLANT_05,Chennai Industrial Complex,W02,722,18.6,3.55,15995.84,19.14,W01,W02,8,SUB_MOQ_VIOLATION
MAT_012,High-Density Polyethylene HDPE Copolymer,SUP_005,MexSteel & Polymer Fabrica,PLANT_01,Detroit Advanced Assembly Hub,W02,461,20.39,1.7,10182.16,19.14,W01,W02,7,SUB_MOQ_VIOLATION
MAT_012,High-Density Polyethylene HDPE Copolymer,SUP_005,MexSteel & Polymer Fabrica,PLANT_02,Munich Engineering Works,W02,254,20.39,4.9,6429.22,19.14,W01,W02,9,SUB_MOQ_VIOLATION
MAT_012,High-Density Polyethylene HDPE Copolymer,SUP_005,MexSteel & Polymer Fabrica,PLANT_03,Monterrey Global Production Hub,W02,400,20.39,0.45,8339.33,19.14,W01,W02,7,SUB_MOQ_VIOLATION
MAT_012,High-Density Polyethylene HDPE Copolymer,SUP_005,MexSteel & Polymer Fabrica,PLANT_04,Tokyo Precision Facility,W02,85,20.39,6.45,2272.81,19.14,W01,W02,10,SUB_MOQ_VIOLATION
MAT_012,High-Density Polyethylene HDPE Copolymer,SUP_006,Saigon Composite Solutions,PLANT_04,Tokyo Precision Facility,W02,121,20.75,1.85,2729.18,19.14,W01,W02,4,SUB_MOQ_VIOLATION
MAT_012,High-Density Polyethylene HDPE Copolymer,SUP_006,Saigon Composite Solutions,PLANT_05,Chennai Industrial Complex,W02,281,20.75,2.1,6422.95,19.14,W01,W02,4,COMPLIANT
MAT_013,Polycarbonate Optical-Grade Pellets,SUP_002,Vanguard Industrial Dynamics,PLANT_01,Detroit Advanced Assembly Hub,W02,391,6.41,0.5,2701.26,6.69,W01,W02,5,COMPLIANT
MAT_013,Polycarbonate Optical-Grade Pellets,SUP_002,Vanguard Industrial Dynamics,PLANT_02,Munich Engineering Works,W02,657,6.41,3.5,6512.26,6.69,W01,W02,7,COMPLIANT
MAT_013,Polycarbonate Optical-Grade Pellets,SUP_002,Vanguard Industrial Dynamics,PLANT_03,Monterrey Global Production Hub,W02,491,6.41,1.6,3934.99,6.69,W01,W02,5,COMPLIANT
MAT_013,Polycarbonate Optical-Grade Pellets,SUP_002,Vanguard Industrial Dynamics,PLANT_05,Chennai Industrial Complex,W02,272,6.41,6.4,3480.22,6.69,W01,W02,8,COMPLIANT
MAT_013,Polycarbonate Optical-Grade Pellets,SUP_004,Hansol High-Tech Components,PLANT_02,Munich Engineering Works,W02,171,6.62,6.55,2246.39,6.69,W01,W02,8,SUB_MOQ_VIOLATION
MAT_013,Polycarbonate Optical-Grade Pellets,SUP_004,Hansol High-Tech Components,PLANT_04,Tokyo Precision Facility,W02,938,6.62,0.85,7006.86,6.69,W01,W02,5,SUB_MOQ_VIOLATION
MAT_013,Polycarbonate Optical-Grade Pellets,SUP_004,Hansol High-Tech Components,PLANT_05,Chennai Industrial Complex,W02,1136,6.62,3.55,11556.37,6.69,W01,W02,7,COMPLIANT
MAT_013,Polycarbonate Optical-Grade Pellets,SUP_005,MexSteel & Polymer Fabrica,PLANT_01,Detroit Advanced Assembly Hub,W02,283,6.86,1.7,2423.16,6.69,W01,W02,6,COMPLIANT
MAT_013,Polycarbonate Optical-Grade Pellets,SUP_005,MexSteel & Polymer Fabrica,PLANT_02,Munich Engineering Works,W02,305,6.86,4.9,3590.22,6.69,W01,W02,8,COMPLIANT
MAT_013,Polycarbonate Optical-Grade Pellets,SUP_005,MexSteel & Polymer Fabrica,PLANT_03,Monterrey Global Production Hub,W02,356,6.86,0.45,2600.46,6.69,W01,W02,6,COMPLIANT
MAT_013,Polycarbonate Optical-Grade Pellets,SUP_006,Saigon Composite Solutions,PLANT_04,Tokyo Precision Facility,W02,462,7.43,1.85,4287.36,6.69,W01,W02,5,SUB_MOQ_VIOLATION
MAT_013,Polycarbonate Optical-Grade Pellets,SUP_006,Saigon Composite Solutions,PLANT_05,Chennai Industrial Complex,W02,288,7.43,2.1,2744.64,6.69,W01,W02,5,SUB_MOQ_VIOLATION
MAT_014,Polyether Ether Ketone PEEK Polymer,SUP_002,Vanguard Industrial Dynamics,PLANT_01,Detroit Advanced Assembly Hub,W02,395,10.82,0.5,4476.49,11.17,W01,W02,4,COMPLIANT
MAT_014,Polyether Ether Ketone PEEK Polymer,SUP_002,Vanguard Industrial Dynamics,PLANT_02,Munich Engineering Works,W02,1065,10.82,3.5,15247.94,11.17,W01,W02,6,COMPLIANT
MAT_014,Polyether Ether Ketone PEEK Polymer,SUP_002,Vanguard Industrial Dynamics,PLANT_03,Monterrey Global Production Hub,W02,1300,10.82,1.6,16148.48,11.17,W01,W02,4,COMPLIANT
MAT_014,Polyether Ether Ketone PEEK Polymer,SUP_002,Vanguard Industrial Dynamics,PLANT_05,Chennai Industrial Complex,W02,407,10.82,6.4,7014.7,11.17,W01,W02,7,COMPLIANT
MAT_014,Polyether Ether Ketone PEEK Polymer,SUP_004,Hansol High-Tech Components,PLANT_04,Tokyo Precision Facility,W02,954,10.94,0.85,11245.54,11.17,W01,W02,6,COMPLIANT
MAT_014,Polyether Ether Ketone PEEK Polymer,SUP_004,Hansol High-Tech Components,PLANT_05,Chennai Industrial Complex,W02,1196,10.94,3.55,17335.4,11.17,W01,W02,8,COMPLIANT
MAT_014,Polyether Ether Ketone PEEK Polymer,SUP_005,MexSteel & Polymer Fabrica,PLANT_01,Detroit Advanced Assembly Hub,W02,324,11.43,1.7,4248.21,11.17,W01,W02,5,SUB_MOQ_VIOLATION
MAT_014,Polyether Ether Ketone PEEK Polymer,SUP_005,MexSteel & Polymer Fabrica,PLANT_02,Munich Engineering Works,W02,871,11.43,4.9,14226.7,11.17,W01,W02,7,COMPLIANT
MAT_014,Polyether Ether Ketone PEEK Polymer,SUP_005,MexSteel & Polymer Fabrica,PLANT_03,Monterrey Global Production Hub,W02,1064,11.43,0.45,12637.94,11.17,W01,W02,5,COMPLIANT
MAT_014,Polyether Ether Ketone PEEK Polymer,SUP_006,Saigon Composite Solutions,PLANT_04,Tokyo Precision Facility,W02,560,12.23,1.85,7887.33,11.17,W01,W02,5,COMPLIANT
MAT_014,Polyether Ether Ketone PEEK Polymer,SUP_006,Saigon Composite Solutions,PLANT_05,Chennai Industrial Complex,W02,295,12.23,2.1,4231.25,11.17,W01,W02,5,COMPLIANT
MAT_015,Thermoplastic Polyurethane TPU Elastomer,SUP_002,Vanguard Industrial Dynamics,PLANT_01,Detroit Advanced Assembly Hub,W02,1308,21.33,0.5,28543.82,22.9,W01,W02,7,COMPLIANT
MAT_015,Thermoplastic Polyurethane TPU Elastomer,SUP_002,Vanguard Industrial Dynamics,PLANT_02,Munich Engineering Works,W02,483,21.33,3.5,11992.89,22.9,W01,W02,9,SUB_MOQ_VIOLATION
MAT_015,Thermoplastic Polyurethane TPU Elastomer,SUP_002,Vanguard Industrial Dynamics,PLANT_03,Monterrey Global Production Hub,W02,889,21.33,1.6,20394.17,22.9,W01,W02,7,COMPLIANT
MAT_015,Thermoplastic Polyurethane TPU Elastomer,SUP_002,Vanguard Industrial Dynamics,PLANT_04,Tokyo Precision Facility,W02,231,21.33,6.2,6350.35,22.9,W01,W02,10,SUB_MOQ_VIOLATION
MAT_015,Thermoplastic Polyurethane TPU Elastomer,SUP_002,Vanguard Industrial Dynamics,PLANT_05,Chennai Industrial Complex,W02,412,21.33,6.4,11438.62,22.9,W01,W02,10,SUB_MOQ_VIOLATION
MAT_015,Thermoplastic Polyurethane TPU Elastomer,SUP_004,Hansol High-Tech Components,PLANT_04,Tokyo Precision Facility,W02,468,22.76,0.85,11057.27,22.9,W01,W02,3,SUB_MOQ_VIOLATION
MAT_015,Thermoplastic Polyurethane TPU Elastomer,SUP_004,Hansol High-Tech Components,PLANT_05,Chennai Industrial Complex,W02,838,22.76,3.55,22034.63,22.9,W01,W02,5,COMPLIANT
MAT_015,Thermoplastic Polyurethane TPU Elastomer,SUP_005,MexSteel & Polymer Fabrica,PLANT_01,Detroit Advanced Assembly Hub,W02,587,23.46,1.7,14780.24,22.9,W01,W02,7,SUB_MOQ_VIOLATION
MAT_015,Thermoplastic Polyurethane TPU Elastomer,SUP_005,MexSteel & Polymer Fabrica,PLANT_02,Munich Engineering Works,W02,217,23.46,4.9,6154.12,22.9,W01,W02,9,SUB_MOQ_VIOLATION
MAT_015,Thermoplastic Polyurethane TPU Elastomer,SUP_005,MexSteel & Polymer Fabrica,PLANT_03,Monterrey Global Production Hub,W02,400,23.46,0.45,9554.2,22.9,W01,W02,7,SUB_MOQ_VIOLATION
MAT_016,Quad-Core Embedded Controller SoC,SUP_003,Nippon Advanced Metallurgy,PLANT_01,Detroit Advanced Assembly Hub,W02,1524,212.57,5.1,331637.66,227.56,W01,W02,5,COMPLIANT
MAT_016,Quad-Core Embedded Controller SoC,SUP_003,Nippon Advanced Metallurgy,PLANT_02,Munich Engineering Works,W02,1493,212.57,6.5,327165.71,227.56,W01,W02,6,COMPLIANT
MAT_016,Quad-Core Embedded Controller SoC,SUP_003,Nippon Advanced Metallurgy,PLANT_03,Monterrey Global Production Hub,W02,1669,212.57,5.3,363618.49,227.56,W01,W02,6,COMPLIANT
MAT_016,Quad-Core Embedded Controller SoC,SUP_003,Nippon Advanced Metallurgy,PLANT_04,Tokyo Precision Facility,W02,628,212.57,0.45,133731.83,227.56,W01,W02,3,SUB_MOQ_VIOLATION
MAT_016,Quad-Core Embedded Controller SoC,SUP_003,Nippon Advanced Metallurgy,PLANT_05,Chennai Industrial Complex,W02,770,212.57,3.6,166558.98,227.56,W01,W02,5,COMPLIANT
MAT_016,Quad-Core Embedded Controller SoC,SUP_004,Hansol High-Tech Components,PLANT_01,Detroit Advanced Assembly Hub,W02,750,222.17,5.15,170585.47,227.56,W01,W02,9,COMPLIANT
MAT_016,Quad-Core Embedded Controller SoC,SUP_004,Hansol High-Tech Components,PLANT_02,Munich Engineering Works,W02,736,222.17,6.55,168239.57,227.56,W01,W02,9,SUB_MOQ_VIOLATION
MAT_016,Quad-Core Embedded Controller SoC,SUP_004,Hansol High-Tech Components,PLANT_03,Monterrey Global Production Hub,W02,822,222.17,5.35,187028.27,227.56,W01,W02,9,COMPLIANT
MAT_016,Quad-Core Embedded Controller SoC,SUP_004,Hansol High-Tech Components,PLANT_04,Tokyo Precision Facility,W02,309,222.17,0.85,68960.01,227.56,W01,W02,6,SUB_MOQ_VIOLATION
MAT_016,Quad-Core Embedded Controller SoC,SUP_004,Hansol High-Tech Components,PLANT_05,Chennai Industrial Complex,W02,380,222.17,3.55,85660.74,227.56,W01,W02,8,SUB_MOQ_VIOLATION
MAT_017,Industrial Power Management Module,SUP_003,Nippon Advanced Metallurgy,PLANT_01,Detroit Advanced Assembly Hub,W02,729,113.98,5.1,86804.56,118.85,W01,W02,9,SUB_MOQ_VIOLATION
MAT_017,Industrial Power Management Module,SUP_003,Nippon Advanced Metallurgy,PLANT_02,Munich Engineering Works,W02,890,113.98,6.5,107241.66,118.85,W01,W02,10,SUB_MOQ_VIOLATION
MAT_017,Industrial Power Management Module,SUP_003,Nippon Advanced Metallurgy,PLANT_03,Monterrey Global Production Hub,W02,1011,113.98,5.3,120611.16,118.85,W01,W02,10,COMPLIANT
MAT_017,Industrial Power Management Module,SUP_003,Nippon Advanced Metallurgy,PLANT_04,Tokyo Precision Facility,W02,922,113.98,0.45,105513.61,118.85,W01,W02,7,SUB_MOQ_VIOLATION
MAT_017,Industrial Power Management Module,SUP_003,Nippon Advanced Metallurgy,PLANT_05,Chennai Industrial Complex,W02,1467,113.98,3.6,172541.6,118.85,W01,W02,9,COMPLIANT
MAT_017,Industrial Power Management Module,SUP_004,Hansol High-Tech Components,PLANT_01,Detroit Advanced Assembly Hub,W02,343,121.21,5.15,43346.53,118.85,W01,W02,8,COMPLIANT
MAT_017,Industrial Power Management Module,SUP_004,Hansol High-Tech Components,PLANT_02,Munich Engineering Works,W02,419,121.21,6.55,53516.11,118.85,W01,W02,8,COMPLIANT
MAT_017,Industrial Power Management Module,SUP_004,Hansol High-Tech Components,PLANT_03,Monterrey Global Production Hub,W02,476,121.21,5.35,60222.31,118.85,W01,W02,8,COMPLIANT
MAT_017,Industrial Power Management Module,SUP_004,Hansol High-Tech Components,PLANT_04,Tokyo Precision Facility,W02,434,121.21,0.85,52964.28,118.85,W01,W02,5,COMPLIANT
MAT_017,Industrial Power Management Module,SUP_004,Hansol High-Tech Components,PLANT_05,Chennai Industrial Complex,W02,691,121.21,3.55,86154.27,118.85,W01,W02,7,COMPLIANT
MAT_018,Multi-Layer High-Frequency PCB Array,SUP_003,Nippon Advanced Metallurgy,PLANT_01,Detroit Advanced Assembly Hub,W02,785,230.16,5.1,184747.33,242.4,W01,W02,6,SUB_MOQ_VIOLATION
MAT_018,Multi-Layer High-Frequency PCB Array,SUP_003,Nippon Advanced Metallurgy,PLANT_02,Munich Engineering Works,W02,1157,230.16,6.5,273813.25,242.4,W01,W02,7,COMPLIANT
MAT_018,Multi-Layer High-Frequency PCB Array,SUP_003,Nippon Advanced Metallurgy,PLANT_03,Monterrey Global Production Hub,W02,510,230.16,5.3,120028.09,242.4,W01,W02,7,SUB_MOQ_VIOLATION
MAT_018,Multi-Layer High-Frequency PCB Array,SUP_003,Nippon Advanced Metallurgy,PLANT_04,Tokyo Precision Facility,W02,581,230.16,0.45,133882.94,242.4,W01,W02,4,SUB_MOQ_VIOLATION
MAT_018,Multi-Layer High-Frequency PCB Array,SUP_003,Nippon Advanced Metallurgy,PLANT_05,Chennai Industrial Complex,W02,1157,230.16,3.6,270457.98,242.4,W01,W02,6,COMPLIANT
MAT_018,Multi-Layer High-Frequency PCB Array,SUP_004,Hansol High-Tech Components,PLANT_01,Detroit Advanced Assembly Hub,W02,546,239.2,5.15,133344.24,242.4,W01,W02,8,SUB_MOQ_VIOLATION
MAT_018,Multi-Layer High-Frequency PCB Array,SUP_004,Hansol High-Tech Components,PLANT_02,Munich Engineering Works,W02,804,239.2,6.55,197585.46,242.4,W01,W02,8,SUB_MOQ_VIOLATION
MAT_018,Multi-Layer High-Frequency PCB Array,SUP_004,Hansol High-Tech Components,PLANT_03,Monterrey Global Production Hub,W02,354,239.2,5.35,86629.39,242.4,W01,W02,8,SUB_MOQ_VIOLATION
MAT_018,Multi-Layer High-Frequency PCB Array,SUP_004,Hansol High-Tech Components,PLANT_04,Tokyo Precision Facility,W02,403,239.2,0.85,96845.77,242.4,W01,W02,5,SUB_MOQ_VIOLATION
MAT_018,Multi-Layer High-Frequency PCB Array,SUP_004,Hansol High-Tech Components,PLANT_05,Chennai Industrial Complex,W02,804,239.2,3.55,195173.43,242.4,W01,W02,7,SUB_MOQ_VIOLATION
MAT_019,Precision MEMS IMU Sensor Package,SUP_003,Nippon Advanced Metallurgy,PLANT_01,Detroit Advanced Assembly Hub,W02,1288,307.13,5.1,402152.24,316.16,W01,W02,8,COMPLIANT
MAT_019,Precision MEMS IMU Sensor Package,SUP_003,Nippon Advanced Metallurgy,PLANT_02,Munich Engineering Works,W02,1272,307.13,6.5,398862.09,316.16,W01,W02,9,COMPLIANT
MAT_019,Precision MEMS IMU Sensor Package,SUP_003,Nippon Advanced Metallurgy,PLANT_03,Monterrey Global Production Hub,W02,1165,307.13,5.3,364093.42,316.16,W01,W02,9,COMPLIANT
MAT_019,Precision MEMS IMU Sensor Package,SUP_003,Nippon Advanced Metallurgy,PLANT_04,Tokyo Precision Facility,W02,984,307.13,0.45,302806.36,316.16,W01,W02,6,SUB_MOQ_VIOLATION
MAT_019,Precision MEMS IMU Sensor Package,SUP_003,Nippon Advanced Metallurgy,PLANT_05,Chennai Industrial Complex,W02,560,307.13,3.6,174008.8,316.16,W01,W02,8,SUB_MOQ_VIOLATION
MAT_019,Precision MEMS IMU Sensor Package,SUP_004,Hansol High-Tech Components,PLANT_01,Detroit Advanced Assembly Hub,W02,1012,310.88,5.15,319822.36,316.16,W01,W02,8,COMPLIANT
MAT_019,Precision MEMS IMU Sensor Package,SUP_004,Hansol High-Tech Components,PLANT_02,Munich Engineering Works,W02,999,310.88,6.55,317188.75,316.16,W01,W02,8,COMPLIANT
MAT_019,Precision MEMS IMU Sensor Package,SUP_004,Hansol High-Tech Components,PLANT_03,Monterrey Global Production Hub,W02,916,310.88,5.35,289552.84,316.16,W01,W02,8,COMPLIANT
MAT_019,Precision MEMS IMU Sensor Package,SUP_004,Hansol High-Tech Components,PLANT_04,Tokyo Precision Facility,W02,774,310.88,0.85,241129.39,316.16,W01,W02,5,COMPLIANT
MAT_019,Precision MEMS IMU Sensor Package,SUP_004,Hansol High-Tech Components,PLANT_05,Chennai Industrial Complex,W02,440,310.88,3.55,138349.2,316.16,W01,W02,7,SUB_MOQ_VIOLATION
MAT_020,Fiber-Optic Gigabit Transceiver Subassembly,SUP_003,Nippon Advanced Metallurgy,PLANT_01,Detroit Advanced Assembly Hub,W02,1197,44.87,5.1,59820.09,47.18,W01,W02,7,COMPLIANT
MAT_020,Fiber-Optic Gigabit Transceiver Subassembly,SUP_003,Nippon Advanced Metallurgy,PLANT_02,Munich Engineering Works,W02,650,44.87,6.5,33369.95,47.18,W01,W02,8,SUB_MOQ_VIOLATION
MAT_020,Fiber-Optic Gigabit Transceiver Subassembly,SUP_003,Nippon Advanced Metallurgy,PLANT_03,Monterrey Global Production Hub,W02,983,44.87,5.3,49322.13,47.18,W01,W02,8,SUB_MOQ_VIOLATION
MAT_020,Fiber-Optic Gigabit Transceiver Subassembly,SUP_003,Nippon Advanced Metallurgy,PLANT_04,Tokyo Precision Facility,W02,938,44.87,0.45,42530.1,47.18,W01,W02,5,SUB_MOQ_VIOLATION
MAT_020,Fiber-Optic Gigabit Transceiver Subassembly,SUP_003,Nippon Advanced Metallurgy,PLANT_05,Chennai Industrial Complex,W02,1081,44.87,3.6,52373.77,47.18,W01,W02,7,COMPLIANT
MAT_020,Fiber-Optic Gigabit Transceiver Subassembly,SUP_004,Hansol High-Tech Components,PLANT_01,Detroit Advanced Assembly Hub,W02,867,47.81,5.15,45909.96,47.18,W01,W02,6,COMPLIANT
MAT_020,Fiber-Optic Gigabit Transceiver Subassembly,SUP_004,Hansol High-Tech Components,PLANT_02,Munich Engineering Works,W02,470,47.81,6.55,25570.94,47.18,W01,W02,6,SUB_MOQ_VIOLATION
MAT_020,Fiber-Optic Gigabit Transceiver Subassembly,SUP_004,Hansol High-Tech Components,PLANT_03,Monterrey Global Production Hub,W02,712,47.81,5.35,37844.6,47.18,W01,W02,6,SUB_MOQ_VIOLATION
MAT_020,Fiber-Optic Gigabit Transceiver Subassembly,SUP_004,Hansol High-Tech Components,PLANT_04,Tokyo Precision Facility,W02,680,47.81,0.85,33067.39,47.18,W01,W02,3,SUB_MOQ_VIOLATION
MAT_020,Fiber-Optic Gigabit Transceiver Subassembly,SUP_004,Hansol High-Tech Components,PLANT_05,Chennai Industrial Complex,W02,782,47.81,3.55,40187.15,47.18,W01,W02,5,COMPLIANT
MAT_021,Angular Contact Spindle Bearing 7008,SUP_003,Nippon Advanced Metallurgy,PLANT_01,Detroit Advanced Assembly Hub,W02,798,116.17,5.1,96773.46,120.34,W01,W02,9,SUB_MOQ_VIOLATION
MAT_021,Angular Contact Spindle Bearing 7008,SUP_003,Nippon Advanced Metallurgy,PLANT_02,Munich Engineering Works,W02,1133,116.17,6.5,139004.74,120.34,W01,W02,10,SUB_MOQ_VIOLATION
MAT_021,Angular Contact Spindle Bearing 7008,SUP_003,Nippon Advanced Metallurgy,PLANT_03,Monterrey Global Production Hub,W02,333,116.17,5.3,40434.93,120.34,W01,W02,10,SUB_MOQ_VIOLATION
MAT_021,Angular Contact Spindle Bearing 7008,SUP_003,Nippon Advanced Metallurgy,PLANT_04,Tokyo Precision Facility,W02,1230,116.17,0.45,143449.6,120.34,W01,W02,7,COMPLIANT
MAT_021,Angular Contact Spindle Bearing 7008,SUP_003,Nippon Advanced Metallurgy,PLANT_05,Chennai Industrial Complex,W02,499,116.17,3.6,59735.29,120.34,W01,W02,9,SUB_MOQ_VIOLATION
MAT_021,Angular Contact Spindle Bearing 7008,SUP_011,Shinshu Bearing & Motion Systems,PLANT_01,Detroit Advanced Assembly Hub,W02,602,118.13,5.1,74184.46,120.34,W01,W02,7,COMPLIANT
MAT_021,Angular Contact Spindle Bearing 7008,SUP_011,Shinshu Bearing & Motion Systems,PLANT_02,Munich Engineering Works,W02,855,118.13,6.5,106538.71,120.34,W01,W02,8,COMPLIANT
MAT_021,Angular Contact Spindle Bearing 7008,SUP_011,Shinshu Bearing & Motion Systems,PLANT_03,Monterrey Global Production Hub,W02,251,118.13,5.3,30995.74,120.34,W01,W02,8,SUB_MOQ_VIOLATION
MAT_021,Angular Contact Spindle Bearing 7008,SUP_011,Shinshu Bearing & Motion Systems,PLANT_04,Tokyo Precision Facility,W02,928,118.13,0.45,110035.13,120.34,W01,W02,5,COMPLIANT
MAT_021,Angular Contact Spindle Bearing 7008,SUP_011,Shinshu Bearing & Motion Systems,PLANT_05,Chennai Industrial Complex,W02,376,118.13,3.6,45800.91,120.34,W01,W02,7,SUB_MOQ_VIOLATION
MAT_022,Double-Row Tapered Roller Bearing,SUP_003,Nippon Advanced Metallurgy,PLANT_01,Detroit Advanced Assembly Hub,W02,826,103.66,5.1,89786.82,106.66,W01,W02,8,COMPLIANT
MAT_022,Double-Row Tapered Roller Bearing,SUP_003,Nippon Advanced Metallurgy,PLANT_02,Munich Engineering Works,W02,987,103.66,6.5,108755.46,106.66,W01,W02,9,COMPLIANT
MAT_022,Double-Row Tapered Roller Bearing,SUP_003,Nippon Advanced Metallurgy,PLANT_03,Monterrey Global Production Hub,W02,1335,103.66,5.3,145445.26,106.66,W01,W02,9,COMPLIANT
MAT_022,Double-Row Tapered Roller Bearing,SUP_003,Nippon Advanced Metallurgy,PLANT_04,Tokyo Precision Facility,W02,378,103.66,0.45,39395.22,106.66,W01,W02,6,SUB_MOQ_VIOLATION
MAT_022,Double-Row Tapered Roller Bearing,SUP_003,Nippon Advanced Metallurgy,PLANT_05,Chennai Industrial Complex,W02,1275,103.66,3.6,136745.77,106.66,W01,W02,8,COMPLIANT
MAT_022,Double-Row Tapered Roller Bearing,SUP_011,Shinshu Bearing & Motion Systems,PLANT_01,Detroit Advanced Assembly Hub,W02,675,105.28,5.1,74556.17,106.66,W01,W02,8,SUB_MOQ_VIOLATION
MAT_022,Double-Row Tapered Roller Bearing,SUP_011,Shinshu Bearing & Motion Systems,PLANT_02,Munich Engineering Works,W02,808,105.28,6.5,90290.29,106.66,W01,W02,9,SUB_MOQ_VIOLATION
MAT_022,Double-Row Tapered Roller Bearing,SUP_011,Shinshu Bearing & Motion Systems,PLANT_03,Monterrey Global Production Hub,W02,1092,105.28,5.3,120769.95,106.66,W01,W02,9,COMPLIANT
MAT_022,Double-Row Tapered Roller Bearing,SUP_011,Shinshu Bearing & Motion Systems,PLANT_04,Tokyo Precision Facility,W02,310,105.28,0.45,32734.01,106.66,W01,W02,6,SUB_MOQ_VIOLATION
MAT_022,Double-Row Tapered Roller Bearing,SUP_011,Shinshu Bearing & Motion Systems,PLANT_05,Chennai Industrial Complex,W02,1043,105.28,3.6,113572.73,106.66,W01,W02,8,COMPLIANT
MAT_023,Deep-Groove Ceramic Hybrid Bearing,SUP_003,Nippon Advanced Metallurgy,PLANT_01,Detroit Advanced Assembly Hub,W02,1261,57.2,5.1,78576.5,61.21,W01,W02,6,COMPLIANT
MAT_023,Deep-Groove Ceramic Hybrid Bearing,SUP_003,Nippon Advanced Metallurgy,PLANT_02,Munich Engineering Works,W02,1099,57.2,6.5,70028.6,61.21,W01,W02,7,COMPLIANT
MAT_023,Deep-Groove Ceramic Hybrid Bearing,SUP_003,Nippon Advanced Metallurgy,PLANT_03,Monterrey Global Production Hub,W02,1033,57.2,5.3,64575.0,61.21,W01,W02,7,COMPLIANT
MAT_023,Deep-Groove Ceramic Hybrid Bearing,SUP_003,Nippon Advanced Metallurgy,PLANT_04,Tokyo Precision Facility,W02,1555,57.2,0.45,89672.85,61.21,W01,W02,4,COMPLIANT
MAT_023,Deep-Groove Ceramic Hybrid Bearing,SUP_003,Nippon Advanced Metallurgy,PLANT_05,Chennai Industrial Complex,W02,1212,57.2,3.6,73696.9,61.21,W01,W02,6,COMPLIANT
MAT_023,Deep-Groove Ceramic Hybrid Bearing,SUP_011,Shinshu Bearing & Motion Systems,PLANT_01,Detroit Advanced Assembly Hub,W02,741,60.49,5.1,48585.14,61.21,W01,W02,5,COMPLIANT
MAT_023,Deep-Groove Ceramic Hybrid Bearing,SUP_011,Shinshu Bearing & Motion Systems,PLANT_02,Munich Engineering Works,W02,646,60.49,6.5,43252.09,61.21,W01,W02,6,COMPLIANT
MAT_023,Deep-Groove Ceramic Hybrid Bearing,SUP_011,Shinshu Bearing & Motion Systems,PLANT_03,Monterrey Global Production Hub,W02,607,60.49,5.3,39921.37,61.21,W01,W02,6,COMPLIANT
MAT_023,Deep-Groove Ceramic Hybrid Bearing,SUP_011,Shinshu Bearing & Motion Systems,PLANT_04,Tokyo Precision Facility,W02,914,60.49,0.45,55670.52,61.21,W01,W02,3,COMPLIANT
MAT_023,Deep-Groove Ceramic Hybrid Bearing,SUP_011,Shinshu Bearing & Motion Systems,PLANT_05,Chennai Industrial Complex,W02,712,60.49,3.6,45624.39,61.21,W01,W02,5,COMPLIANT
MAT_024,Sealed Spherical Roller Bearing 22210,SUP_003,Nippon Advanced Metallurgy,PLANT_01,Detroit Advanced Assembly Hub,W02,1046,37.17,5.1,44205.97,37.75,W01,W02,9,COMPLIANT
MAT_024,Sealed Spherical Roller Bearing 22210,SUP_003,Nippon Advanced Metallurgy,PLANT_02,Munich Engineering Works,W02,452,37.17,6.5,19756.31,37.75,W01,W02,10,SUB_MOQ_VIOLATION
MAT_024,Sealed Spherical Roller Bearing 22210,SUP_003,Nippon Advanced Metallurgy,PLANT_03,Monterrey Global Production Hub,W02,545,37.17,5.3,23163.14,37.75,W01,W02,10,SUB_MOQ_VIOLATION
MAT_024,Sealed Spherical Roller Bearing 22210,SUP_003,Nippon Advanced Metallurgy,PLANT_04,Tokyo Precision Facility,W02,1021,37.17,0.45,38417.54,37.75,W01,W02,7,COMPLIANT
MAT_024,Sealed Spherical Roller Bearing 22210,SUP_003,Nippon Advanced Metallurgy,PLANT_05,Chennai Industrial Complex,W02,1200,37.17,3.6,48924.0,37.75,W01,W02,9,COMPLIANT
MAT_024,Sealed Spherical Roller Bearing 22210,SUP_011,Shinshu Bearing & Motion Systems,PLANT_01,Detroit Advanced Assembly Hub,W02,697,38.02,5.1,30063.26,37.75,W01,W02,5,SUB_MOQ_VIOLATION
MAT_024,Sealed Spherical Roller Bearing 22210,SUP_011,Shinshu Bearing & Motion Systems,PLANT_02,Munich Engineering Works,W02,302,38.02,6.5,13427.23,37.75,W01,W02,6,SUB_MOQ_VIOLATION
MAT_024,Sealed Spherical Roller Bearing 22210,SUP_011,Shinshu Bearing & Motion Systems,PLANT_03,Monterrey Global Production Hub,W02,364,38.02,5.3,15751.15,37.75,W01,W02,6,SUB_MOQ_VIOLATION
MAT_024,Sealed Spherical Roller Bearing 22210,SUP_011,Shinshu Bearing & Motion Systems,PLANT_04,Tokyo Precision Facility,W02,681,38.02,0.45,26190.38,37.75,W01,W02,3,SUB_MOQ_VIOLATION
MAT_024,Sealed Spherical Roller Bearing 22210,SUP_011,Shinshu Bearing & Motion Systems,PLANT_05,Chennai Industrial Complex,W02,800,38.02,3.6,33296.0,37.75,W01,W02,5,SUB_MOQ_VIOLATION
MAT_025,High-Speed Miniature Precision Bearing,SUP_003,Nippon Advanced Metallurgy,PLANT_01,Detroit Advanced Assembly Hub,W02,944,131.11,5.1,128533.2,139.57,W01,W02,8,SUB_MOQ_VIOLATION
MAT_025,High-Speed Miniature Precision Bearing,SUP_003,Nippon Advanced Metallurgy,PLANT_02,Munich Engineering Works,W02,1476,131.11,6.5,203057.32,139.57,W01,W02,9,COMPLIANT
MAT_025,High-Speed Miniature Precision Bearing,SUP_003,Nippon Advanced Metallurgy,PLANT_03,Monterrey Global Production Hub,W02,1247,131.11,5.3,170163.29,139.57,W01,W02,9,COMPLIANT
MAT_025,High-Speed Miniature Precision Bearing,SUP_003,Nippon Advanced Metallurgy,PLANT_04,Tokyo Precision Facility,W02,926,131.11,0.45,121779.83,139.57,W01,W02,6,SUB_MOQ_VIOLATION
MAT_025,High-Speed Miniature Precision Bearing,SUP_003,Nippon Advanced Metallurgy,PLANT_05,Chennai Industrial Complex,W02,1097,131.11,3.6,147830.75,139.57,W01,W02,8,COMPLIANT
MAT_025,High-Speed Miniature Precision Bearing,SUP_011,Shinshu Bearing & Motion Systems,PLANT_01,Detroit Advanced Assembly Hub,W02,578,135.66,5.1,81409.95,139.57,W01,W02,7,SUB_MOQ_VIOLATION
MAT_025,High-Speed Miniature Precision Bearing,SUP_011,Shinshu Bearing & Motion Systems,PLANT_02,Munich Engineering Works,W02,904,135.66,6.5,128569.5,139.57,W01,W02,8,COMPLIANT
MAT_025,High-Speed Miniature Precision Bearing,SUP_011,Shinshu Bearing & Motion Systems,PLANT_03,Monterrey Global Production Hub,W02,765,135.66,5.3,107772.38,139.57,W01,W02,8,COMPLIANT
MAT_025,High-Speed Miniature Precision Bearing,SUP_011,Shinshu Bearing & Motion Systems,PLANT_04,Tokyo Precision Facility,W02,567,135.66,0.45,77220.65,139.57,W01,W02,5,SUB_MOQ_VIOLATION
MAT_025,High-Speed Miniature Precision Bearing,SUP_011,Shinshu Bearing & Motion Systems,PLANT_05,Chennai Industrial Complex,W02,673,135.66,3.6,93666.28,139.57,W01,W02,7,SUB_MOQ_VIOLATION
MAT_026,Proportional Electro-Hydraulic Valve,SUP_001,Apex Precision Metals GmbH,PLANT_01,Detroit Advanced Assembly Hub,W02,907,185.93,3.4,171788.58,194.59,W01,W02,5,SUB_MOQ_VIOLATION
MAT_026,Proportional Electro-Hydraulic Valve,SUP_001,Apex Precision Metals GmbH,PLANT_02,Munich Engineering Works,W02,1546,185.93,0.45,288068.93,194.59,W01,W02,4,COMPLIANT
MAT_026,Proportional Electro-Hydraulic Valve,SUP_001,Apex Precision Metals GmbH,PLANT_03,Monterrey Global Production Hub,W02,935,185.93,4.8,178323.01,194.59,W01,W02,6,SUB_MOQ_VIOLATION
MAT_026,Proportional Electro-Hydraulic Valve,SUP_001,Apex Precision Metals GmbH,PLANT_04,Tokyo Precision Facility,W02,1066,185.93,7.6,206312.66,194.59,W01,W02,7,SUB_MOQ_VIOLATION
MAT_026,Proportional Electro-Hydraulic Valve,SUP_001,Apex Precision Metals GmbH,PLANT_05,Chennai Industrial Complex,W02,513,185.93,5.1,97935.35,194.59,W01,W02,6,SUB_MOQ_VIOLATION
MAT_026,Proportional Electro-Hydraulic Valve,SUP_009,EuroHydraulics SpA,PLANT_01,Detroit Advanced Assembly Hub,W02,408,198.4,3.4,82263.77,194.59,W01,W02,4,COMPLIANT
MAT_026,Proportional Electro-Hydraulic Valve,SUP_009,EuroHydraulics SpA,PLANT_02,Munich Engineering Works,W02,694,198.4,0.45,138081.44,194.59,W01,W02,3,COMPLIANT
MAT_026,Proportional Electro-Hydraulic Valve,SUP_009,EuroHydraulics SpA,PLANT_03,Monterrey Global Production Hub,W02,420,198.4,4.8,85354.16,194.59,W01,W02,5,COMPLIANT
MAT_026,Proportional Electro-Hydraulic Valve,SUP_009,EuroHydraulics SpA,PLANT_04,Tokyo Precision Facility,W02,479,198.4,7.6,98663.7,194.59,W01,W02,6,COMPLIANT
MAT_026,Proportional Electro-Hydraulic Valve,SUP_009,EuroHydraulics SpA,PLANT_05,Chennai Industrial Complex,W02,230,198.4,5.1,46872.16,194.59,W01,W02,5,SUB_MOQ_VIOLATION
MAT_027,Double-Acting Heavy Cylinder 3000 PSI,SUP_001,Apex Precision Metals GmbH,PLANT_01,Detroit Advanced Assembly Hub,W02,685,95.5,3.4,67756.39,100.71,W01,W02,6,SUB_MOQ_VIOLATION
MAT_027,Double-Acting Heavy Cylinder 3000 PSI,SUP_001,Apex Precision Metals GmbH,PLANT_02,Munich Engineering Works,W02,1526,95.5,0.45,146461.92,100.71,W01,W02,5,COMPLIANT
MAT_027,Double-Acting Heavy Cylinder 3000 PSI,SUP_001,Apex Precision Metals GmbH,PLANT_03,Monterrey Global Production Hub,W02,956,95.5,4.8,95890.81,100.71,W01,W02,7,SUB_MOQ_VIOLATION
MAT_027,Double-Acting Heavy Cylinder 3000 PSI,SUP_001,Apex Precision Metals GmbH,PLANT_04,Tokyo Precision Facility,W02,611,95.5,7.6,62963.17,100.71,W01,W02,8,SUB_MOQ_VIOLATION
MAT_027,Double-Acting Heavy Cylinder 3000 PSI,SUP_001,Apex Precision Metals GmbH,PLANT_05,Chennai Industrial Complex,W02,1189,95.5,5.1,119567.12,100.71,W01,W02,7,COMPLIANT
MAT_027,Double-Acting Heavy Cylinder 3000 PSI,SUP_009,EuroHydraulics SpA,PLANT_01,Detroit Advanced Assembly Hub,W02,420,98.17,3.4,42649.24,100.71,W01,W02,7,COMPLIANT
MAT_027,Double-Acting Heavy Cylinder 3000 PSI,SUP_009,EuroHydraulics SpA,PLANT_02,Munich Engineering Works,W02,936,98.17,0.45,92264.93,100.71,W01,W02,6,COMPLIANT
MAT_027,Double-Acting Heavy Cylinder 3000 PSI,SUP_009,EuroHydraulics SpA,PLANT_03,Monterrey Global Production Hub,W02,586,98.17,4.8,60336.3,100.71,W01,W02,8,COMPLIANT
MAT_027,Double-Acting Heavy Cylinder 3000 PSI,SUP_007,Bharat Precision Engineering,PLANT_04,Tokyo Precision Facility,W02,374,101.87,3.65,39496.14,100.71,W01,W02,9,SUB_MOQ_VIOLATION
MAT_027,Double-Acting Heavy Cylinder 3000 PSI,SUP_007,Bharat Precision Engineering,PLANT_05,Chennai Industrial Complex,W02,728,101.87,0.45,74536.03,100.71,W01,W02,7,COMPLIANT
MAT_028,Variable Displacement Piston Pump Core,SUP_001,Apex Precision Metals GmbH,PLANT_01,Detroit Advanced Assembly Hub,W02,564,99.77,3.4,58218.83,102.24,W01,W02,8,SUB_MOQ_VIOLATION
MAT_028,Variable Displacement Piston Pump Core,SUP_001,Apex Precision Metals GmbH,PLANT_02,Munich Engineering Works,W02,838,99.77,0.45,84004.4,102.24,W01,W02,7,COMPLIANT
MAT_028,Variable Displacement Piston Pump Core,SUP_001,Apex Precision Metals GmbH,PLANT_03,Monterrey Global Production Hub,W02,1308,99.77,4.8,136790.11,102.24,W01,W02,9,COMPLIANT
MAT_028,Variable Displacement Piston Pump Core,SUP_001,Apex Precision Metals GmbH,PLANT_04,Tokyo Precision Facility,W02,1262,99.77,7.6,135492.35,102.24,W01,W02,10,COMPLIANT
MAT_028,Variable Displacement Piston Pump Core,SUP_001,Apex Precision Metals GmbH,PLANT_05,Chennai Industrial Complex,W02,388,99.77,5.1,40697.95,102.24,W01,W02,9,SUB_MOQ_VIOLATION
MAT_028,Variable Displacement Piston Pump Core,SUP_009,EuroHydraulics SpA,PLANT_01,Detroit Advanced Assembly Hub,W02,291,102.06,3.4,30657.22,102.24,W01,W02,6,SUB_MOQ_VIOLATION
MAT_028,Variable Displacement Piston Pump Core,SUP_009,EuroHydraulics SpA,PLANT_02,Munich Engineering Works,W02,432,102.06,0.45,44263.82,102.24,W01,W02,5,SUB_MOQ_VIOLATION
MAT_028,Variable Displacement Piston Pump Core,SUP_009,EuroHydraulics SpA,PLANT_03,Monterrey Global Production Hub,W02,674,102.06,4.8,72010.82,102.24,W01,W02,7,SUB_MOQ_VIOLATION
MAT_028,Variable Displacement Piston Pump Core,SUP_009,EuroHydraulics SpA,PLANT_04,Tokyo Precision Facility,W02,650,102.06,7.6,71287.77,102.24,W01,W02,8,SUB_MOQ_VIOLATION
MAT_028,Variable Displacement Piston Pump Core,SUP_009,EuroHydraulics SpA,PLANT_05,Chennai Industrial Complex,W02,200,102.06,5.1,21423.43,102.24,W01,W02,7,SUB_MOQ_VIOLATION
MAT_029,Reinforced High-Pressure Flex Hose Assembly,SUP_001,Apex Precision Metals GmbH,PLANT_01,Detroit Advanced Assembly Hub,W02,462,371.44,3.4,172988.66,391.29,W01,W02,5,COMPLIANT
MAT_029,Reinforced High-Pressure Flex Hose Assembly,SUP_001,Apex Precision Metals GmbH,PLANT_02,Munich Engineering Works,W02,673,371.44,0.45,250430.73,391.29,W01,W02,4,COMPLIANT
MAT_029,Reinforced High-Pressure Flex Hose Assembly,SUP_001,Apex Precision Metals GmbH,PLANT_03,Monterrey Global Production Hub,W02,1090,371.44,4.8,410120.41,391.29,W01,W02,6,COMPLIANT
MAT_029,Reinforced High-Pressure Flex Hose Assembly,SUP_001,Apex Precision Metals GmbH,PLANT_04,Tokyo Precision Facility,W02,533,371.44,7.6,202028.32,391.29,W01,W02,7,COMPLIANT
MAT_029,Reinforced High-Pressure Flex Hose Assembly,SUP_001,Apex Precision Metals GmbH,PLANT_05,Chennai Industrial Complex,W02,1319,371.44,5.1,496599.78,391.29,W01,W02,6,COMPLIANT
MAT_029,Reinforced High-Pressure Flex Hose Assembly,SUP_009,EuroHydraulics SpA,PLANT_01,Detroit Advanced Assembly Hub,W02,248,386.32,3.4,96845.42,391.29,W01,W02,8,SUB_MOQ_VIOLATION
MAT_029,Reinforced High-Pressure Flex Hose Assembly,SUP_009,EuroHydraulics SpA,PLANT_02,Munich Engineering Works,W02,363,386.32,0.45,140242.8,391.29,W01,W02,7,SUB_MOQ_VIOLATION
MAT_029,Reinforced High-Pressure Flex Hose Assembly,SUP_009,EuroHydraulics SpA,PLANT_03,Monterrey Global Production Hub,W02,587,386.32,4.8,229567.88,391.29,W01,W02,9,SUB_MOQ_VIOLATION
MAT_029,Reinforced High-Pressure Flex Hose Assembly,SUP_009,EuroHydraulics SpA,PLANT_04,Tokyo Precision Facility,W02,287,386.32,7.6,113055.04,391.29,W01,W02,10,SUB_MOQ_VIOLATION
MAT_029,Reinforced High-Pressure Flex Hose Assembly,SUP_009,EuroHydraulics SpA,PLANT_05,Chennai Industrial Complex,W02,710,386.32,5.1,277966.91,391.29,W01,W02,9,SUB_MOQ_VIOLATION
MAT_030,Servo-Controlled Hydraulic Actuator,SUP_001,Apex Precision Metals GmbH,PLANT_01,Detroit Advanced Assembly Hub,W02,572,276.63,3.4,160305.97,297.43,W01,W02,7,SUB_MOQ_VIOLATION
MAT_030,Servo-Controlled Hydraulic Actuator,SUP_001,Apex Precision Metals GmbH,PLANT_02,Munich Engineering Works,W02,963,276.63,0.45,266772.62,297.43,W01,W02,6,SUB_MOQ_VIOLATION
MAT_030,Servo-Controlled Hydraulic Actuator,SUP_001,Apex Precision Metals GmbH,PLANT_03,Monterrey Global Production Hub,W02,585,276.63,4.8,164698.46,297.43,W01,W02,8,SUB_MOQ_VIOLATION
MAT_030,Servo-Controlled Hydraulic Actuator,SUP_001,Apex Precision Metals GmbH,PLANT_04,Tokyo Precision Facility,W02,707,276.63,7.6,200956.29,297.43,W01,W02,9,SUB_MOQ_VIOLATION
MAT_030,Servo-Controlled Hydraulic Actuator,SUP_001,Apex Precision Metals GmbH,PLANT_05,Chennai Industrial Complex,W02,1355,276.63,5.1,381710.34,297.43,W01,W02,8,COMPLIANT
MAT_030,Servo-Controlled Hydraulic Actuator,SUP_009,EuroHydraulics SpA,PLANT_01,Detroit Advanced Assembly Hub,W02,415,294.96,3.4,123682.15,297.43,W01,W02,7,SUB_MOQ_VIOLATION
MAT_030,Servo-Controlled Hydraulic Actuator,SUP_009,EuroHydraulics SpA,PLANT_02,Munich Engineering Works,W02,697,294.96,0.45,205959.85,297.43,W01,W02,6,SUB_MOQ_VIOLATION
MAT_030,Servo-Controlled Hydraulic Actuator,SUP_009,EuroHydraulics SpA,PLANT_03,Monterrey Global Production Hub,W02,424,294.96,4.8,127032.29,297.43,W01,W02,8,SUB_MOQ_VIOLATION
MAT_030,Servo-Controlled Hydraulic Actuator,SUP_009,EuroHydraulics SpA,PLANT_04,Tokyo Precision Facility,W02,512,294.96,7.6,154904.67,297.43,W01,W02,9,SUB_MOQ_VIOLATION
MAT_030,Servo-Controlled Hydraulic Actuator,SUP_009,EuroHydraulics SpA,PLANT_05,Chennai Industrial Complex,W02,981,294.96,5.1,294394.87,297.43,W01,W02,8,SUB_MOQ_VIOLATION
MAT_031,Grade 12.9 Structural Flange Hex Bolt,SUP_002,Vanguard Industrial Dynamics,PLANT_01,Detroit Advanced Assembly Hub,W02,880,14.13,0.5,12877.33,15.16,W01,W02,4,SUB_MOQ_VIOLATION
MAT_031,Grade 12.9 Structural Flange Hex Bolt,SUP_002,Vanguard Industrial Dynamics,PLANT_02,Munich Engineering Works,W02,592,14.13,3.5,10440.49,15.16,W01,W02,6,SUB_MOQ_VIOLATION
MAT_031,Grade 12.9 Structural Flange Hex Bolt,SUP_002,Vanguard Industrial Dynamics,PLANT_03,Monterrey Global Production Hub,W02,1190,14.13,1.6,18715.55,15.16,W01,W02,4,SUB_MOQ_VIOLATION
MAT_031,Grade 12.9 Structural Flange Hex Bolt,SUP_002,Vanguard Industrial Dynamics,PLANT_04,Tokyo Precision Facility,W02,435,14.13,6.2,8834.6,15.16,W01,W02,7,SUB_MOQ_VIOLATION
MAT_031,Grade 12.9 Structural Flange Hex Bolt,SUP_002,Vanguard Industrial Dynamics,PLANT_05,Chennai Industrial Complex,W02,429,14.13,6.4,8809.83,15.16,W01,W02,7,SUB_MOQ_VIOLATION
MAT_031,Grade 12.9 Structural Flange Hex Bolt,SUP_007,Bharat Precision Engineering,PLANT_04,Tokyo Precision Facility,W02,923,14.72,3.65,16963.59,15.16,W01,W02,5,SUB_MOQ_VIOLATION
MAT_031,Grade 12.9 Structural Flange Hex Bolt,SUP_007,Bharat Precision Engineering,PLANT_05,Chennai Industrial Complex,W02,912,14.72,0.45,13833.22,15.16,W01,W02,3,SUB_MOQ_VIOLATION
MAT_031,Grade 12.9 Structural Flange Hex Bolt,SUP_010,Detroit Fastener Alliance,PLANT_01,Detroit Advanced Assembly Hub,W02,587,15.41,0.5,9335.99,15.16,W01,W02,4,COMPLIANT
MAT_031,Grade 12.9 Structural Flange Hex Bolt,SUP_010,Detroit Fastener Alliance,PLANT_02,Munich Engineering Works,W02,395,15.41,3.5,7465.67,15.16,W01,W02,6,COMPLIANT
MAT_031,Grade 12.9 Structural Flange Hex Bolt,SUP_010,Detroit Fastener Alliance,PLANT_03,Monterrey Global Production Hub,W02,793,15.41,1.6,13492.33,15.16,W01,W02,4,COMPLIANT
MAT_032,Aerospace Grade Titanium Locknut,SUP_002,Vanguard Industrial Dynamics,PLANT_01,Detroit Advanced Assembly Hub,W02,488,13.27,0.5,6718.38,13.82,W01,W02,6,SUB_MOQ_VIOLATION
MAT_032,Aerospace Grade Titanium Locknut,SUP_002,Vanguard Industrial Dynamics,PLANT_02,Munich Engineering Works,W02,825,13.27,3.5,13840.28,13.82,W01,W02,8,COMPLIANT
MAT_032,Aerospace Grade Titanium Locknut,SUP_002,Vanguard Industrial Dynamics,PLANT_03,Monterrey Global Production Hub,W02,545,13.27,1.6,8108.61,13.82,W01,W02,6,SUB_MOQ_VIOLATION
MAT_032,Aerospace Grade Titanium Locknut,SUP_002,Vanguard Industrial Dynamics,PLANT_04,Tokyo Precision Facility,W02,352,13.27,6.2,6856.56,13.82,W01,W02,9,SUB_MOQ_VIOLATION
MAT_032,Aerospace Grade Titanium Locknut,SUP_002,Vanguard Industrial Dynamics,PLANT_05,Chennai Industrial Complex,W02,610,13.27,6.4,12000.27,13.82,W01,W02,9,SUB_MOQ_VIOLATION
MAT_032,Aerospace Grade Titanium Locknut,SUP_007,Bharat Precision Engineering,PLANT_04,Tokyo Precision Facility,W02,784,13.61,3.65,13529.08,13.82,W01,W02,6,SUB_MOQ_VIOLATION
MAT_032,Aerospace Grade Titanium Locknut,SUP_007,Bharat Precision Engineering,PLANT_05,Chennai Industrial Complex,W02,1358,13.61,0.45,19092.36,13.82,W01,W02,4,COMPLIANT
MAT_032,Aerospace Grade Titanium Locknut,SUP_010,Detroit Fastener Alliance,PLANT_01,Detroit Advanced Assembly Hub,W02,209,14.38,0.5,3111.41,13.82,W01,W02,3,SUB_MOQ_VIOLATION
MAT_032,Aerospace Grade Titanium Locknut,SUP_010,Detroit Fastener Alliance,PLANT_02,Munich Engineering Works,W02,354,14.38,3.5,6324.16,13.82,W01,W02,5,SUB_MOQ_VIOLATION
MAT_032,Aerospace Grade Titanium Locknut,SUP_010,Detroit Fastener Alliance,PLANT_03,Monterrey Global Production Hub,W02,234,14.38,1.6,3734.53,13.82,W01,W02,3,SUB_MOQ_VIOLATION
MAT_033,Stainless Steel A4-80 Socket Cap Screw,SUP_002,Vanguard Industrial Dynamics,PLANT_01,Detroit Advanced Assembly Hub,W02,832,10.01,0.5,8743.27,10.48,W01,W02,5,SUB_MOQ_VIOLATION
MAT_033,Stainless Steel A4-80 Socket Cap Screw,SUP_002,Vanguard Industrial Dynamics,PLANT_02,Munich Engineering Works,W02,683,10.01,3.5,9222.33,10.48,W01,W02,7,SUB_MOQ_VIOLATION
MAT_033,Stainless Steel A4-80 Socket Cap Screw,SUP_002,Vanguard Industrial Dynamics,PLANT_03,Monterrey Global Production Hub,W02,846,10.01,1.6,9822.76,10.48,W01,W02,5,SUB_MOQ_VIOLATION
MAT_033,Stainless Steel A4-80 Socket Cap Screw,SUP_002,Vanguard Industrial Dynamics,PLANT_04,Tokyo Precision Facility,W02,761,10.01,6.2,12338.08,10.48,W01,W02,8,SUB_MOQ_VIOLATION
MAT_033,Stainless Steel A4-80 Socket Cap Screw,SUP_002,Vanguard Industrial Dynamics,PLANT_05,Chennai Industrial Complex,W02,442,10.01,6.4,7258.47,10.48,W01,W02,8,SUB_MOQ_VIOLATION
MAT_033,Stainless Steel A4-80 Socket Cap Screw,SUP_007,Bharat Precision Engineering,PLANT_04,Tokyo Precision Facility,W02,1242,10.35,3.65,17386.04,10.48,W01,W02,9,COMPLIANT
MAT_033,Stainless Steel A4-80 Socket Cap Screw,SUP_007,Bharat Precision Engineering,PLANT_05,Chennai Industrial Complex,W02,722,10.35,0.45,7794.14,10.48,W01,W02,7,SUB_MOQ_VIOLATION
MAT_033,Stainless Steel A4-80 Socket Cap Screw,SUP_010,Detroit Fastener Alliance,PLANT_01,Detroit Advanced Assembly Hub,W02,578,10.68,0.5,6463.16,10.48,W01,W02,6,SUB_MOQ_VIOLATION
MAT_033,Stainless Steel A4-80 Socket Cap Screw,SUP_010,Detroit Fastener Alliance,PLANT_02,Munich Engineering Works,W02,474,10.68,3.5,6726.57,10.48,W01,W02,8,SUB_MOQ_VIOLATION
MAT_033,Stainless Steel A4-80 Socket Cap Screw,SUP_010,Detroit Fastener Alliance,PLANT_03,Monterrey Global Production Hub,W02,588,10.68,1.6,7219.9,10.48,W01,W02,6,SUB_MOQ_VIOLATION
MAT_034,Hardened Belleville Spring Washers,SUP_002,Vanguard Industrial Dynamics,PLANT_01,Detroit Advanced Assembly Hub,W02,838,17.36,0.5,14964.89,18.03,W01,W02,5,SUB_MOQ_VIOLATION
MAT_034,Hardened Belleville Spring Washers,SUP_002,Vanguard Industrial Dynamics,PLANT_02,Munich Engineering Works,W02,1009,17.36,3.5,21041.48,18.03,W01,W02,7,COMPLIANT
MAT_034,Hardened Belleville Spring Washers,SUP_002,Vanguard Industrial Dynamics,PLANT_03,Monterrey Global Production Hub,W02,852,17.36,1.6,16152.02,18.03,W01,W02,5,SUB_MOQ_VIOLATION
MAT_034,Hardened Belleville Spring Washers,SUP_002,Vanguard Industrial Dynamics,PLANT_04,Tokyo Precision Facility,W02,958,17.36,6.2,22566.71,18.03,W01,W02,8,SUB_MOQ_VIOLATION
MAT_034,Hardened Belleville Spring Washers,SUP_002,Vanguard Industrial Dynamics,PLANT_05,Chennai Industrial Complex,W02,542,17.36,6.4,12880.3,18.03,W01,W02,8,SUB_MOQ_VIOLATION
MAT_034,Hardened Belleville Spring Washers,SUP_007,Bharat Precision Engineering,PLANT_04,Tokyo Precision Facility,W02,1498,17.75,3.65,32060.62,18.03,W01,W02,6,COMPLIANT
MAT_034,Hardened Belleville Spring Washers,SUP_007,Bharat Precision Engineering,PLANT_05,Chennai Industrial Complex,W02,848,17.75,0.45,15431.78,18.03,W01,W02,4,SUB_MOQ_VIOLATION
MAT_034,Hardened Belleville Spring Washers,SUP_010,Detroit Fastener Alliance,PLANT_01,Detroit Advanced Assembly Hub,W02,359,18.55,0.5,6840.86,18.03,W01,W02,6,SUB_MOQ_VIOLATION
MAT_034,Hardened Belleville Spring Washers,SUP_010,Detroit Fastener Alliance,PLANT_02,Munich Engineering Works,W02,432,18.55,3.5,9532.22,18.03,W01,W02,8,SUB_MOQ_VIOLATION
MAT_034,Hardened Belleville Spring Washers,SUP_010,Detroit Fastener Alliance,PLANT_03,Monterrey Global Production Hub,W02,365,18.55,1.6,7356.77,18.03,W01,W02,6,SUB_MOQ_VIOLATION
MAT_035,Structural Monobolt Blind Rivet Pack,SUP_002,Vanguard Industrial Dynamics,PLANT_01,Detroit Advanced Assembly Hub,W02,1255,7.59,0.5,10154.08,7.75,W01,W02,6,COMPLIANT
MAT_035,Structural Monobolt Blind Rivet Pack,SUP_002,Vanguard Industrial Dynamics,PLANT_02,Munich Engineering Works,W02,1386,7.59,3.5,15367.08,7.75,W01,W02,8,COMPLIANT
MAT_035,Structural Monobolt Blind Rivet Pack,SUP_002,Vanguard Industrial Dynamics,PLANT_03,Monterrey Global Production Hub,W02,436,7.59,1.6,4007.3,7.75,W01,W02,6,SUB_MOQ_VIOLATION
MAT_035,Structural Monobolt Blind Rivet Pack,SUP_002,Vanguard Industrial Dynamics,PLANT_04,Tokyo Precision Facility,W02,927,7.59,6.2,12780.85,7.75,W01,W02,9,COMPLIANT
MAT_035,Structural Monobolt Blind Rivet Pack,SUP_002,Vanguard Industrial Dynamics,PLANT_05,Chennai Industrial Complex,W02,777,7.59,6.4,10866.31,7.75,W01,W02,9,COMPLIANT
MAT_035,Structural Monobolt Blind Rivet Pack,SUP_007,Bharat Precision Engineering,PLANT_04,Tokyo Precision Facility,W02,1512,7.97,3.65,17571.53,7.75,W01,W02,5,COMPLIANT
MAT_035,Structural Monobolt Blind Rivet Pack,SUP_007,Bharat Precision Engineering,PLANT_05,Chennai Industrial Complex,W02,1267,7.97,0.45,10670.5,7.75,W01,W02,3,COMPLIANT
MAT_035,Structural Monobolt Blind Rivet Pack,SUP_010,Detroit Fastener Alliance,PLANT_01,Detroit Advanced Assembly Hub,W02,947,8.07,0.5,8114.59,7.75,W01,W02,3,SUB_MOQ_VIOLATION
MAT_035,Structural Monobolt Blind Rivet Pack,SUP_010,Detroit Fastener Alliance,PLANT_02,Munich Engineering Works,W02,1045,8.07,3.5,12094.47,7.75,W01,W02,5,COMPLIANT
MAT_035,Structural Monobolt Blind Rivet Pack,SUP_010,Detroit Fastener Alliance,PLANT_03,Monterrey Global Production Hub,W02,329,8.07,1.6,3180.95,7.75,W01,W02,3,SUB_MOQ_VIOLATION
MAT_036,Toray Carbon Fiber Prepreg 3K Twill,SUP_003,Nippon Advanced Metallurgy,PLANT_01,Detroit Advanced Assembly Hub,W02,1282,132.92,5.1,176900.23,137.13,W01,W02,5,COMPLIANT
MAT_036,Toray Carbon Fiber Prepreg 3K Twill,SUP_003,Nippon Advanced Metallurgy,PLANT_02,Munich Engineering Works,W02,466,132.92,6.5,64997.6,137.13,W01,W02,6,SUB_MOQ_VIOLATION
MAT_036,Toray Carbon Fiber Prepreg 3K Twill,SUP_003,Nippon Advanced Metallurgy,PLANT_03,Monterrey Global Production Hub,W02,829,132.92,5.3,114556.74,137.13,W01,W02,6,COMPLIANT
MAT_036,Toray Carbon Fiber Prepreg 3K Twill,SUP_003,Nippon Advanced Metallurgy,PLANT_04,Tokyo Precision Facility,W02,1410,132.92,0.45,188025.03,137.13,W01,W02,3,COMPLIANT
MAT_036,Toray Carbon Fiber Prepreg 3K Twill,SUP_003,Nippon Advanced Metallurgy,PLANT_05,Chennai Industrial Complex,W02,622,132.92,3.6,84956.4,137.13,W01,W02,5,COMPLIANT
MAT_036,Toray Carbon Fiber Prepreg 3K Twill,SUP_006,Saigon Composite Solutions,PLANT_01,Detroit Advanced Assembly Hub,W02,549,135.8,6.5,78165.39,137.13,W01,W02,6,SUB_MOQ_VIOLATION
MAT_036,Toray Carbon Fiber Prepreg 3K Twill,SUP_006,Saigon Composite Solutions,PLANT_02,Munich Engineering Works,W02,200,135.8,7.7,28671.3,137.13,W01,W02,6,SUB_MOQ_VIOLATION
MAT_036,Toray Carbon Fiber Prepreg 3K Twill,SUP_006,Saigon Composite Solutions,PLANT_03,Monterrey Global Production Hub,W02,355,135.8,6.6,50580.48,137.13,W01,W02,6,SUB_MOQ_VIOLATION
MAT_036,Toray Carbon Fiber Prepreg 3K Twill,SUP_006,Saigon Composite Solutions,PLANT_04,Tokyo Precision Facility,W02,604,135.8,1.85,83168.13,137.13,W01,W02,4,SUB_MOQ_VIOLATION
MAT_036,Toray Carbon Fiber Prepreg 3K Twill,SUP_006,Saigon Composite Solutions,PLANT_05,Chennai Industrial Complex,W02,267,135.8,2.1,36777.93,137.13,W01,W02,4,SUB_MOQ_VIOLATION
MAT_037,Structural S-Glass Woven Roving Mat,SUP_003,Nippon Advanced Metallurgy,PLANT_01,Detroit Advanced Assembly Hub,W02,1263,180.77,5.1,234789.13,188.44,W01,W02,5,COMPLIANT
MAT_037,Structural S-Glass Woven Roving Mat,SUP_003,Nippon Advanced Metallurgy,PLANT_02,Munich Engineering Works,W02,545,180.77,6.5,102092.11,188.44,W01,W02,6,SUB_MOQ_VIOLATION
MAT_037,Structural S-Glass Woven Roving Mat,SUP_003,Nippon Advanced Metallurgy,PLANT_03,Monterrey Global Production Hub,W02,931,180.77,5.3,173234.89,188.44,W01,W02,6,SUB_MOQ_VIOLATION
MAT_037,Structural S-Glass Woven Roving Mat,SUP_003,Nippon Advanced Metallurgy,PLANT_04,Tokyo Precision Facility,W02,549,180.77,0.45,99542.33,188.44,W01,W02,3,SUB_MOQ_VIOLATION
MAT_037,Structural S-Glass Woven Roving Mat,SUP_003,Nippon Advanced Metallurgy,PLANT_05,Chennai Industrial Complex,W02,1418,180.77,3.6,261394.25,188.44,W01,W02,5,COMPLIANT
MAT_037,Structural S-Glass Woven Roving Mat,SUP_006,Saigon Composite Solutions,PLANT_05,Chennai Industrial Complex,W02,985,190.52,2.1,189775.0,188.44,W01,W02,5,COMPLIANT
MAT_037,Structural S-Glass Woven Roving Mat,SUP_008,Taiwan Micro-Silicon Ltd,PLANT_01,Detroit Advanced Assembly Hub,W02,878,191.44,5.2,172612.56,188.44,W01,W02,9,COMPLIANT
MAT_037,Structural S-Glass Woven Roving Mat,SUP_008,Taiwan Micro-Silicon Ltd,PLANT_02,Munich Engineering Works,W02,379,191.44,6.5,74987.59,188.44,W01,W02,9,COMPLIANT
MAT_037,Structural S-Glass Woven Roving Mat,SUP_008,Taiwan Micro-Silicon Ltd,PLANT_03,Monterrey Global Production Hub,W02,647,191.44,5.4,127351.54,188.44,W01,W02,9,COMPLIANT
MAT_037,Structural S-Glass Woven Roving Mat,SUP_008,Taiwan Micro-Silicon Ltd,PLANT_04,Tokyo Precision Facility,W02,382,191.44,0.9,73418.1,188.44,W01,W02,6,COMPLIANT
MAT_038,Nomex Honeycomb Structural Core 1/8,SUP_003,Nippon Advanced Metallurgy,PLANT_01,Detroit Advanced Assembly Hub,W02,995,139.23,5.1,143595.36,149.43,W01,W02,5,COMPLIANT
MAT_038,Nomex Honeycomb Structural Core 1/8,SUP_003,Nippon Advanced Metallurgy,PLANT_02,Munich Engineering Works,W02,1297,139.23,6.5,188991.41,149.43,W01,W02,6,COMPLIANT
MAT_038,Nomex Honeycomb Structural Core 1/8,SUP_003,Nippon Advanced Metallurgy,PLANT_03,Monterrey Global Production Hub,W02,949,139.23,5.3,137093.93,149.43,W01,W02,6,COMPLIANT
MAT_038,Nomex Honeycomb Structural Core 1/8,SUP_003,Nippon Advanced Metallurgy,PLANT_04,Tokyo Precision Facility,W02,872,139.23,0.45,121757.66,149.43,W01,W02,3,COMPLIANT
MAT_038,Nomex Honeycomb Structural Core 1/8,SUP_003,Nippon Advanced Metallurgy,PLANT_05,Chennai Industrial Complex,W02,819,139.23,3.6,117010.62,149.43,W01,W02,5,COMPLIANT
MAT_038,Nomex Honeycomb Structural Core 1/8,SUP_006,Saigon Composite Solutions,PLANT_02,Munich Engineering Works,W02,829,146.25,7.7,127646.1,149.43,W01,W02,9,SUB_MOQ_VIOLATION
MAT_038,Nomex Honeycomb Structural Core 1/8,SUP_006,Saigon Composite Solutions,PLANT_03,Monterrey Global Production Hub,W02,501,146.25,6.6,76574.22,149.43,W01,W02,9,SUB_MOQ_VIOLATION
MAT_038,Nomex Honeycomb Structural Core 1/8,SUP_006,Saigon Composite Solutions,PLANT_04,Tokyo Precision Facility,W02,557,146.25,1.85,82537.61,149.43,W01,W02,7,SUB_MOQ_VIOLATION
MAT_038,Nomex Honeycomb Structural Core 1/8,SUP_006,Saigon Composite Solutions,PLANT_05,Chennai Industrial Complex,W02,524,146.25,2.1,77701.28,149.43,W01,W02,7,SUB_MOQ_VIOLATION
MAT_038,Nomex Honeycomb Structural Core 1/8,SUP_008,Taiwan Micro-Silicon Ltd,PLANT_01,Detroit Advanced Assembly Hub,W02,636,152.45,5.2,100279.59,149.43,W01,W02,10,COMPLIANT
MAT_038,Nomex Honeycomb Structural Core 1/8,SUP_008,Taiwan Micro-Silicon Ltd,PLANT_03,Monterrey Global Production Hub,W02,105,152.45,5.4,16649.04,149.43,W01,W02,10,SUB_MOQ_VIOLATION
MAT_039,Basalt Fiber High-Temp Insulation Roll,SUP_003,Nippon Advanced Metallurgy,PLANT_01,Detroit Advanced Assembly Hub,W02,1310,183.62,5.1,247298.69,194.42,W01,W02,6,COMPLIANT
MAT_039,Basalt Fiber High-Temp Insulation Roll,SUP_003,Nippon Advanced Metallurgy,PLANT_02,Munich Engineering Works,W02,1227,183.62,6.5,233315.26,194.42,W01,W02,7,COMPLIANT
MAT_039,Basalt Fiber High-Temp Insulation Roll,SUP_003,Nippon Advanced Metallurgy,PLANT_03,Monterrey Global Production Hub,W02,1249,183.62,5.3,235894.96,194.42,W01,W02,7,COMPLIANT
MAT_039,Basalt Fiber High-Temp Insulation Roll,SUP_003,Nippon Advanced Metallurgy,PLANT_04,Tokyo Precision Facility,W02,658,183.62,0.45,121200.89,194.42,W01,W02,4,SUB_MOQ_VIOLATION
MAT_039,Basalt Fiber High-Temp Insulation Roll,SUP_003,Nippon Advanced Metallurgy,PLANT_05,Chennai Industrial Complex,W02,1500,183.62,3.6,280867.44,194.42,W01,W02,6,COMPLIANT
MAT_039,Basalt Fiber High-Temp Insulation Roll,SUP_006,Saigon Composite Solutions,PLANT_02,Munich Engineering Works,W02,366,193.95,7.7,73884.56,194.42,W01,W02,9,COMPLIANT
MAT_039,Basalt Fiber High-Temp Insulation Roll,SUP_006,Saigon Composite Solutions,PLANT_03,Monterrey Global Production Hub,W02,672,193.95,6.6,134839.79,194.42,W01,W02,9,COMPLIANT
MAT_039,Basalt Fiber High-Temp Insulation Roll,SUP_006,Saigon Composite Solutions,PLANT_04,Tokyo Precision Facility,W02,355,193.95,1.85,69420.89,194.42,W01,W02,7,COMPLIANT
MAT_039,Basalt Fiber High-Temp Insulation Roll,SUP_006,Saigon Composite Solutions,PLANT_05,Chennai Industrial Complex,W02,808,193.95,2.1,158369.19,194.42,W01,W02,7,COMPLIANT
MAT_039,Basalt Fiber High-Temp Insulation Roll,SUP_008,Taiwan Micro-Silicon Ltd,PLANT_01,Detroit Advanced Assembly Hub,W02,706,198.21,5.2,143526.1,194.42,W01,W02,8,SUB_MOQ_VIOLATION
MAT_039,Basalt Fiber High-Temp Insulation Roll,SUP_008,Taiwan Micro-Silicon Ltd,PLANT_02,Munich Engineering Works,W02,294,198.21,6.5,60266.62,194.42,W01,W02,8,SUB_MOQ_VIOLATION
MAT_040,High-Modulus Epoxy Resin Infusion Matrix,SUP_003,Nippon Advanced Metallurgy,PLANT_01,Detroit Advanced Assembly Hub,W02,411,140.07,5.1,59612.61,141.81,W01,W02,8,SUB_MOQ_VIOLATION
MAT_040,High-Modulus Epoxy Resin Infusion Matrix,SUP_003,Nippon Advanced Metallurgy,PLANT_02,Munich Engineering Works,W02,586,140.07,6.5,85945.72,141.81,W01,W02,9,SUB_MOQ_VIOLATION
MAT_040,High-Modulus Epoxy Resin Infusion Matrix,SUP_003,Nippon Advanced Metallurgy,PLANT_03,Monterrey Global Production Hub,W02,699,140.07,5.3,101683.41,141.81,W01,W02,9,SUB_MOQ_VIOLATION
MAT_040,High-Modulus Epoxy Resin Infusion Matrix,SUP_003,Nippon Advanced Metallurgy,PLANT_04,Tokyo Precision Facility,W02,409,140.07,0.45,57540.13,141.81,W01,W02,6,SUB_MOQ_VIOLATION
MAT_040,High-Modulus Epoxy Resin Infusion Matrix,SUP_003,Nippon Advanced Metallurgy,PLANT_05,Chennai Industrial Complex,W02,464,140.07,3.6,66662.88,141.81,W01,W02,8,SUB_MOQ_VIOLATION
MAT_040,High-Modulus Epoxy Resin Infusion Matrix,SUP_006,Saigon Composite Solutions,PLANT_03,Monterrey Global Production Hub,W02,478,140.83,6.6,70545.26,141.81,W01,W02,6,SUB_MOQ_VIOLATION
MAT_040,High-Modulus Epoxy Resin Infusion Matrix,SUP_006,Saigon Composite Solutions,PLANT_04,Tokyo Precision Facility,W02,297,140.83,1.85,42307.47,141.81,W01,W02,4,SUB_MOQ_VIOLATION
MAT_040,High-Modulus Epoxy Resin Infusion Matrix,SUP_006,Saigon Composite Solutions,PLANT_05,Chennai Industrial Complex,W02,336,140.83,2.1,48024.48,141.81,W01,W02,4,SUB_MOQ_VIOLATION
MAT_040,High-Modulus Epoxy Resin Infusion Matrix,SUP_008,Taiwan Micro-Silicon Ltd,PLANT_01,Detroit Advanced Assembly Hub,W02,297,148.12,5.2,45591.24,141.81,W01,W02,6,SUB_MOQ_VIOLATION
MAT_040,High-Modulus Epoxy Resin Infusion Matrix,SUP_008,Taiwan Micro-Silicon Ltd,PLANT_02,Munich Engineering Works,W02,425,148.12,6.5,65654.74,141.81,W01,W02,6,SUB_MOQ_VIOLATION
MAT_040,High-Modulus Epoxy Resin Infusion Matrix,SUP_008,Taiwan Micro-Silicon Ltd,PLANT_03,Monterrey Global Production Hub,W02,28,148.12,5.4,4301.63,141.81,W01,W02,6,SUB_MOQ_VIOLATION
MAT_001,High-Tensile Structural Steel I-Beam,SUP_001,Apex Precision Metals GmbH,PLANT_02,Munich Engineering Works,W03,408,17.91,0.45,7485.19,18.41,W01,W03,5,SUB_MOQ_VIOLATION
MAT_001,High-Tensile Structural Steel I-Beam,SUP_001,Apex Precision Metals GmbH,PLANT_05,Chennai Industrial Complex,W03,342,17.91,5.1,7865.97,18.41,W01,W03,7,SUB_MOQ_VIOLATION
MAT_001,High-Tensile Structural Steel I-Beam,SUP_002,Vanguard Industrial Dynamics,PLANT_01,Detroit Advanced Assembly Hub,W03,547,18.86,0.5,10584.5,18.41,W01,W03,3,COMPLIANT
MAT_001,High-Tensile Structural Steel I-Beam,SUP_002,Vanguard Industrial Dynamics,PLANT_03,Monterrey Global Production Hub,W03,569,18.86,1.6,11634.99,18.41,W01,W03,3,COMPLIANT
MAT_001,High-Tensile Structural Steel I-Beam,SUP_002,Vanguard Industrial Dynamics,PLANT_04,Tokyo Precision Facility,W03,328,18.86,6.2,8211.16,18.41,W01,W03,6,COMPLIANT
MAT_001,High-Tensile Structural Steel I-Beam,SUP_005,MexSteel & Polymer Fabrica,PLANT_01,Detroit Advanced Assembly Hub,W03,240,18.64,1.7,4883.23,18.41,W01,W03,4,SUB_MOQ_VIOLATION
MAT_001,High-Tensile Structural Steel I-Beam,SUP_005,MexSteel & Polymer Fabrica,PLANT_03,Monterrey Global Production Hub,W03,818,18.64,0.45,15621.92,18.41,W01,W03,4,COMPLIANT
MAT_001,High-Tensile Structural Steel I-Beam,SUP_007,Bharat Precision Engineering,PLANT_01,Detroit Advanced Assembly Hub,W03,29,20.15,6.55,779.64,18.41,W01,W03,9,SUB_MOQ_VIOLATION
MAT_001,High-Tensile Structural Steel I-Beam,SUP_007,Bharat Precision Engineering,PLANT_02,Munich Engineering Works,W03,283,20.15,5.05,7139.41,18.41,W01,W03,8,SUB_MOQ_VIOLATION
MAT_001,High-Tensile Structural Steel I-Beam,SUP_007,Bharat Precision Engineering,PLANT_04,Tokyo Precision Facility,W03,434,20.15,3.65,10337.29,18.41,W01,W03,8,SUB_MOQ_VIOLATION
MAT_001,High-Tensile Structural Steel I-Beam,SUP_007,Bharat Precision Engineering,PLANT_05,Chennai Industrial Complex,W03,453,20.15,0.45,9334.89,18.41,W01,W03,6,SUB_MOQ_VIOLATION
MAT_002,Cold-Rolled Carbon Steel Sheet 2mm,SUP_001,Apex Precision Metals GmbH,PLANT_02,Munich Engineering Works,W03,431,8.77,0.45,3970.69,8.89,W01,W03,7,SUB_MOQ_VIOLATION
MAT_002,Cold-Rolled Carbon Steel Sheet 2mm,SUP_001,Apex Precision Metals GmbH,PLANT_05,Chennai Industrial Complex,W03,686,8.77,5.1,9511.77,8.89,W01,W03,9,COMPLIANT
MAT_002,Cold-Rolled Carbon Steel Sheet 2mm,SUP_002,Vanguard Industrial Dynamics,PLANT_01,Detroit Advanced Assembly Hub,W03,1249,8.92,0.5,11761.81,8.89,W01,W03,4,COMPLIANT
MAT_002,Cold-Rolled Carbon Steel Sheet 2mm,SUP_002,Vanguard Industrial Dynamics,PLANT_02,Munich Engineering Works,W03,275,8.92,3.5,3419.72,8.89,W01,W03,6,SUB_MOQ_VIOLATION
MAT_002,Cold-Rolled Carbon Steel Sheet 2mm,SUP_002,Vanguard Industrial Dynamics,PLANT_03,Monterrey Global Production Hub,W03,701,8.92,1.6,7375.57,8.89,W01,W03,4,SUB_MOQ_VIOLATION
MAT_002,Cold-Rolled Carbon Steel Sheet 2mm,SUP_002,Vanguard Industrial Dynamics,PLANT_04,Tokyo Precision Facility,W03,648,8.92,6.2,9803.51,8.89,W01,W03,7,SUB_MOQ_VIOLATION
MAT_002,Cold-Rolled Carbon Steel Sheet 2mm,SUP_005,MexSteel & Polymer Fabrica,PLANT_01,Detroit Advanced Assembly Hub,W03,832,9.48,1.7,9306.23,8.89,W01,W03,5,COMPLIANT
MAT_002,Cold-Rolled Carbon Steel Sheet 2mm,SUP_005,MexSteel & Polymer Fabrica,PLANT_03,Monterrey Global Production Hub,W03,1009,9.48,0.45,10018.38,8.89,W01,W03,5,COMPLIANT
MAT_002,Cold-Rolled Carbon Steel Sheet 2mm,SUP_007,Bharat Precision Engineering,PLANT_04,Tokyo Precision Facility,W03,1259,9.39,3.65,16412.4,8.89,W01,W03,8,COMPLIANT
MAT_002,Cold-Rolled Carbon Steel Sheet 2mm,SUP_007,Bharat Precision Engineering,PLANT_05,Chennai Industrial Complex,W03,1331,9.39,0.45,13099.2,8.89,W01,W03,6,COMPLIANT
MAT_003,Austenitic Stainless Steel 316L Plate,SUP_001,Apex Precision Metals GmbH,PLANT_02,Munich Engineering Works,W03,653,12.58,0.45,8511.85,12.76,W01,W03,4,COMPLIANT
MAT_003,Austenitic Stainless Steel 316L Plate,SUP_001,Apex Precision Metals GmbH,PLANT_05,Chennai Industrial Complex,W03,349,12.58,5.1,6172.8,12.76,W01,W03,6,SUB_MOQ_VIOLATION
MAT_003,Austenitic Stainless Steel 316L Plate,SUP_002,Vanguard Industrial Dynamics,PLANT_01,Detroit Advanced Assembly Hub,W03,1194,13.05,0.5,16178.7,12.76,W01,W03,4,COMPLIANT
MAT_003,Austenitic Stainless Steel 316L Plate,SUP_002,Vanguard Industrial Dynamics,PLANT_02,Munich Engineering Works,W03,322,13.05,3.5,5324.96,12.76,W01,W03,6,COMPLIANT
MAT_003,Austenitic Stainless Steel 316L Plate,SUP_002,Vanguard Industrial Dynamics,PLANT_03,Monterrey Global Production Hub,W03,287,13.05,1.6,4203.96,12.76,W01,W03,4,COMPLIANT
MAT_003,Austenitic Stainless Steel 316L Plate,SUP_002,Vanguard Industrial Dynamics,PLANT_04,Tokyo Precision Facility,W03,410,13.05,6.2,7883.45,12.76,W01,W03,7,COMPLIANT
MAT_003,Austenitic Stainless Steel 316L Plate,SUP_005,MexSteel & Polymer Fabrica,PLANT_01,Detroit Advanced Assembly Hub,W03,796,13.6,1.7,12178.8,12.76,W01,W03,5,COMPLIANT
MAT_003,Austenitic Stainless Steel 316L Plate,SUP_005,MexSteel & Polymer Fabrica,PLANT_03,Monterrey Global Production Hub,W03,557,13.6,0.45,7826.41,12.76,W01,W03,5,COMPLIANT
MAT_003,Austenitic Stainless Steel 316L Plate,SUP_007,Bharat Precision Engineering,PLANT_04,Tokyo Precision Facility,W03,831,13.69,3.65,14417.69,12.76,W01,W03,8,COMPLIANT
MAT_003,Austenitic Stainless Steel 316L Plate,SUP_007,Bharat Precision Engineering,PLANT_05,Chennai Industrial Complex,W03,709,13.69,0.45,10023.28,12.76,W01,W03,6,COMPLIANT
MAT_004,Galvanized Structural Angle Steel,SUP_001,Apex Precision Metals GmbH,PLANT_02,Munich Engineering Works,W03,851,11.45,0.45,10125.11,11.96,W01,W03,4,COMPLIANT
MAT_004,Galvanized Structural Angle Steel,SUP_001,Apex Precision Metals GmbH,PLANT_05,Chennai Industrial Complex,W03,274,11.45,5.1,4533.04,11.96,W01,W03,6,SUB_MOQ_VIOLATION
MAT_004,Galvanized Structural Angle Steel,SUP_002,Vanguard Industrial Dynamics,PLANT_01,Detroit Advanced Assembly Hub,W03,546,11.89,0.5,6769.15,11.96,W01,W03,3,SUB_MOQ_VIOLATION
MAT_004,Galvanized Structural Angle Steel,SUP_002,Vanguard Industrial Dynamics,PLANT_02,Munich Engineering Works,W03,458,11.89,3.5,7050.93,11.96,W01,W03,5,SUB_MOQ_VIOLATION
MAT_004,Galvanized Structural Angle Steel,SUP_002,Vanguard Industrial Dynamics,PLANT_03,Monterrey Global Production Hub,W03,425,11.89,1.6,5730.55,11.96,W01,W03,3,SUB_MOQ_VIOLATION
MAT_004,Galvanized Structural Angle Steel,SUP_002,Vanguard Industrial Dynamics,PLANT_04,Tokyo Precision Facility,W03,412,11.89,6.2,7450.55,11.96,W01,W03,6,SUB_MOQ_VIOLATION
MAT_004,Galvanized Structural Angle Steel,SUP_005,MexSteel & Polymer Fabrica,PLANT_01,Detroit Advanced Assembly Hub,W03,380,12.54,1.7,5406.36,11.96,W01,W03,7,SUB_MOQ_VIOLATION
MAT_004,Galvanized Structural Angle Steel,SUP_005,MexSteel & Polymer Fabrica,PLANT_03,Monterrey Global Production Hub,W03,519,12.54,0.45,6744.41,11.96,W01,W03,7,SUB_MOQ_VIOLATION
MAT_004,Galvanized Structural Angle Steel,SUP_005,MexSteel & Polymer Fabrica,PLANT_04,Tokyo Precision Facility,W03,101,12.54,6.45,1920.65,11.96,W01,W03,10,SUB_MOQ_VIOLATION
MAT_004,Galvanized Structural Angle Steel,SUP_007,Bharat Precision Engineering,PLANT_04,Tokyo Precision Facility,W03,1197,13.19,3.65,20157.48,11.96,W01,W03,6,COMPLIANT
MAT_004,Galvanized Structural Angle Steel,SUP_007,Bharat Precision Engineering,PLANT_05,Chennai Industrial Complex,W03,639,13.19,0.45,8717.32,11.96,W01,W03,4,SUB_MOQ_VIOLATION
MAT_005,Hardox 450 Wear-Resistant Steel,SUP_001,Apex Precision Metals GmbH,PLANT_01,Detroit Advanced Assembly Hub,W03,835,18.57,3.4,18341.43,19.92,W01,W03,7,SUB_MOQ_VIOLATION
MAT_005,Hardox 450 Wear-Resistant Steel,SUP_001,Apex Precision Metals GmbH,PLANT_02,Munich Engineering Works,W03,1503,18.57,0.45,28596.19,19.92,W01,W03,6,COMPLIANT
MAT_005,Hardox 450 Wear-Resistant Steel,SUP_001,Apex Precision Metals GmbH,PLANT_04,Tokyo Precision Facility,W03,601,18.57,7.6,15738.64,19.92,W01,W03,9,SUB_MOQ_VIOLATION
MAT_005,Hardox 450 Wear-Resistant Steel,SUP_001,Apex Precision Metals GmbH,PLANT_05,Chennai Industrial Complex,W03,597,18.57,5.1,14132.41,19.92,W01,W03,8,SUB_MOQ_VIOLATION
MAT_005,Hardox 450 Wear-Resistant Steel,SUP_002,Vanguard Industrial Dynamics,PLANT_01,Detroit Advanced Assembly Hub,W03,1484,19.84,0.5,30187.81,19.92,W01,W03,3,COMPLIANT
MAT_005,Hardox 450 Wear-Resistant Steel,SUP_002,Vanguard Industrial Dynamics,PLANT_02,Munich Engineering Works,W03,741,19.84,3.5,17283.74,19.92,W01,W03,5,SUB_MOQ_VIOLATION
MAT_005,Hardox 450 Wear-Resistant Steel,SUP_002,Vanguard Industrial Dynamics,PLANT_03,Monterrey Global Production Hub,W03,739,19.84,1.6,15841.37,19.92,W01,W03,3,SUB_MOQ_VIOLATION
MAT_005,Hardox 450 Wear-Resistant Steel,SUP_005,MexSteel & Polymer Fabrica,PLANT_03,Monterrey Global Production Hub,W03,1500,20.42,0.45,31307.71,19.92,W01,W03,3,COMPLIANT
MAT_005,Hardox 450 Wear-Resistant Steel,SUP_007,Bharat Precision Engineering,PLANT_04,Tokyo Precision Facility,W03,1339,21.74,3.65,33987.05,19.92,W01,W03,7,COMPLIANT
MAT_005,Hardox 450 Wear-Resistant Steel,SUP_007,Bharat Precision Engineering,PLANT_05,Chennai Industrial Complex,W03,1329,21.74,0.45,29489.18,19.92,W01,W03,5,COMPLIANT
MAT_006,Aerospace Grade 7075-T6 Billet,SUP_001,Apex Precision Metals GmbH,PLANT_01,Detroit Advanced Assembly Hub,W03,1096,36.46,3.4,43668.22,37.01,W01,W03,6,SUB_MOQ_VIOLATION
MAT_006,Aerospace Grade 7075-T6 Billet,SUP_001,Apex Precision Metals GmbH,PLANT_02,Munich Engineering Works,W03,472,36.46,0.45,17420.04,37.01,W01,W03,5,SUB_MOQ_VIOLATION
MAT_006,Aerospace Grade 7075-T6 Billet,SUP_001,Apex Precision Metals GmbH,PLANT_03,Monterrey Global Production Hub,W03,522,36.46,4.8,21545.97,37.01,W01,W03,7,SUB_MOQ_VIOLATION
MAT_006,Aerospace Grade 7075-T6 Billet,SUP_001,Apex Precision Metals GmbH,PLANT_04,Tokyo Precision Facility,W03,919,36.46,7.6,40499.95,37.01,W01,W03,8,SUB_MOQ_VIOLATION
MAT_006,Aerospace Grade 7075-T6 Billet,SUP_001,Apex Precision Metals GmbH,PLANT_05,Chennai Industrial Complex,W03,666,36.46,5.1,27678.96,37.01,W01,W03,7,SUB_MOQ_VIOLATION
MAT_006,Aerospace Grade 7075-T6 Billet,SUP_003,Nippon Advanced Metallurgy,PLANT_02,Munich Engineering Works,W03,356,37.9,6.5,15808.18,37.01,W01,W03,8,SUB_MOQ_VIOLATION
MAT_006,Aerospace Grade 7075-T6 Billet,SUP_003,Nippon Advanced Metallurgy,PLANT_04,Tokyo Precision Facility,W03,1379,37.9,0.45,52876.98,37.01,W01,W03,5,COMPLIANT
MAT_006,Aerospace Grade 7075-T6 Billet,SUP_003,Nippon Advanced Metallurgy,PLANT_05,Chennai Industrial Complex,W03,999,37.9,3.6,41458.5,37.01,W01,W03,7,SUB_MOQ_VIOLATION
MAT_006,Aerospace Grade 7075-T6 Billet,SUP_005,MexSteel & Polymer Fabrica,PLANT_01,Detroit Advanced Assembly Hub,W03,826,38.93,1.7,33579.07,37.01,W01,W03,4,SUB_MOQ_VIOLATION
MAT_006,Aerospace Grade 7075-T6 Billet,SUP_005,MexSteel & Polymer Fabrica,PLANT_03,Monterrey Global Production Hub,W03,970,38.93,0.45,38190.72,37.01,W01,W03,4,SUB_MOQ_VIOLATION
MAT_007,Structural Aluminum 6061-T6 Extrusion,SUP_001,Apex Precision Metals GmbH,PLANT_01,Detroit Advanced Assembly Hub,W03,1245,43.44,3.4,58309.24,44.33,W01,W03,6,COMPLIANT
MAT_007,Structural Aluminum 6061-T6 Extrusion,SUP_001,Apex Precision Metals GmbH,PLANT_02,Munich Engineering Works,W03,480,43.44,0.45,21084.32,44.33,W01,W03,5,SUB_MOQ_VIOLATION
MAT_007,Structural Aluminum 6061-T6 Extrusion,SUP_001,Apex Precision Metals GmbH,PLANT_03,Monterrey Global Production Hub,W03,476,43.44,4.8,22979.12,44.33,W01,W03,7,SUB_MOQ_VIOLATION
MAT_007,Structural Aluminum 6061-T6 Extrusion,SUP_001,Apex Precision Metals GmbH,PLANT_04,Tokyo Precision Facility,W03,811,43.44,7.6,41390.89,44.33,W01,W03,8,COMPLIANT
MAT_007,Structural Aluminum 6061-T6 Extrusion,SUP_001,Apex Precision Metals GmbH,PLANT_05,Chennai Industrial Complex,W03,741,43.44,5.1,35965.71,44.33,W01,W03,7,SUB_MOQ_VIOLATION
MAT_007,Structural Aluminum 6061-T6 Extrusion,SUP_003,Nippon Advanced Metallurgy,PLANT_02,Munich Engineering Works,W03,237,44.61,6.5,12093.14,44.33,W01,W03,9,SUB_MOQ_VIOLATION
MAT_007,Structural Aluminum 6061-T6 Extrusion,SUP_003,Nippon Advanced Metallurgy,PLANT_04,Tokyo Precision Facility,W03,1506,44.61,0.45,67862.61,44.33,W01,W03,6,COMPLIANT
MAT_007,Structural Aluminum 6061-T6 Extrusion,SUP_003,Nippon Advanced Metallurgy,PLANT_05,Chennai Industrial Complex,W03,1376,44.61,3.6,66339.37,44.33,W01,W03,8,COMPLIANT
MAT_007,Structural Aluminum 6061-T6 Extrusion,SUP_005,MexSteel & Polymer Fabrica,PLANT_01,Detroit Advanced Assembly Hub,W03,613,46.13,1.7,29326.49,44.33,W01,W03,3,COMPLIANT
MAT_007,Structural Aluminum 6061-T6 Extrusion,SUP_005,MexSteel & Polymer Fabrica,PLANT_03,Monterrey Global Production Hub,W03,885,46.13,0.45,41207.0,44.33,W01,W03,3,COMPLIANT
MAT_008,Marine Grade 5083-H116 Plate,SUP_001,Apex Precision Metals GmbH,PLANT_01,Detroit Advanced Assembly Hub,W03,432,15.98,3.4,8362.86,16.96,W01,W03,4,COMPLIANT
MAT_008,Marine Grade 5083-H116 Plate,SUP_001,Apex Precision Metals GmbH,PLANT_02,Munich Engineering Works,W03,856,15.98,0.45,14067.69,16.96,W01,W03,3,COMPLIANT
MAT_008,Marine Grade 5083-H116 Plate,SUP_001,Apex Precision Metals GmbH,PLANT_03,Monterrey Global Production Hub,W03,332,15.98,4.8,6898.13,16.96,W01,W03,5,COMPLIANT
MAT_008,Marine Grade 5083-H116 Plate,SUP_001,Apex Precision Metals GmbH,PLANT_04,Tokyo Precision Facility,W03,324,15.98,7.6,7648.41,16.96,W01,W03,6,COMPLIANT
MAT_008,Marine Grade 5083-H116 Plate,SUP_001,Apex Precision Metals GmbH,PLANT_05,Chennai Industrial Complex,W03,469,15.98,5.1,9895.8,16.96,W01,W03,5,COMPLIANT
MAT_008,Marine Grade 5083-H116 Plate,SUP_003,Nippon Advanced Metallurgy,PLANT_04,Tokyo Precision Facility,W03,577,17.32,0.45,10246.89,16.96,W01,W03,6,COMPLIANT
MAT_008,Marine Grade 5083-H116 Plate,SUP_003,Nippon Advanced Metallurgy,PLANT_05,Chennai Industrial Complex,W03,835,17.32,3.6,17459.0,16.96,W01,W03,8,COMPLIANT
MAT_008,Marine Grade 5083-H116 Plate,SUP_005,MexSteel & Polymer Fabrica,PLANT_01,Detroit Advanced Assembly Hub,W03,264,17.33,1.7,5033.05,16.96,W01,W03,6,SUB_MOQ_VIOLATION
MAT_008,Marine Grade 5083-H116 Plate,SUP_005,MexSteel & Polymer Fabrica,PLANT_02,Munich Engineering Works,W03,525,17.33,4.9,11665.86,16.96,W01,W03,8,SUB_MOQ_VIOLATION
MAT_008,Marine Grade 5083-H116 Plate,SUP_005,MexSteel & Polymer Fabrica,PLANT_03,Monterrey Global Production Hub,W03,440,17.33,0.45,7823.91,16.96,W01,W03,6,SUB_MOQ_VIOLATION
MAT_009,Die-Cast Aluminum A380 Ingot,SUP_001,Apex Precision Metals GmbH,PLANT_01,Detroit Advanced Assembly Hub,W03,685,27.55,3.4,21206.01,28.35,W01,W03,4,SUB_MOQ_VIOLATION
MAT_009,Die-Cast Aluminum A380 Ingot,SUP_001,Apex Precision Metals GmbH,PLANT_02,Munich Engineering Works,W03,1125,27.55,0.45,31491.6,28.35,W01,W03,3,COMPLIANT
MAT_009,Die-Cast Aluminum A380 Ingot,SUP_001,Apex Precision Metals GmbH,PLANT_03,Monterrey Global Production Hub,W03,598,27.55,4.8,19337.54,28.35,W01,W03,5,SUB_MOQ_VIOLATION
MAT_009,Die-Cast Aluminum A380 Ingot,SUP_001,Apex Precision Metals GmbH,PLANT_04,Tokyo Precision Facility,W03,228,27.55,7.6,8024.74,28.35,W01,W03,6,SUB_MOQ_VIOLATION
MAT_009,Die-Cast Aluminum A380 Ingot,SUP_001,Apex Precision Metals GmbH,PLANT_05,Chennai Industrial Complex,W03,628,27.55,5.1,20520.52,28.35,W01,W03,5,SUB_MOQ_VIOLATION
MAT_009,Die-Cast Aluminum A380 Ingot,SUP_003,Nippon Advanced Metallurgy,PLANT_02,Munich Engineering Works,W03,505,27.71,6.5,17286.31,28.35,W01,W03,9,COMPLIANT
MAT_009,Die-Cast Aluminum A380 Ingot,SUP_003,Nippon Advanced Metallurgy,PLANT_04,Tokyo Precision Facility,W03,533,27.71,0.45,15000.83,28.35,W01,W03,6,COMPLIANT
MAT_009,Die-Cast Aluminum A380 Ingot,SUP_003,Nippon Advanced Metallurgy,PLANT_05,Chennai Industrial Complex,W03,1466,27.71,3.6,45916.12,28.35,W01,W03,8,COMPLIANT
MAT_009,Die-Cast Aluminum A380 Ingot,SUP_005,MexSteel & Polymer Fabrica,PLANT_01,Detroit Advanced Assembly Hub,W03,308,29.65,1.7,9650.47,28.35,W01,W03,7,SUB_MOQ_VIOLATION
MAT_009,Die-Cast Aluminum A380 Ingot,SUP_005,MexSteel & Polymer Fabrica,PLANT_03,Monterrey Global Production Hub,W03,1270,29.65,0.45,38234.22,28.35,W01,W03,7,COMPLIANT
MAT_010,Alloy 2024-T3 Precision Sheet,SUP_001,Apex Precision Metals GmbH,PLANT_01,Detroit Advanced Assembly Hub,W03,1408,14.39,3.4,25054.19,15.01,W01,W03,5,COMPLIANT
MAT_010,Alloy 2024-T3 Precision Sheet,SUP_001,Apex Precision Metals GmbH,PLANT_02,Munich Engineering Works,W03,1112,14.39,0.45,16504.31,15.01,W01,W03,4,COMPLIANT
MAT_010,Alloy 2024-T3 Precision Sheet,SUP_001,Apex Precision Metals GmbH,PLANT_04,Tokyo Precision Facility,W03,318,14.39,7.6,6985.78,15.01,W01,W03,7,SUB_MOQ_VIOLATION
MAT_010,Alloy 2024-T3 Precision Sheet,SUP_001,Apex Precision Metals GmbH,PLANT_05,Chennai Industrial Complex,W03,821,14.39,5.1,16010.65,15.01,W01,W03,6,COMPLIANT
MAT_010,Alloy 2024-T3 Precision Sheet,SUP_003,Nippon Advanced Metallurgy,PLANT_04,Tokyo Precision Facility,W03,404,15.26,0.45,6351.87,15.01,W01,W03,4,SUB_MOQ_VIOLATION
MAT_010,Alloy 2024-T3 Precision Sheet,SUP_003,Nippon Advanced Metallurgy,PLANT_05,Chennai Industrial Complex,W03,1046,15.26,3.6,19718.51,15.01,W01,W03,6,COMPLIANT
MAT_010,Alloy 2024-T3 Precision Sheet,SUP_005,MexSteel & Polymer Fabrica,PLANT_01,Detroit Advanced Assembly Hub,W03,979,15.42,1.7,16754.83,15.01,W01,W03,5,COMPLIANT
MAT_010,Alloy 2024-T3 Precision Sheet,SUP_005,MexSteel & Polymer Fabrica,PLANT_02,Munich Engineering Works,W03,706,15.42,4.9,14348.36,15.01,W01,W03,7,SUB_MOQ_VIOLATION
MAT_010,Alloy 2024-T3 Precision Sheet,SUP_005,MexSteel & Polymer Fabrica,PLANT_03,Monterrey Global Production Hub,W03,738,15.42,0.45,11707.78,15.01,W01,W03,5,SUB_MOQ_VIOLATION
MAT_010,Alloy 2024-T3 Precision Sheet,SUP_012,Monterrey Die & Mold S.A.,PLANT_02,Munich Engineering Works,W03,67,15.89,4.9,1387.32,15.01,W01,W03,8,SUB_MOQ_VIOLATION
MAT_010,Alloy 2024-T3 Precision Sheet,SUP_012,Monterrey Die & Mold S.A.,PLANT_03,Monterrey Global Production Hub,W03,433,15.89,0.45,7079.63,15.01,W01,W03,6,SUB_MOQ_VIOLATION
MAT_011,Engineered Polyamide PA66-GF30 Resin,SUP_002,Vanguard Industrial Dynamics,PLANT_01,Detroit Advanced Assembly Hub,W03,1407,10.91,0.5,16049.99,11.68,W01,W03,5,COMPLIANT
MAT_011,Engineered Polyamide PA66-GF30 Resin,SUP_002,Vanguard Industrial Dynamics,PLANT_02,Munich Engineering Works,W03,612,10.91,3.5,8816.47,11.68,W01,W03,7,SUB_MOQ_VIOLATION
MAT_011,Engineered Polyamide PA66-GF30 Resin,SUP_002,Vanguard Industrial Dynamics,PLANT_03,Monterrey Global Production Hub,W03,728,10.91,1.6,9103.9,11.68,W01,W03,5,SUB_MOQ_VIOLATION
MAT_011,Engineered Polyamide PA66-GF30 Resin,SUP_002,Vanguard Industrial Dynamics,PLANT_05,Chennai Industrial Complex,W03,384,10.91,6.4,6648.7,11.68,W01,W03,8,SUB_MOQ_VIOLATION
MAT_011,Engineered Polyamide PA66-GF30 Resin,SUP_004,Hansol High-Tech Components,PLANT_02,Munich Engineering Works,W03,391,11.47,6.55,7048.88,11.68,W01,W03,9,SUB_MOQ_VIOLATION
MAT_011,Engineered Polyamide PA66-GF30 Resin,SUP_004,Hansol High-Tech Components,PLANT_04,Tokyo Precision Facility,W03,1473,11.47,0.85,18142.92,11.68,W01,W03,6,COMPLIANT
MAT_011,Engineered Polyamide PA66-GF30 Resin,SUP_004,Hansol High-Tech Components,PLANT_05,Chennai Industrial Complex,W03,1394,11.47,3.55,20936.68,11.68,W01,W03,8,COMPLIANT
MAT_011,Engineered Polyamide PA66-GF30 Resin,SUP_005,MexSteel & Polymer Fabrica,PLANT_01,Detroit Advanced Assembly Hub,W03,899,12.28,1.7,12572.77,11.68,W01,W03,6,SUB_MOQ_VIOLATION
MAT_011,Engineered Polyamide PA66-GF30 Resin,SUP_005,MexSteel & Polymer Fabrica,PLANT_03,Monterrey Global Production Hub,W03,465,12.28,0.45,5922.89,11.68,W01,W03,6,SUB_MOQ_VIOLATION
MAT_011,Engineered Polyamide PA66-GF30 Resin,SUP_006,Saigon Composite Solutions,PLANT_04,Tokyo Precision Facility,W03,828,12.47,1.85,11862.12,11.68,W01,W03,7,SUB_MOQ_VIOLATION
MAT_011,Engineered Polyamide PA66-GF30 Resin,SUP_006,Saigon Composite Solutions,PLANT_05,Chennai Industrial Complex,W03,400,12.47,2.1,5827.77,11.68,W01,W03,7,SUB_MOQ_VIOLATION
MAT_012,High-Density Polyethylene HDPE Copolymer,SUP_002,Vanguard Industrial Dynamics,PLANT_01,Detroit Advanced Assembly Hub,W03,761,18.72,0.5,14633.34,19.14,W01,W03,6,COMPLIANT
MAT_012,High-Density Polyethylene HDPE Copolymer,SUP_002,Vanguard Industrial Dynamics,PLANT_02,Munich Engineering Works,W03,382,18.72,3.5,8486.26,19.14,W01,W03,8,SUB_MOQ_VIOLATION
MAT_012,High-Density Polyethylene HDPE Copolymer,SUP_002,Vanguard Industrial Dynamics,PLANT_03,Monterrey Global Production Hub,W03,262,18.72,1.6,5317.54,19.14,W01,W03,6,SUB_MOQ_VIOLATION
MAT_012,High-Density Polyethylene HDPE Copolymer,SUP_002,Vanguard Industrial Dynamics,PLANT_05,Chennai Industrial Complex,W03,63,18.72,6.4,1572.61,19.14,W01,W03,9,SUB_MOQ_VIOLATION
MAT_012,High-Density Polyethylene HDPE Copolymer,SUP_004,Hansol High-Tech Components,PLANT_04,Tokyo Precision Facility,W03,441,18.6,0.85,8583.67,19.14,W01,W03,6,SUB_MOQ_VIOLATION
MAT_012,High-Density Polyethylene HDPE Copolymer,SUP_004,Hansol High-Tech Components,PLANT_05,Chennai Industrial Complex,W03,736,18.6,3.55,16312.15,19.14,W01,W03,8,SUB_MOQ_VIOLATION
MAT_012,High-Density Polyethylene HDPE Copolymer,SUP_005,MexSteel & Polymer Fabrica,PLANT_01,Detroit Advanced Assembly Hub,W03,467,20.39,1.7,10308.08,19.14,W01,W03,7,SUB_MOQ_VIOLATION
MAT_012,High-Density Polyethylene HDPE Copolymer,SUP_005,MexSteel & Polymer Fabrica,PLANT_02,Munich Engineering Works,W03,234,20.39,4.9,5919.88,19.14,W01,W03,9,SUB_MOQ_VIOLATION
MAT_012,High-Density Polyethylene HDPE Copolymer,SUP_005,MexSteel & Polymer Fabrica,PLANT_03,Monterrey Global Production Hub,W03,409,20.39,0.45,8530.02,19.14,W01,W03,7,SUB_MOQ_VIOLATION
MAT_012,High-Density Polyethylene HDPE Copolymer,SUP_005,MexSteel & Polymer Fabrica,PLANT_04,Tokyo Precision Facility,W03,90,20.39,6.45,2414.79,19.14,W01,W03,10,SUB_MOQ_VIOLATION
MAT_012,High-Density Polyethylene HDPE Copolymer,SUP_006,Saigon Composite Solutions,PLANT_04,Tokyo Precision Facility,W03,118,20.75,1.85,2660.25,19.14,W01,W03,4,SUB_MOQ_VIOLATION
MAT_012,High-Density Polyethylene HDPE Copolymer,SUP_006,Saigon Composite Solutions,PLANT_05,Chennai Industrial Complex,W03,284,20.75,2.1,6488.39,19.14,W01,W03,4,COMPLIANT
MAT_013,Polycarbonate Optical-Grade Pellets,SUP_002,Vanguard Industrial Dynamics,PLANT_01,Detroit Advanced Assembly Hub,W03,391,6.41,0.5,2701.26,6.69,W01,W03,5,COMPLIANT
MAT_013,Polycarbonate Optical-Grade Pellets,SUP_002,Vanguard Industrial Dynamics,PLANT_02,Munich Engineering Works,W03,751,6.41,3.5,7443.4,6.69,W01,W03,7,COMPLIANT
MAT_013,Polycarbonate Optical-Grade Pellets,SUP_002,Vanguard Industrial Dynamics,PLANT_03,Monterrey Global Production Hub,W03,513,6.41,1.6,4106.89,6.69,W01,W03,5,COMPLIANT
MAT_013,Polycarbonate Optical-Grade Pellets,SUP_002,Vanguard Industrial Dynamics,PLANT_05,Chennai Industrial Complex,W03,298,6.41,6.4,3822.63,6.69,W01,W03,8,COMPLIANT
MAT_013,Polycarbonate Optical-Grade Pellets,SUP_004,Hansol High-Tech Components,PLANT_02,Munich Engineering Works,W03,83,6.62,6.55,1087.32,6.69,W01,W03,8,SUB_MOQ_VIOLATION
MAT_013,Polycarbonate Optical-Grade Pellets,SUP_004,Hansol High-Tech Components,PLANT_04,Tokyo Precision Facility,W03,941,6.62,0.85,7026.88,6.69,W01,W03,5,SUB_MOQ_VIOLATION
MAT_013,Polycarbonate Optical-Grade Pellets,SUP_004,Hansol High-Tech Components,PLANT_05,Chennai Industrial Complex,W03,1188,6.62,3.55,12081.04,6.69,W01,W03,7,COMPLIANT
MAT_013,Polycarbonate Optical-Grade Pellets,SUP_005,MexSteel & Polymer Fabrica,PLANT_01,Detroit Advanced Assembly Hub,W03,283,6.86,1.7,2423.16,6.69,W01,W03,6,COMPLIANT
MAT_013,Polycarbonate Optical-Grade Pellets,SUP_005,MexSteel & Polymer Fabrica,PLANT_02,Munich Engineering Works,W03,461,6.86,4.9,5425.36,6.69,W01,W03,8,COMPLIANT
MAT_013,Polycarbonate Optical-Grade Pellets,SUP_005,MexSteel & Polymer Fabrica,PLANT_03,Monterrey Global Production Hub,W03,371,6.86,0.45,2714.06,6.69,W01,W03,6,COMPLIANT
MAT_013,Polycarbonate Optical-Grade Pellets,SUP_006,Saigon Composite Solutions,PLANT_04,Tokyo Precision Facility,W03,463,7.43,1.85,4299.61,6.69,W01,W03,5,SUB_MOQ_VIOLATION
MAT_013,Polycarbonate Optical-Grade Pellets,SUP_006,Saigon Composite Solutions,PLANT_05,Chennai Industrial Complex,W03,287,7.43,2.1,2732.06,6.69,W01,W03,5,SUB_MOQ_VIOLATION
MAT_014,Polyether Ether Ketone PEEK Polymer,SUP_002,Vanguard Industrial Dynamics,PLANT_01,Detroit Advanced Assembly Hub,W03,361,10.82,0.5,4084.26,11.17,W01,W03,4,COMPLIANT
MAT_014,Polyether Ether Ketone PEEK Polymer,SUP_002,Vanguard Industrial Dynamics,PLANT_02,Munich Engineering Works,W03,1009,10.82,3.5,14452.46,11.17,W01,W03,6,COMPLIANT
MAT_014,Polyether Ether Ketone PEEK Polymer,SUP_002,Vanguard Industrial Dynamics,PLANT_03,Monterrey Global Production Hub,W03,1247,10.82,1.6,15492.71,11.17,W01,W03,4,COMPLIANT
MAT_014,Polyether Ether Ketone PEEK Polymer,SUP_002,Vanguard Industrial Dynamics,PLANT_05,Chennai Industrial Complex,W03,462,10.82,6.4,7962.48,11.17,W01,W03,7,COMPLIANT
MAT_014,Polyether Ether Ketone PEEK Polymer,SUP_004,Hansol High-Tech Components,PLANT_04,Tokyo Precision Facility,W03,1028,10.94,0.85,12114.58,11.17,W01,W03,6,COMPLIANT
MAT_014,Polyether Ether Ketone PEEK Polymer,SUP_004,Hansol High-Tech Components,PLANT_05,Chennai Industrial Complex,W03,1257,10.94,3.55,18211.76,11.17,W01,W03,8,COMPLIANT
MAT_014,Polyether Ether Ketone PEEK Polymer,SUP_005,MexSteel & Polymer Fabrica,PLANT_01,Detroit Advanced Assembly Hub,W03,295,11.43,1.7,3875.98,11.17,W01,W03,5,SUB_MOQ_VIOLATION
MAT_014,Polyether Ether Ketone PEEK Polymer,SUP_005,MexSteel & Polymer Fabrica,PLANT_02,Munich Engineering Works,W03,826,11.43,4.9,13484.5,11.17,W01,W03,7,COMPLIANT
MAT_014,Polyether Ether Ketone PEEK Polymer,SUP_005,MexSteel & Polymer Fabrica,PLANT_03,Monterrey Global Production Hub,W03,1021,11.43,0.45,12124.73,11.17,W01,W03,5,COMPLIANT
MAT_014,Polyether Ether Ketone PEEK Polymer,SUP_006,Saigon Composite Solutions,PLANT_04,Tokyo Precision Facility,W03,603,12.23,1.85,8496.86,11.17,W01,W03,5,COMPLIANT
MAT_014,Polyether Ether Ketone PEEK Polymer,SUP_006,Saigon Composite Solutions,PLANT_05,Chennai Industrial Complex,W03,276,12.23,2.1,3951.54,11.17,W01,W03,5,COMPLIANT
MAT_015,Thermoplastic Polyurethane TPU Elastomer,SUP_002,Vanguard Industrial Dynamics,PLANT_01,Detroit Advanced Assembly Hub,W03,1335,21.33,0.5,29146.32,22.9,W01,W03,7,COMPLIANT
MAT_015,Thermoplastic Polyurethane TPU Elastomer,SUP_002,Vanguard Industrial Dynamics,PLANT_02,Munich Engineering Works,W03,514,21.33,3.5,12763.86,22.9,W01,W03,9,SUB_MOQ_VIOLATION
MAT_015,Thermoplastic Polyurethane TPU Elastomer,SUP_002,Vanguard Industrial Dynamics,PLANT_03,Monterrey Global Production Hub,W03,974,21.33,1.6,22324.42,22.9,W01,W03,7,COMPLIANT
MAT_015,Thermoplastic Polyurethane TPU Elastomer,SUP_002,Vanguard Industrial Dynamics,PLANT_04,Tokyo Precision Facility,W03,239,21.33,6.2,6586.55,22.9,W01,W03,10,SUB_MOQ_VIOLATION
MAT_015,Thermoplastic Polyurethane TPU Elastomer,SUP_002,Vanguard Industrial Dynamics,PLANT_05,Chennai Industrial Complex,W03,457,21.33,6.4,12674.0,22.9,W01,W03,10,SUB_MOQ_VIOLATION
MAT_015,Thermoplastic Polyurethane TPU Elastomer,SUP_004,Hansol High-Tech Components,PLANT_04,Tokyo Precision Facility,W03,486,22.76,0.85,11468.56,22.9,W01,W03,3,SUB_MOQ_VIOLATION
MAT_015,Thermoplastic Polyurethane TPU Elastomer,SUP_004,Hansol High-Tech Components,PLANT_05,Chennai Industrial Complex,W03,928,22.76,3.55,24414.36,22.9,W01,W03,5,COMPLIANT
MAT_015,Thermoplastic Polyurethane TPU Elastomer,SUP_005,MexSteel & Polymer Fabrica,PLANT_01,Detroit Advanced Assembly Hub,W03,600,23.46,1.7,15092.23,22.9,W01,W03,7,SUB_MOQ_VIOLATION
MAT_015,Thermoplastic Polyurethane TPU Elastomer,SUP_005,MexSteel & Polymer Fabrica,PLANT_02,Munich Engineering Works,W03,231,23.46,4.9,6549.74,22.9,W01,W03,9,SUB_MOQ_VIOLATION
MAT_015,Thermoplastic Polyurethane TPU Elastomer,SUP_005,MexSteel & Polymer Fabrica,PLANT_03,Monterrey Global Production Hub,W03,437,23.46,0.45,10458.47,22.9,W01,W03,7,SUB_MOQ_VIOLATION
MAT_016,Quad-Core Embedded Controller SoC,SUP_003,Nippon Advanced Metallurgy,PLANT_01,Detroit Advanced Assembly Hub,W03,1473,212.57,5.1,320699.74,227.56,W01,W03,5,COMPLIANT
MAT_016,Quad-Core Embedded Controller SoC,SUP_003,Nippon Advanced Metallurgy,PLANT_02,Munich Engineering Works,W03,1410,212.57,6.5,308818.6,227.56,W01,W03,6,COMPLIANT
MAT_016,Quad-Core Embedded Controller SoC,SUP_003,Nippon Advanced Metallurgy,PLANT_03,Monterrey Global Production Hub,W03,1574,212.57,5.3,342890.34,227.56,W01,W03,6,COMPLIANT
MAT_016,Quad-Core Embedded Controller SoC,SUP_003,Nippon Advanced Metallurgy,PLANT_04,Tokyo Precision Facility,W03,597,212.57,0.45,127166.55,227.56,W01,W03,3,SUB_MOQ_VIOLATION
MAT_016,Quad-Core Embedded Controller SoC,SUP_003,Nippon Advanced Metallurgy,PLANT_05,Chennai Industrial Complex,W03,768,212.57,3.6,165979.65,227.56,W01,W03,5,COMPLIANT
MAT_016,Quad-Core Embedded Controller SoC,SUP_004,Hansol High-Tech Components,PLANT_01,Detroit Advanced Assembly Hub,W03,726,222.17,5.15,164959.3,227.56,W01,W03,9,SUB_MOQ_VIOLATION
MAT_016,Quad-Core Embedded Controller SoC,SUP_004,Hansol High-Tech Components,PLANT_02,Munich Engineering Works,W03,694,222.17,6.55,158804.87,227.56,W01,W03,9,SUB_MOQ_VIOLATION
MAT_016,Quad-Core Embedded Controller SoC,SUP_004,Hansol High-Tech Components,PLANT_03,Monterrey Global Production Hub,W03,775,222.17,5.35,176366.68,227.56,W01,W03,9,COMPLIANT
MAT_016,Quad-Core Embedded Controller SoC,SUP_004,Hansol High-Tech Components,PLANT_04,Tokyo Precision Facility,W03,294,222.17,0.85,65574.57,227.56,W01,W03,6,SUB_MOQ_VIOLATION
MAT_016,Quad-Core Embedded Controller SoC,SUP_004,Hansol High-Tech Components,PLANT_05,Chennai Industrial Complex,W03,378,222.17,3.55,85362.79,227.56,W01,W03,8,SUB_MOQ_VIOLATION
MAT_017,Industrial Power Management Module,SUP_003,Nippon Advanced Metallurgy,PLANT_01,Detroit Advanced Assembly Hub,W03,747,113.98,5.1,88990.87,118.85,W01,W03,9,SUB_MOQ_VIOLATION
MAT_017,Industrial Power Management Module,SUP_003,Nippon Advanced Metallurgy,PLANT_02,Munich Engineering Works,W03,781,113.98,6.5,94133.43,118.85,W01,W03,10,SUB_MOQ_VIOLATION
MAT_017,Industrial Power Management Module,SUP_003,Nippon Advanced Metallurgy,PLANT_03,Monterrey Global Production Hub,W03,1024,113.98,5.3,122152.26,118.85,W01,W03,10,COMPLIANT
MAT_017,Industrial Power Management Module,SUP_003,Nippon Advanced Metallurgy,PLANT_04,Tokyo Precision Facility,W03,873,113.98,0.45,99911.12,118.85,W01,W03,7,SUB_MOQ_VIOLATION
MAT_017,Industrial Power Management Module,SUP_003,Nippon Advanced Metallurgy,PLANT_05,Chennai Industrial Complex,W03,1505,113.98,3.6,176939.09,118.85,W01,W03,9,COMPLIANT
MAT_017,Industrial Power Management Module,SUP_004,Hansol High-Tech Components,PLANT_01,Detroit Advanced Assembly Hub,W03,352,121.21,5.15,44438.28,118.85,W01,W03,8,COMPLIANT
MAT_017,Industrial Power Management Module,SUP_004,Hansol High-Tech Components,PLANT_02,Munich Engineering Works,W03,368,121.21,6.55,46974.8,118.85,W01,W03,8,COMPLIANT
MAT_017,Industrial Power Management Module,SUP_004,Hansol High-Tech Components,PLANT_03,Monterrey Global Production Hub,W03,482,121.21,5.35,60991.8,118.85,W01,W03,8,COMPLIANT
MAT_017,Industrial Power Management Module,SUP_004,Hansol High-Tech Components,PLANT_04,Tokyo Precision Facility,W03,411,121.21,0.85,50152.01,118.85,W01,W03,5,COMPLIANT
MAT_017,Industrial Power Management Module,SUP_004,Hansol High-Tech Components,PLANT_05,Chennai Industrial Complex,W03,708,121.21,3.55,88350.04,118.85,W01,W03,7,COMPLIANT
MAT_018,Multi-Layer High-Frequency PCB Array,SUP_003,Nippon Advanced Metallurgy,PLANT_01,Detroit Advanced Assembly Hub,W03,713,230.16,5.1,167813.31,242.4,W01,W03,6,SUB_MOQ_VIOLATION
MAT_018,Multi-Layer High-Frequency PCB Array,SUP_003,Nippon Advanced Metallurgy,PLANT_02,Munich Engineering Works,W03,1250,230.16,6.5,295874.7,242.4,W01,W03,7,COMPLIANT
MAT_018,Multi-Layer High-Frequency PCB Array,SUP_003,Nippon Advanced Metallurgy,PLANT_03,Monterrey Global Production Hub,W03,519,230.16,5.3,122250.83,242.4,W01,W03,7,SUB_MOQ_VIOLATION
MAT_018,Multi-Layer High-Frequency PCB Array,SUP_003,Nippon Advanced Metallurgy,PLANT_04,Tokyo Precision Facility,W03,589,230.16,0.45,135787.78,242.4,W01,W03,4,SUB_MOQ_VIOLATION
MAT_018,Multi-Layer High-Frequency PCB Array,SUP_003,Nippon Advanced Metallurgy,PLANT_05,Chennai Industrial Complex,W03,1047,230.16,3.6,244805.16,242.4,W01,W03,6,COMPLIANT
MAT_018,Multi-Layer High-Frequency PCB Array,SUP_004,Hansol High-Tech Components,PLANT_01,Detroit Advanced Assembly Hub,W03,496,239.2,5.15,121121.85,242.4,W01,W03,8,SUB_MOQ_VIOLATION
MAT_018,Multi-Layer High-Frequency PCB Array,SUP_004,Hansol High-Tech Components,PLANT_02,Munich Engineering Works,W03,869,239.2,6.55,213505.14,242.4,W01,W03,8,SUB_MOQ_VIOLATION
MAT_018,Multi-Layer High-Frequency PCB Array,SUP_004,Hansol High-Tech Components,PLANT_03,Monterrey Global Production Hub,W03,361,239.2,5.35,88233.64,242.4,W01,W03,8,SUB_MOQ_VIOLATION
MAT_018,Multi-Layer High-Frequency PCB Array,SUP_004,Hansol High-Tech Components,PLANT_04,Tokyo Precision Facility,W03,409,239.2,0.85,98223.66,242.4,W01,W03,5,SUB_MOQ_VIOLATION
MAT_018,Multi-Layer High-Frequency PCB Array,SUP_004,Hansol High-Tech Components,PLANT_05,Chennai Industrial Complex,W03,728,239.2,3.55,176661.31,242.4,W01,W03,7,SUB_MOQ_VIOLATION
MAT_019,Precision MEMS IMU Sensor Package,SUP_003,Nippon Advanced Metallurgy,PLANT_01,Detroit Advanced Assembly Hub,W03,1316,307.13,5.1,410894.68,316.16,W01,W03,8,COMPLIANT
MAT_019,Precision MEMS IMU Sensor Package,SUP_003,Nippon Advanced Metallurgy,PLANT_02,Munich Engineering Works,W03,1108,307.13,6.5,347577.31,316.16,W01,W03,9,COMPLIANT
MAT_019,Precision MEMS IMU Sensor Package,SUP_003,Nippon Advanced Metallurgy,PLANT_03,Monterrey Global Production Hub,W03,1223,307.13,5.3,382114.39,316.16,W01,W03,9,COMPLIANT
MAT_019,Precision MEMS IMU Sensor Package,SUP_003,Nippon Advanced Metallurgy,PLANT_04,Tokyo Precision Facility,W03,956,307.13,0.45,294021.87,316.16,W01,W03,6,SUB_MOQ_VIOLATION
MAT_019,Precision MEMS IMU Sensor Package,SUP_003,Nippon Advanced Metallurgy,PLANT_05,Chennai Industrial Complex,W03,581,307.13,3.6,180621.13,316.16,W01,W03,8,SUB_MOQ_VIOLATION
MAT_019,Precision MEMS IMU Sensor Package,SUP_004,Hansol High-Tech Components,PLANT_01,Detroit Advanced Assembly Hub,W03,1034,310.88,5.15,326775.02,316.16,W01,W03,8,COMPLIANT
MAT_019,Precision MEMS IMU Sensor Package,SUP_004,Hansol High-Tech Components,PLANT_02,Munich Engineering Works,W03,871,310.88,6.55,276405.35,316.16,W01,W03,8,COMPLIANT
MAT_019,Precision MEMS IMU Sensor Package,SUP_004,Hansol High-Tech Components,PLANT_03,Monterrey Global Production Hub,W03,961,310.88,5.35,303884.38,316.16,W01,W03,8,COMPLIANT
MAT_019,Precision MEMS IMU Sensor Package,SUP_004,Hansol High-Tech Components,PLANT_04,Tokyo Precision Facility,W03,751,310.88,0.85,234134.17,316.16,W01,W03,5,COMPLIANT
MAT_019,Precision MEMS IMU Sensor Package,SUP_004,Hansol High-Tech Components,PLANT_05,Chennai Industrial Complex,W03,457,310.88,3.55,143606.47,316.16,W01,W03,7,SUB_MOQ_VIOLATION
MAT_020,Fiber-Optic Gigabit Transceiver Subassembly,SUP_003,Nippon Advanced Metallurgy,PLANT_01,Detroit Advanced Assembly Hub,W03,1228,44.87,5.1,61385.15,47.18,W01,W03,7,COMPLIANT
MAT_020,Fiber-Optic Gigabit Transceiver Subassembly,SUP_003,Nippon Advanced Metallurgy,PLANT_02,Munich Engineering Works,W03,701,44.87,6.5,36021.67,47.18,W01,W03,8,SUB_MOQ_VIOLATION
MAT_020,Fiber-Optic Gigabit Transceiver Subassembly,SUP_003,Nippon Advanced Metallurgy,PLANT_03,Monterrey Global Production Hub,W03,1034,44.87,5.3,51853.71,47.18,W01,W03,8,COMPLIANT
MAT_020,Fiber-Optic Gigabit Transceiver Subassembly,SUP_003,Nippon Advanced Metallurgy,PLANT_04,Tokyo Precision Facility,W03,966,44.87,0.45,43765.52,47.18,W01,W03,5,SUB_MOQ_VIOLATION
MAT_020,Fiber-Optic Gigabit Transceiver Subassembly,SUP_003,Nippon Advanced Metallurgy,PLANT_05,Chennai Industrial Complex,W03,1200,44.87,3.6,58164.97,47.18,W01,W03,7,COMPLIANT
MAT_020,Fiber-Optic Gigabit Transceiver Subassembly,SUP_004,Hansol High-Tech Components,PLANT_01,Detroit Advanced Assembly Hub,W03,890,47.81,5.15,47111.1,47.18,W01,W03,6,COMPLIANT
MAT_020,Fiber-Optic Gigabit Transceiver Subassembly,SUP_004,Hansol High-Tech Components,PLANT_02,Munich Engineering Works,W03,508,47.81,6.55,27602.92,47.18,W01,W03,6,SUB_MOQ_VIOLATION
MAT_020,Fiber-Optic Gigabit Transceiver Subassembly,SUP_004,Hansol High-Tech Components,PLANT_03,Monterrey Global Production Hub,W03,748,47.81,5.35,39787.07,47.18,W01,W03,6,SUB_MOQ_VIOLATION
MAT_020,Fiber-Optic Gigabit Transceiver Subassembly,SUP_004,Hansol High-Tech Components,PLANT_04,Tokyo Precision Facility,W03,699,47.81,0.85,34027.94,47.18,W01,W03,3,SUB_MOQ_VIOLATION
MAT_020,Fiber-Optic Gigabit Transceiver Subassembly,SUP_004,Hansol High-Tech Components,PLANT_05,Chennai Industrial Complex,W03,869,47.81,3.55,44630.81,47.18,W01,W03,5,COMPLIANT
MAT_021,Angular Contact Spindle Bearing 7008,SUP_003,Nippon Advanced Metallurgy,PLANT_01,Detroit Advanced Assembly Hub,W03,756,116.17,5.1,91658.29,120.34,W01,W03,9,SUB_MOQ_VIOLATION
MAT_021,Angular Contact Spindle Bearing 7008,SUP_003,Nippon Advanced Metallurgy,PLANT_02,Munich Engineering Works,W03,1201,116.17,6.5,147325.44,120.34,W01,W03,10,COMPLIANT
MAT_021,Angular Contact Spindle Bearing 7008,SUP_003,Nippon Advanced Metallurgy,PLANT_03,Monterrey Global Production Hub,W03,339,116.17,5.3,41127.31,120.34,W01,W03,10,SUB_MOQ_VIOLATION
MAT_021,Angular Contact Spindle Bearing 7008,SUP_003,Nippon Advanced Metallurgy,PLANT_04,Tokyo Precision Facility,W03,1207,116.17,0.45,140724.19,120.34,W01,W03,7,COMPLIANT
MAT_021,Angular Contact Spindle Bearing 7008,SUP_003,Nippon Advanced Metallurgy,PLANT_05,Chennai Industrial Complex,W03,499,116.17,3.6,59735.29,120.34,W01,W03,9,SUB_MOQ_VIOLATION
MAT_021,Angular Contact Spindle Bearing 7008,SUP_011,Shinshu Bearing & Motion Systems,PLANT_01,Detroit Advanced Assembly Hub,W03,570,118.13,5.1,70263.28,120.34,W01,W03,7,COMPLIANT
MAT_021,Angular Contact Spindle Bearing 7008,SUP_011,Shinshu Bearing & Motion Systems,PLANT_02,Munich Engineering Works,W03,906,118.13,6.5,112916.03,120.34,W01,W03,8,COMPLIANT
MAT_021,Angular Contact Spindle Bearing 7008,SUP_011,Shinshu Bearing & Motion Systems,PLANT_03,Monterrey Global Production Hub,W03,255,118.13,5.3,31526.49,120.34,W01,W03,8,SUB_MOQ_VIOLATION
MAT_021,Angular Contact Spindle Bearing 7008,SUP_011,Shinshu Bearing & Motion Systems,PLANT_04,Tokyo Precision Facility,W03,910,118.13,0.45,107944.56,120.34,W01,W03,5,COMPLIANT
MAT_021,Angular Contact Spindle Bearing 7008,SUP_011,Shinshu Bearing & Motion Systems,PLANT_05,Chennai Industrial Complex,W03,376,118.13,3.6,45800.91,120.34,W01,W03,7,SUB_MOQ_VIOLATION
MAT_022,Double-Row Tapered Roller Bearing,SUP_003,Nippon Advanced Metallurgy,PLANT_01,Detroit Advanced Assembly Hub,W03,927,103.66,5.1,100793.33,106.66,W01,W03,8,COMPLIANT
MAT_022,Double-Row Tapered Roller Bearing,SUP_003,Nippon Advanced Metallurgy,PLANT_02,Munich Engineering Works,W03,960,103.66,6.5,105726.06,106.66,W01,W03,9,COMPLIANT
MAT_022,Double-Row Tapered Roller Bearing,SUP_003,Nippon Advanced Metallurgy,PLANT_03,Monterrey Global Production Hub,W03,1269,103.66,5.3,138253.9,106.66,W01,W03,9,COMPLIANT
MAT_022,Double-Row Tapered Roller Bearing,SUP_003,Nippon Advanced Metallurgy,PLANT_04,Tokyo Precision Facility,W03,414,103.66,0.45,43059.9,106.66,W01,W03,6,SUB_MOQ_VIOLATION
MAT_022,Double-Row Tapered Roller Bearing,SUP_003,Nippon Advanced Metallurgy,PLANT_05,Chennai Industrial Complex,W03,1179,103.66,3.6,126480.99,106.66,W01,W03,8,COMPLIANT
MAT_022,Double-Row Tapered Roller Bearing,SUP_011,Shinshu Bearing & Motion Systems,PLANT_01,Detroit Advanced Assembly Hub,W03,758,105.28,5.1,83695.63,106.66,W01,W03,8,SUB_MOQ_VIOLATION
MAT_022,Double-Row Tapered Roller Bearing,SUP_011,Shinshu Bearing & Motion Systems,PLANT_02,Munich Engineering Works,W03,785,105.28,6.5,87775.24,106.66,W01,W03,9,SUB_MOQ_VIOLATION
MAT_022,Double-Row Tapered Roller Bearing,SUP_011,Shinshu Bearing & Motion Systems,PLANT_03,Monterrey Global Production Hub,W03,1038,105.28,5.3,114798.63,106.66,W01,W03,9,COMPLIANT
MAT_022,Double-Row Tapered Roller Bearing,SUP_011,Shinshu Bearing & Motion Systems,PLANT_04,Tokyo Precision Facility,W03,338,105.28,0.45,35779.03,106.66,W01,W03,6,SUB_MOQ_VIOLATION
MAT_022,Double-Row Tapered Roller Bearing,SUP_011,Shinshu Bearing & Motion Systems,PLANT_05,Chennai Industrial Complex,W03,965,105.28,3.6,105047.42,106.66,W01,W03,8,SUB_MOQ_VIOLATION
MAT_023,Deep-Groove Ceramic Hybrid Bearing,SUP_003,Nippon Advanced Metallurgy,PLANT_01,Detroit Advanced Assembly Hub,W03,1215,57.2,5.1,75711.32,61.21,W01,W03,6,COMPLIANT
MAT_023,Deep-Groove Ceramic Hybrid Bearing,SUP_003,Nippon Advanced Metallurgy,PLANT_02,Munich Engineering Works,W03,1093,57.2,6.5,69627.29,61.21,W01,W03,7,COMPLIANT
MAT_023,Deep-Groove Ceramic Hybrid Bearing,SUP_003,Nippon Advanced Metallurgy,PLANT_03,Monterrey Global Production Hub,W03,915,57.2,5.3,57211.88,61.21,W01,W03,7,COMPLIANT
MAT_023,Deep-Groove Ceramic Hybrid Bearing,SUP_003,Nippon Advanced Metallurgy,PLANT_04,Tokyo Precision Facility,W03,1460,57.2,0.45,84152.28,61.21,W01,W03,4,COMPLIANT
MAT_023,Deep-Groove Ceramic Hybrid Bearing,SUP_003,Nippon Advanced Metallurgy,PLANT_05,Chennai Industrial Complex,W03,1116,57.2,3.6,67874.69,61.21,W01,W03,6,COMPLIANT
MAT_023,Deep-Groove Ceramic Hybrid Bearing,SUP_011,Shinshu Bearing & Motion Systems,PLANT_01,Detroit Advanced Assembly Hub,W03,714,60.49,5.1,46813.55,61.21,W01,W03,5,COMPLIANT
MAT_023,Deep-Groove Ceramic Hybrid Bearing,SUP_011,Shinshu Bearing & Motion Systems,PLANT_02,Munich Engineering Works,W03,642,60.49,6.5,43004.23,61.21,W01,W03,6,COMPLIANT
MAT_023,Deep-Groove Ceramic Hybrid Bearing,SUP_011,Shinshu Bearing & Motion Systems,PLANT_03,Monterrey Global Production Hub,W03,538,60.49,5.3,35369.36,61.21,W01,W03,6,COMPLIANT
MAT_023,Deep-Groove Ceramic Hybrid Bearing,SUP_011,Shinshu Bearing & Motion Systems,PLANT_04,Tokyo Precision Facility,W03,857,60.49,0.45,52243.25,61.21,W01,W03,3,COMPLIANT
MAT_023,Deep-Groove Ceramic Hybrid Bearing,SUP_011,Shinshu Bearing & Motion Systems,PLANT_05,Chennai Industrial Complex,W03,656,60.49,3.6,42019.97,61.21,W01,W03,5,COMPLIANT
MAT_024,Sealed Spherical Roller Bearing 22210,SUP_003,Nippon Advanced Metallurgy,PLANT_01,Detroit Advanced Assembly Hub,W03,1096,37.17,5.1,46311.01,37.75,W01,W03,9,COMPLIANT
MAT_024,Sealed Spherical Roller Bearing 22210,SUP_003,Nippon Advanced Metallurgy,PLANT_02,Munich Engineering Works,W03,470,37.17,6.5,20542.37,37.75,W01,W03,10,SUB_MOQ_VIOLATION
MAT_024,Sealed Spherical Roller Bearing 22210,SUP_003,Nippon Advanced Metallurgy,PLANT_03,Monterrey Global Production Hub,W03,549,37.17,5.3,23316.03,37.75,W01,W03,10,SUB_MOQ_VIOLATION
MAT_024,Sealed Spherical Roller Bearing 22210,SUP_003,Nippon Advanced Metallurgy,PLANT_04,Tokyo Precision Facility,W03,1050,37.17,0.45,39501.0,37.75,W01,W03,7,COMPLIANT
MAT_024,Sealed Spherical Roller Bearing 22210,SUP_003,Nippon Advanced Metallurgy,PLANT_05,Chennai Industrial Complex,W03,1340,37.17,3.6,54623.65,37.75,W01,W03,9,COMPLIANT
MAT_024,Sealed Spherical Roller Bearing 22210,SUP_011,Shinshu Bearing & Motion Systems,PLANT_01,Detroit Advanced Assembly Hub,W03,730,38.02,5.1,31494.85,37.75,W01,W03,5,SUB_MOQ_VIOLATION
MAT_024,Sealed Spherical Roller Bearing 22210,SUP_011,Shinshu Bearing & Motion Systems,PLANT_02,Munich Engineering Works,W03,314,38.02,6.5,13961.47,37.75,W01,W03,6,SUB_MOQ_VIOLATION
MAT_024,Sealed Spherical Roller Bearing 22210,SUP_011,Shinshu Bearing & Motion Systems,PLANT_03,Monterrey Global Production Hub,W03,366,38.02,5.3,15855.12,37.75,W01,W03,6,SUB_MOQ_VIOLATION
MAT_024,Sealed Spherical Roller Bearing 22210,SUP_011,Shinshu Bearing & Motion Systems,PLANT_04,Tokyo Precision Facility,W03,700,38.02,0.45,26929.0,37.75,W01,W03,3,SUB_MOQ_VIOLATION
MAT_024,Sealed Spherical Roller Bearing 22210,SUP_011,Shinshu Bearing & Motion Systems,PLANT_05,Chennai Industrial Complex,W03,893,38.02,3.6,37174.98,37.75,W01,W03,5,SUB_MOQ_VIOLATION
MAT_025,High-Speed Miniature Precision Bearing,SUP_003,Nippon Advanced Metallurgy,PLANT_01,Detroit Advanced Assembly Hub,W03,1011,131.11,5.1,137738.28,139.57,W01,W03,8,COMPLIANT
MAT_025,High-Speed Miniature Precision Bearing,SUP_003,Nippon Advanced Metallurgy,PLANT_02,Munich Engineering Works,W03,1387,131.11,6.5,190856.81,139.57,W01,W03,9,COMPLIANT
MAT_025,High-Speed Miniature Precision Bearing,SUP_003,Nippon Advanced Metallurgy,PLANT_03,Monterrey Global Production Hub,W03,1258,131.11,5.3,171601.05,139.57,W01,W03,9,COMPLIANT
MAT_025,High-Speed Miniature Precision Bearing,SUP_003,Nippon Advanced Metallurgy,PLANT_04,Tokyo Precision Facility,W03,931,131.11,0.45,122432.37,139.57,W01,W03,6,SUB_MOQ_VIOLATION
MAT_025,High-Speed Miniature Precision Bearing,SUP_003,Nippon Advanced Metallurgy,PLANT_05,Chennai Industrial Complex,W03,1200,131.11,3.6,161611.59,139.57,W01,W03,8,COMPLIANT
MAT_025,High-Speed Miniature Precision Bearing,SUP_011,Shinshu Bearing & Motion Systems,PLANT_01,Detroit Advanced Assembly Hub,W03,620,135.66,5.1,87240.23,139.57,W01,W03,7,SUB_MOQ_VIOLATION
MAT_025,High-Speed Miniature Precision Bearing,SUP_011,Shinshu Bearing & Motion Systems,PLANT_02,Munich Engineering Works,W03,850,135.66,6.5,120844.53,139.57,W01,W03,8,COMPLIANT
MAT_025,High-Speed Miniature Precision Bearing,SUP_011,Shinshu Bearing & Motion Systems,PLANT_03,Monterrey Global Production Hub,W03,771,135.66,5.3,108682.98,139.57,W01,W03,8,COMPLIANT
MAT_025,High-Speed Miniature Precision Bearing,SUP_011,Shinshu Bearing & Motion Systems,PLANT_04,Tokyo Precision Facility,W03,570,135.66,0.45,77634.42,139.57,W01,W03,5,SUB_MOQ_VIOLATION
MAT_025,High-Speed Miniature Precision Bearing,SUP_011,Shinshu Bearing & Motion Systems,PLANT_05,Chennai Industrial Complex,W03,735,135.66,3.6,102397.88,139.57,W01,W03,7,SUB_MOQ_VIOLATION
MAT_026,Proportional Electro-Hydraulic Valve,SUP_001,Apex Precision Metals GmbH,PLANT_01,Detroit Advanced Assembly Hub,W03,904,185.93,3.4,171135.39,194.59,W01,W03,5,SUB_MOQ_VIOLATION
MAT_026,Proportional Electro-Hydraulic Valve,SUP_001,Apex Precision Metals GmbH,PLANT_02,Munich Engineering Works,W03,1417,185.93,0.45,264020.32,194.59,W01,W03,4,COMPLIANT
MAT_026,Proportional Electro-Hydraulic Valve,SUP_001,Apex Precision Metals GmbH,PLANT_03,Monterrey Global Production Hub,W03,955,185.93,4.8,182139.52,194.59,W01,W03,6,SUB_MOQ_VIOLATION
MAT_026,Proportional Electro-Hydraulic Valve,SUP_001,Apex Precision Metals GmbH,PLANT_04,Tokyo Precision Facility,W03,1093,185.93,7.6,211520.55,194.59,W01,W03,7,SUB_MOQ_VIOLATION
MAT_026,Proportional Electro-Hydraulic Valve,SUP_001,Apex Precision Metals GmbH,PLANT_05,Chennai Industrial Complex,W03,548,185.93,5.1,104657.7,194.59,W01,W03,6,SUB_MOQ_VIOLATION
MAT_026,Proportional Electro-Hydraulic Valve,SUP_009,EuroHydraulics SpA,PLANT_01,Detroit Advanced Assembly Hub,W03,406,198.4,3.4,81950.98,194.59,W01,W03,4,COMPLIANT
MAT_026,Proportional Electro-Hydraulic Valve,SUP_009,EuroHydraulics SpA,PLANT_02,Munich Engineering Works,W03,636,198.4,0.45,126554.11,194.59,W01,W03,3,COMPLIANT
MAT_026,Proportional Electro-Hydraulic Valve,SUP_009,EuroHydraulics SpA,PLANT_03,Monterrey Global Production Hub,W03,429,198.4,4.8,87180.93,194.59,W01,W03,5,COMPLIANT
MAT_026,Proportional Electro-Hydraulic Valve,SUP_009,EuroHydraulics SpA,PLANT_04,Tokyo Precision Facility,W03,491,198.4,7.6,101154.24,194.59,W01,W03,6,COMPLIANT
MAT_026,Proportional Electro-Hydraulic Valve,SUP_009,EuroHydraulics SpA,PLANT_05,Chennai Industrial Complex,W03,246,198.4,5.1,50089.49,194.59,W01,W03,5,SUB_MOQ_VIOLATION
MAT_027,Double-Acting Heavy Cylinder 3000 PSI,SUP_001,Apex Precision Metals GmbH,PLANT_01,Detroit Advanced Assembly Hub,W03,699,95.5,3.4,69166.7,100.71,W01,W03,6,SUB_MOQ_VIOLATION
MAT_027,Double-Acting Heavy Cylinder 3000 PSI,SUP_001,Apex Precision Metals GmbH,PLANT_02,Munich Engineering Works,W03,1529,95.5,0.45,146699.87,100.71,W01,W03,5,COMPLIANT
MAT_027,Double-Acting Heavy Cylinder 3000 PSI,SUP_001,Apex Precision Metals GmbH,PLANT_03,Monterrey Global Production Hub,W03,841,95.5,4.8,84386.4,100.71,W01,W03,7,SUB_MOQ_VIOLATION
MAT_027,Double-Acting Heavy Cylinder 3000 PSI,SUP_001,Apex Precision Metals GmbH,PLANT_04,Tokyo Precision Facility,W03,636,95.5,7.6,65583.97,100.71,W01,W03,8,SUB_MOQ_VIOLATION
MAT_027,Double-Acting Heavy Cylinder 3000 PSI,SUP_001,Apex Precision Metals GmbH,PLANT_05,Chennai Industrial Complex,W03,1225,95.5,5.1,123247.07,100.71,W01,W03,7,COMPLIANT
MAT_027,Double-Acting Heavy Cylinder 3000 PSI,SUP_009,EuroHydraulics SpA,PLANT_01,Detroit Advanced Assembly Hub,W03,429,98.17,3.4,43536.96,100.71,W01,W03,7,COMPLIANT
MAT_027,Double-Acting Heavy Cylinder 3000 PSI,SUP_009,EuroHydraulics SpA,PLANT_02,Munich Engineering Works,W03,937,98.17,0.45,92414.83,100.71,W01,W03,6,COMPLIANT
MAT_027,Double-Acting Heavy Cylinder 3000 PSI,SUP_009,EuroHydraulics SpA,PLANT_03,Monterrey Global Production Hub,W03,516,98.17,4.8,53097.51,100.71,W01,W03,8,COMPLIANT
MAT_027,Double-Acting Heavy Cylinder 3000 PSI,SUP_007,Bharat Precision Engineering,PLANT_04,Tokyo Precision Facility,W03,390,101.87,3.65,41140.14,100.71,W01,W03,9,SUB_MOQ_VIOLATION
MAT_027,Double-Acting Heavy Cylinder 3000 PSI,SUP_007,Bharat Precision Engineering,PLANT_05,Chennai Industrial Complex,W03,751,101.87,0.45,76830.04,100.71,W01,W03,7,COMPLIANT
MAT_028,Variable Displacement Piston Pump Core,SUP_001,Apex Precision Metals GmbH,PLANT_01,Detroit Advanced Assembly Hub,W03,651,99.77,3.4,67138.91,102.24,W01,W03,8,SUB_MOQ_VIOLATION
MAT_028,Variable Displacement Piston Pump Core,SUP_001,Apex Precision Metals GmbH,PLANT_02,Munich Engineering Works,W03,816,99.77,0.45,81821.61,102.24,W01,W03,7,COMPLIANT
MAT_028,Variable Displacement Piston Pump Core,SUP_001,Apex Precision Metals GmbH,PLANT_03,Monterrey Global Production Hub,W03,1352,99.77,4.8,141345.18,102.24,W01,W03,9,COMPLIANT
MAT_028,Variable Displacement Piston Pump Core,SUP_001,Apex Precision Metals GmbH,PLANT_04,Tokyo Precision Facility,W03,1327,99.77,7.6,142437.04,102.24,W01,W03,10,COMPLIANT
MAT_028,Variable Displacement Piston Pump Core,SUP_001,Apex Precision Metals GmbH,PLANT_05,Chennai Industrial Complex,W03,416,99.77,5.1,43604.95,102.24,W01,W03,9,SUB_MOQ_VIOLATION
MAT_028,Variable Displacement Piston Pump Core,SUP_009,EuroHydraulics SpA,PLANT_01,Detroit Advanced Assembly Hub,W03,335,102.06,3.4,35354.41,102.24,W01,W03,6,SUB_MOQ_VIOLATION
MAT_028,Variable Displacement Piston Pump Core,SUP_009,EuroHydraulics SpA,PLANT_02,Munich Engineering Works,W03,421,102.06,0.45,43113.66,102.24,W01,W03,5,SUB_MOQ_VIOLATION
MAT_028,Variable Displacement Piston Pump Core,SUP_009,EuroHydraulics SpA,PLANT_03,Monterrey Global Production Hub,W03,696,102.06,4.8,74408.76,102.24,W01,W03,7,SUB_MOQ_VIOLATION
MAT_028,Variable Displacement Piston Pump Core,SUP_009,EuroHydraulics SpA,PLANT_04,Tokyo Precision Facility,W03,683,102.06,7.6,74941.64,102.24,W01,W03,8,SUB_MOQ_VIOLATION
MAT_028,Variable Displacement Piston Pump Core,SUP_009,EuroHydraulics SpA,PLANT_05,Chennai Industrial Complex,W03,214,102.06,5.1,22953.67,102.24,W01,W03,7,SUB_MOQ_VIOLATION
MAT_029,Reinforced High-Pressure Flex Hose Assembly,SUP_001,Apex Precision Metals GmbH,PLANT_01,Detroit Advanced Assembly Hub,W03,478,371.44,3.4,179323.46,391.29,W01,W03,5,COMPLIANT
MAT_029,Reinforced High-Pressure Flex Hose Assembly,SUP_001,Apex Precision Metals GmbH,PLANT_02,Munich Engineering Works,W03,731,371.44,0.45,271944.56,391.29,W01,W03,4,COMPLIANT
MAT_029,Reinforced High-Pressure Flex Hose Assembly,SUP_001,Apex Precision Metals GmbH,PLANT_03,Monterrey Global Production Hub,W03,1173,371.44,4.8,441179.02,391.29,W01,W03,6,COMPLIANT
MAT_029,Reinforced High-Pressure Flex Hose Assembly,SUP_001,Apex Precision Metals GmbH,PLANT_04,Tokyo Precision Facility,W03,603,371.44,7.6,228636.93,391.29,W01,W03,7,COMPLIANT
MAT_029,Reinforced High-Pressure Flex Hose Assembly,SUP_001,Apex Precision Metals GmbH,PLANT_05,Chennai Industrial Complex,W03,1466,371.44,5.1,552158.26,391.29,W01,W03,6,COMPLIANT
MAT_029,Reinforced High-Pressure Flex Hose Assembly,SUP_009,EuroHydraulics SpA,PLANT_01,Detroit Advanced Assembly Hub,W03,258,386.32,3.4,100391.87,391.29,W01,W03,8,SUB_MOQ_VIOLATION
MAT_029,Reinforced High-Pressure Flex Hose Assembly,SUP_009,EuroHydraulics SpA,PLANT_02,Munich Engineering Works,W03,394,386.32,0.45,152290.69,391.29,W01,W03,7,SUB_MOQ_VIOLATION
MAT_029,Reinforced High-Pressure Flex Hose Assembly,SUP_009,EuroHydraulics SpA,PLANT_03,Monterrey Global Production Hub,W03,631,386.32,4.8,246953.17,391.29,W01,W03,9,SUB_MOQ_VIOLATION
MAT_029,Reinforced High-Pressure Flex Hose Assembly,SUP_009,EuroHydraulics SpA,PLANT_04,Tokyo Precision Facility,W03,325,386.32,7.6,127945.22,391.29,W01,W03,10,SUB_MOQ_VIOLATION
MAT_029,Reinforced High-Pressure Flex Hose Assembly,SUP_009,EuroHydraulics SpA,PLANT_05,Chennai Industrial Complex,W03,790,386.32,5.1,309065.23,391.29,W01,W03,9,SUB_MOQ_VIOLATION
MAT_030,Servo-Controlled Hydraulic Actuator,SUP_001,Apex Precision Metals GmbH,PLANT_01,Detroit Advanced Assembly Hub,W03,611,276.63,3.4,171187.94,297.43,W01,W03,7,SUB_MOQ_VIOLATION
MAT_030,Servo-Controlled Hydraulic Actuator,SUP_001,Apex Precision Metals GmbH,PLANT_02,Munich Engineering Works,W03,985,276.63,0.45,273040.17,297.43,W01,W03,6,SUB_MOQ_VIOLATION
MAT_030,Servo-Controlled Hydraulic Actuator,SUP_001,Apex Precision Metals GmbH,PLANT_03,Monterrey Global Production Hub,W03,569,276.63,4.8,160128.04,297.43,W01,W03,8,SUB_MOQ_VIOLATION
MAT_030,Servo-Controlled Hydraulic Actuator,SUP_001,Apex Precision Metals GmbH,PLANT_04,Tokyo Precision Facility,W03,657,276.63,7.6,186778.9,297.43,W01,W03,9,SUB_MOQ_VIOLATION
MAT_030,Servo-Controlled Hydraulic Actuator,SUP_001,Apex Precision Metals GmbH,PLANT_05,Chennai Industrial Complex,W03,1400,276.63,5.1,394292.4,297.43,W01,W03,8,COMPLIANT
MAT_030,Servo-Controlled Hydraulic Actuator,SUP_009,EuroHydraulics SpA,PLANT_01,Detroit Advanced Assembly Hub,W03,443,294.96,3.4,132078.0,297.43,W01,W03,7,SUB_MOQ_VIOLATION
MAT_030,Servo-Controlled Hydraulic Actuator,SUP_009,EuroHydraulics SpA,PLANT_02,Munich Engineering Works,W03,714,294.96,0.45,210798.67,297.43,W01,W03,6,SUB_MOQ_VIOLATION
MAT_030,Servo-Controlled Hydraulic Actuator,SUP_009,EuroHydraulics SpA,PLANT_03,Monterrey Global Production Hub,W03,412,294.96,4.8,123507.12,297.43,W01,W03,8,SUB_MOQ_VIOLATION
MAT_030,Servo-Controlled Hydraulic Actuator,SUP_009,EuroHydraulics SpA,PLANT_04,Tokyo Precision Facility,W03,476,294.96,7.6,143976.2,297.43,W01,W03,9,SUB_MOQ_VIOLATION
MAT_030,Servo-Controlled Hydraulic Actuator,SUP_009,EuroHydraulics SpA,PLANT_05,Chennai Industrial Complex,W03,1013,294.96,5.1,304098.81,297.43,W01,W03,8,COMPLIANT
MAT_031,Grade 12.9 Structural Flange Hex Bolt,SUP_002,Vanguard Industrial Dynamics,PLANT_01,Detroit Advanced Assembly Hub,W03,965,14.13,0.5,14123.8,15.16,W01,W03,4,SUB_MOQ_VIOLATION
MAT_031,Grade 12.9 Structural Flange Hex Bolt,SUP_002,Vanguard Industrial Dynamics,PLANT_02,Munich Engineering Works,W03,662,14.13,3.5,11678.11,15.16,W01,W03,6,SUB_MOQ_VIOLATION
MAT_031,Grade 12.9 Structural Flange Hex Bolt,SUP_002,Vanguard Industrial Dynamics,PLANT_03,Monterrey Global Production Hub,W03,1208,14.13,1.6,19008.13,15.16,W01,W03,4,COMPLIANT
MAT_031,Grade 12.9 Structural Flange Hex Bolt,SUP_002,Vanguard Industrial Dynamics,PLANT_04,Tokyo Precision Facility,W03,430,14.13,6.2,8737.02,15.16,W01,W03,7,SUB_MOQ_VIOLATION
MAT_031,Grade 12.9 Structural Flange Hex Bolt,SUP_002,Vanguard Industrial Dynamics,PLANT_05,Chennai Industrial Complex,W03,431,14.13,6.4,8849.25,15.16,W01,W03,7,SUB_MOQ_VIOLATION
MAT_031,Grade 12.9 Structural Flange Hex Bolt,SUP_007,Bharat Precision Engineering,PLANT_04,Tokyo Precision Facility,W03,913,14.72,3.65,16776.22,15.16,W01,W03,5,SUB_MOQ_VIOLATION
MAT_031,Grade 12.9 Structural Flange Hex Bolt,SUP_007,Bharat Precision Engineering,PLANT_05,Chennai Industrial Complex,W03,916,14.72,0.45,13895.11,15.16,W01,W03,3,SUB_MOQ_VIOLATION
MAT_031,Grade 12.9 Structural Flange Hex Bolt,SUP_010,Detroit Fastener Alliance,PLANT_01,Detroit Advanced Assembly Hub,W03,644,15.41,0.5,10239.68,15.16,W01,W03,4,COMPLIANT
MAT_031,Grade 12.9 Structural Flange Hex Bolt,SUP_010,Detroit Fastener Alliance,PLANT_02,Munich Engineering Works,W03,442,15.41,3.5,8350.66,15.16,W01,W03,6,COMPLIANT
MAT_031,Grade 12.9 Structural Flange Hex Bolt,SUP_010,Detroit Fastener Alliance,PLANT_03,Monterrey Global Production Hub,W03,806,15.41,1.6,13703.26,15.16,W01,W03,4,COMPLIANT
MAT_032,Aerospace Grade Titanium Locknut,SUP_002,Vanguard Industrial Dynamics,PLANT_01,Detroit Advanced Assembly Hub,W03,484,13.27,0.5,6670.19,13.82,W01,W03,6,SUB_MOQ_VIOLATION
MAT_032,Aerospace Grade Titanium Locknut,SUP_002,Vanguard Industrial Dynamics,PLANT_02,Munich Engineering Works,W03,746,13.27,3.5,12502.03,13.82,W01,W03,8,SUB_MOQ_VIOLATION
MAT_032,Aerospace Grade Titanium Locknut,SUP_002,Vanguard Industrial Dynamics,PLANT_03,Monterrey Global Production Hub,W03,590,13.27,1.6,8774.79,13.82,W01,W03,6,SUB_MOQ_VIOLATION
MAT_032,Aerospace Grade Titanium Locknut,SUP_002,Vanguard Industrial Dynamics,PLANT_04,Tokyo Precision Facility,W03,360,13.27,6.2,7013.48,13.82,W01,W03,9,SUB_MOQ_VIOLATION
MAT_032,Aerospace Grade Titanium Locknut,SUP_002,Vanguard Industrial Dynamics,PLANT_05,Chennai Industrial Complex,W03,623,13.27,6.4,12250.28,13.82,W01,W03,9,SUB_MOQ_VIOLATION
MAT_032,Aerospace Grade Titanium Locknut,SUP_007,Bharat Precision Engineering,PLANT_04,Tokyo Precision Facility,W03,802,13.61,3.65,13838.72,13.82,W01,W03,6,SUB_MOQ_VIOLATION
MAT_032,Aerospace Grade Titanium Locknut,SUP_007,Bharat Precision Engineering,PLANT_05,Chennai Industrial Complex,W03,1386,13.61,0.45,19490.11,13.82,W01,W03,4,COMPLIANT
MAT_032,Aerospace Grade Titanium Locknut,SUP_010,Detroit Fastener Alliance,PLANT_01,Detroit Advanced Assembly Hub,W03,208,14.38,0.5,3089.09,13.82,W01,W03,3,SUB_MOQ_VIOLATION
MAT_032,Aerospace Grade Titanium Locknut,SUP_010,Detroit Fastener Alliance,PLANT_02,Munich Engineering Works,W03,320,14.38,3.5,5712.66,13.82,W01,W03,5,SUB_MOQ_VIOLATION
MAT_032,Aerospace Grade Titanium Locknut,SUP_010,Detroit Fastener Alliance,PLANT_03,Monterrey Global Production Hub,W03,253,14.38,1.6,4041.34,13.82,W01,W03,3,SUB_MOQ_VIOLATION
MAT_033,Stainless Steel A4-80 Socket Cap Screw,SUP_002,Vanguard Industrial Dynamics,PLANT_01,Detroit Advanced Assembly Hub,W03,847,10.01,0.5,8904.49,10.48,W01,W03,5,SUB_MOQ_VIOLATION
MAT_033,Stainless Steel A4-80 Socket Cap Screw,SUP_002,Vanguard Industrial Dynamics,PLANT_02,Munich Engineering Works,W03,644,10.01,3.5,8696.25,10.48,W01,W03,7,SUB_MOQ_VIOLATION
MAT_033,Stainless Steel A4-80 Socket Cap Screw,SUP_002,Vanguard Industrial Dynamics,PLANT_03,Monterrey Global Production Hub,W03,788,10.01,1.6,9144.62,10.48,W01,W03,5,SUB_MOQ_VIOLATION
MAT_033,Stainless Steel A4-80 Socket Cap Screw,SUP_002,Vanguard Industrial Dynamics,PLANT_04,Tokyo Precision Facility,W03,764,10.01,6.2,12387.36,10.48,W01,W03,8,SUB_MOQ_VIOLATION
MAT_033,Stainless Steel A4-80 Socket Cap Screw,SUP_002,Vanguard Industrial Dynamics,PLANT_05,Chennai Industrial Complex,W03,473,10.01,6.4,7763.57,10.48,W01,W03,8,SUB_MOQ_VIOLATION
MAT_033,Stainless Steel A4-80 Socket Cap Screw,SUP_007,Bharat Precision Engineering,PLANT_04,Tokyo Precision Facility,W03,1247,10.35,3.65,17455.48,10.48,W01,W03,9,COMPLIANT
MAT_033,Stainless Steel A4-80 Socket Cap Screw,SUP_007,Bharat Precision Engineering,PLANT_05,Chennai Industrial Complex,W03,772,10.35,0.45,8336.52,10.48,W01,W03,7,SUB_MOQ_VIOLATION
MAT_033,Stainless Steel A4-80 Socket Cap Screw,SUP_010,Detroit Fastener Alliance,PLANT_01,Detroit Advanced Assembly Hub,W03,589,10.68,0.5,6582.34,10.48,W01,W03,6,SUB_MOQ_VIOLATION
MAT_033,Stainless Steel A4-80 Socket Cap Screw,SUP_010,Detroit Fastener Alliance,PLANT_02,Munich Engineering Works,W03,447,10.68,3.5,6342.86,10.48,W01,W03,8,SUB_MOQ_VIOLATION
MAT_033,Stainless Steel A4-80 Socket Cap Screw,SUP_010,Detroit Fastener Alliance,PLANT_03,Monterrey Global Production Hub,W03,547,10.68,1.6,6721.46,10.48,W01,W03,6,SUB_MOQ_VIOLATION
MAT_034,Hardened Belleville Spring Washers,SUP_002,Vanguard Industrial Dynamics,PLANT_01,Detroit Advanced Assembly Hub,W03,764,17.36,0.5,13639.68,18.03,W01,W03,5,SUB_MOQ_VIOLATION
MAT_034,Hardened Belleville Spring Washers,SUP_002,Vanguard Industrial Dynamics,PLANT_02,Munich Engineering Works,W03,1051,17.36,3.5,21917.6,18.03,W01,W03,7,COMPLIANT
MAT_034,Hardened Belleville Spring Washers,SUP_002,Vanguard Industrial Dynamics,PLANT_03,Monterrey Global Production Hub,W03,830,17.36,1.6,15740.59,18.03,W01,W03,5,SUB_MOQ_VIOLATION
MAT_034,Hardened Belleville Spring Washers,SUP_002,Vanguard Industrial Dynamics,PLANT_04,Tokyo Precision Facility,W03,969,17.36,6.2,22833.17,18.03,W01,W03,8,SUB_MOQ_VIOLATION
MAT_034,Hardened Belleville Spring Washers,SUP_002,Vanguard Industrial Dynamics,PLANT_05,Chennai Industrial Complex,W03,623,17.36,6.4,14807.71,18.03,W01,W03,8,SUB_MOQ_VIOLATION
MAT_034,Hardened Belleville Spring Washers,SUP_007,Bharat Precision Engineering,PLANT_04,Tokyo Precision Facility,W03,1516,17.75,3.65,32439.19,18.03,W01,W03,6,COMPLIANT
MAT_034,Hardened Belleville Spring Washers,SUP_007,Bharat Precision Engineering,PLANT_05,Chennai Industrial Complex,W03,975,17.75,0.45,17741.0,18.03,W01,W03,4,SUB_MOQ_VIOLATION
MAT_034,Hardened Belleville Spring Washers,SUP_010,Detroit Fastener Alliance,PLANT_01,Detroit Advanced Assembly Hub,W03,327,18.55,0.5,6235.07,18.03,W01,W03,6,SUB_MOQ_VIOLATION
MAT_034,Hardened Belleville Spring Washers,SUP_010,Detroit Fastener Alliance,PLANT_02,Munich Engineering Works,W03,450,18.55,3.5,9929.11,18.03,W01,W03,8,SUB_MOQ_VIOLATION
MAT_034,Hardened Belleville Spring Washers,SUP_010,Detroit Fastener Alliance,PLANT_03,Monterrey Global Production Hub,W03,356,18.55,1.6,7169.37,18.03,W01,W03,6,SUB_MOQ_VIOLATION
MAT_035,Structural Monobolt Blind Rivet Pack,SUP_002,Vanguard Industrial Dynamics,PLANT_01,Detroit Advanced Assembly Hub,W03,1180,7.59,0.5,9545.39,7.75,W01,W03,6,COMPLIANT
MAT_035,Structural Monobolt Blind Rivet Pack,SUP_002,Vanguard Industrial Dynamics,PLANT_02,Munich Engineering Works,W03,1410,7.59,3.5,15632.57,7.75,W01,W03,8,COMPLIANT
MAT_035,Structural Monobolt Blind Rivet Pack,SUP_002,Vanguard Industrial Dynamics,PLANT_03,Monterrey Global Production Hub,W03,514,7.59,1.6,4719.71,7.75,W01,W03,6,COMPLIANT
MAT_035,Structural Monobolt Blind Rivet Pack,SUP_002,Vanguard Industrial Dynamics,PLANT_04,Tokyo Precision Facility,W03,889,7.59,6.2,12262.07,7.75,W01,W03,9,COMPLIANT
MAT_035,Structural Monobolt Blind Rivet Pack,SUP_002,Vanguard Industrial Dynamics,PLANT_05,Chennai Industrial Complex,W03,787,7.59,6.4,11004.53,7.75,W01,W03,9,COMPLIANT
MAT_035,Structural Monobolt Blind Rivet Pack,SUP_007,Bharat Precision Engineering,PLANT_04,Tokyo Precision Facility,W03,1451,7.97,3.65,16858.3,7.75,W01,W03,5,COMPLIANT
MAT_035,Structural Monobolt Blind Rivet Pack,SUP_007,Bharat Precision Engineering,PLANT_05,Chennai Industrial Complex,W03,1283,7.97,0.45,10806.23,7.75,W01,W03,3,COMPLIANT
MAT_035,Structural Monobolt Blind Rivet Pack,SUP_010,Detroit Fastener Alliance,PLANT_01,Detroit Advanced Assembly Hub,W03,890,8.07,0.5,7628.16,7.75,W01,W03,3,SUB_MOQ_VIOLATION
MAT_035,Structural Monobolt Blind Rivet Pack,SUP_010,Detroit Fastener Alliance,PLANT_02,Munich Engineering Works,W03,1063,8.07,3.5,12303.42,7.75,W01,W03,5,COMPLIANT
MAT_035,Structural Monobolt Blind Rivet Pack,SUP_010,Detroit Fastener Alliance,PLANT_03,Monterrey Global Production Hub,W03,387,8.07,1.6,3746.45,7.75,W01,W03,3,SUB_MOQ_VIOLATION
MAT_036,Toray Carbon Fiber Prepreg 3K Twill,SUP_003,Nippon Advanced Metallurgy,PLANT_01,Detroit Advanced Assembly Hub,W03,1284,132.92,5.1,177190.08,137.13,W01,W03,5,COMPLIANT
MAT_036,Toray Carbon Fiber Prepreg 3K Twill,SUP_003,Nippon Advanced Metallurgy,PLANT_02,Munich Engineering Works,W03,494,132.92,6.5,68901.36,137.13,W01,W03,6,SUB_MOQ_VIOLATION
MAT_036,Toray Carbon Fiber Prepreg 3K Twill,SUP_003,Nippon Advanced Metallurgy,PLANT_03,Monterrey Global Production Hub,W03,864,132.92,5.3,119394.44,137.13,W01,W03,6,COMPLIANT
MAT_036,Toray Carbon Fiber Prepreg 3K Twill,SUP_003,Nippon Advanced Metallurgy,PLANT_04,Tokyo Precision Facility,W03,1411,132.92,0.45,188211.74,137.13,W01,W03,3,COMPLIANT
MAT_036,Toray Carbon Fiber Prepreg 3K Twill,SUP_003,Nippon Advanced Metallurgy,PLANT_05,Chennai Industrial Complex,W03,629,132.92,3.6,85912.04,137.13,W01,W03,5,COMPLIANT
MAT_036,Toray Carbon Fiber Prepreg 3K Twill,SUP_006,Saigon Composite Solutions,PLANT_01,Detroit Advanced Assembly Hub,W03,550,135.8,6.5,78293.46,137.13,W01,W03,6,SUB_MOQ_VIOLATION
MAT_036,Toray Carbon Fiber Prepreg 3K Twill,SUP_006,Saigon Composite Solutions,PLANT_02,Munich Engineering Works,W03,212,135.8,7.7,30393.3,137.13,W01,W03,6,SUB_MOQ_VIOLATION
MAT_036,Toray Carbon Fiber Prepreg 3K Twill,SUP_006,Saigon Composite Solutions,PLANT_03,Monterrey Global Production Hub,W03,370,135.8,6.6,52716.48,137.13,W01,W03,6,SUB_MOQ_VIOLATION
MAT_036,Toray Carbon Fiber Prepreg 3K Twill,SUP_006,Saigon Composite Solutions,PLANT_04,Tokyo Precision Facility,W03,605,135.8,1.85,83250.72,137.13,W01,W03,4,SUB_MOQ_VIOLATION
MAT_036,Toray Carbon Fiber Prepreg 3K Twill,SUP_006,Saigon Composite Solutions,PLANT_05,Chennai Industrial Complex,W03,270,135.8,2.1,37191.63,137.13,W01,W03,4,SUB_MOQ_VIOLATION
MAT_037,Structural S-Glass Woven Roving Mat,SUP_003,Nippon Advanced Metallurgy,PLANT_01,Detroit Advanced Assembly Hub,W03,1389,180.77,5.1,258147.41,188.44,W01,W03,5,COMPLIANT
MAT_037,Structural S-Glass Woven Roving Mat,SUP_003,Nippon Advanced Metallurgy,PLANT_02,Munich Engineering Works,W03,559,180.77,6.5,104633.37,188.44,W01,W03,6,SUB_MOQ_VIOLATION
MAT_037,Structural S-Glass Woven Roving Mat,SUP_003,Nippon Advanced Metallurgy,PLANT_03,Monterrey Global Production Hub,W03,966,180.77,5.3,179711.99,188.44,W01,W03,6,SUB_MOQ_VIOLATION
MAT_037,Structural S-Glass Woven Roving Mat,SUP_003,Nippon Advanced Metallurgy,PLANT_04,Tokyo Precision Facility,W03,571,180.77,0.45,103391.45,188.44,W01,W03,3,SUB_MOQ_VIOLATION
MAT_037,Structural S-Glass Woven Roving Mat,SUP_003,Nippon Advanced Metallurgy,PLANT_05,Chennai Industrial Complex,W03,1388,180.77,3.6,255955.34,188.44,W01,W03,5,COMPLIANT
MAT_037,Structural S-Glass Woven Roving Mat,SUP_006,Saigon Composite Solutions,PLANT_05,Chennai Industrial Complex,W03,965,190.52,2.1,185826.29,188.44,W01,W03,5,COMPLIANT
MAT_037,Structural S-Glass Woven Roving Mat,SUP_008,Taiwan Micro-Silicon Ltd,PLANT_01,Detroit Advanced Assembly Hub,W03,965,191.44,5.2,189785.13,188.44,W01,W03,9,COMPLIANT
MAT_037,Structural S-Glass Woven Roving Mat,SUP_008,Taiwan Micro-Silicon Ltd,PLANT_02,Munich Engineering Works,W03,388,191.44,6.5,76854.16,188.44,W01,W03,9,COMPLIANT
MAT_037,Structural S-Glass Woven Roving Mat,SUP_008,Taiwan Micro-Silicon Ltd,PLANT_03,Monterrey Global Production Hub,W03,671,191.44,5.4,132113.1,188.44,W01,W03,9,COMPLIANT
MAT_037,Structural S-Glass Woven Roving Mat,SUP_008,Taiwan Micro-Silicon Ltd,PLANT_04,Tokyo Precision Facility,W03,396,191.44,0.9,76257.04,188.44,W01,W03,6,COMPLIANT
MAT_038,Nomex Honeycomb Structural Core 1/8,SUP_003,Nippon Advanced Metallurgy,PLANT_01,Detroit Advanced Assembly Hub,W03,942,139.23,5.1,136023.81,149.43,W01,W03,5,COMPLIANT
MAT_038,Nomex Honeycomb Structural Core 1/8,SUP_003,Nippon Advanced Metallurgy,PLANT_02,Munich Engineering Works,W03,1296,139.23,6.5,188813.62,149.43,W01,W03,6,COMPLIANT
MAT_038,Nomex Honeycomb Structural Core 1/8,SUP_003,Nippon Advanced Metallurgy,PLANT_03,Monterrey Global Production Hub,W03,1028,139.23,5.3,148643.32,149.43,W01,W03,6,COMPLIANT
MAT_038,Nomex Honeycomb Structural Core 1/8,SUP_003,Nippon Advanced Metallurgy,PLANT_04,Tokyo Precision Facility,W03,947,139.23,0.45,132237.85,149.43,W01,W03,3,COMPLIANT
MAT_038,Nomex Honeycomb Structural Core 1/8,SUP_003,Nippon Advanced Metallurgy,PLANT_05,Chennai Industrial Complex,W03,815,139.23,3.6,116400.74,149.43,W01,W03,5,COMPLIANT
MAT_038,Nomex Honeycomb Structural Core 1/8,SUP_006,Saigon Composite Solutions,PLANT_02,Munich Engineering Works,W03,828,146.25,7.7,127526.02,149.43,W01,W03,9,SUB_MOQ_VIOLATION
MAT_038,Nomex Honeycomb Structural Core 1/8,SUP_006,Saigon Composite Solutions,PLANT_03,Monterrey Global Production Hub,W03,504,146.25,6.6,77027.35,149.43,W01,W03,9,SUB_MOQ_VIOLATION
MAT_038,Nomex Honeycomb Structural Core 1/8,SUP_006,Saigon Composite Solutions,PLANT_04,Tokyo Precision Facility,W03,605,146.25,1.85,89641.97,149.43,W01,W03,7,SUB_MOQ_VIOLATION
MAT_038,Nomex Honeycomb Structural Core 1/8,SUP_006,Saigon Composite Solutions,PLANT_05,Chennai Industrial Complex,W03,521,146.25,2.1,77296.28,149.43,W01,W03,7,SUB_MOQ_VIOLATION
MAT_038,Nomex Honeycomb Structural Core 1/8,SUP_008,Taiwan Micro-Silicon Ltd,PLANT_01,Detroit Advanced Assembly Hub,W03,603,152.45,5.2,94992.01,149.43,W01,W03,10,COMPLIANT
MAT_038,Nomex Honeycomb Structural Core 1/8,SUP_008,Taiwan Micro-Silicon Ltd,PLANT_03,Monterrey Global Production Hub,W03,154,152.45,5.4,24245.64,149.43,W01,W03,10,SUB_MOQ_VIOLATION
MAT_039,Basalt Fiber High-Temp Insulation Roll,SUP_003,Nippon Advanced Metallurgy,PLANT_01,Detroit Advanced Assembly Hub,W03,1331,183.62,5.1,251224.06,194.42,W01,W03,6,COMPLIANT
MAT_039,Basalt Fiber High-Temp Insulation Roll,SUP_003,Nippon Advanced Metallurgy,PLANT_02,Munich Engineering Works,W03,1258,183.62,6.5,239123.43,194.42,W01,W03,7,COMPLIANT
MAT_039,Basalt Fiber High-Temp Insulation Roll,SUP_003,Nippon Advanced Metallurgy,PLANT_03,Monterrey Global Production Hub,W03,1173,183.62,5.3,221650.39,194.42,W01,W03,7,SUB_MOQ_VIOLATION
MAT_039,Basalt Fiber High-Temp Insulation Roll,SUP_003,Nippon Advanced Metallurgy,PLANT_04,Tokyo Precision Facility,W03,665,183.62,0.45,122397.35,194.42,W01,W03,4,SUB_MOQ_VIOLATION
MAT_039,Basalt Fiber High-Temp Insulation Roll,SUP_003,Nippon Advanced Metallurgy,PLANT_05,Chennai Industrial Complex,W03,1364,183.62,3.6,255433.61,194.42,W01,W03,6,COMPLIANT
MAT_039,Basalt Fiber High-Temp Insulation Roll,SUP_006,Saigon Composite Solutions,PLANT_02,Munich Engineering Works,W03,394,193.95,7.7,79460.18,194.42,W01,W03,9,COMPLIANT
MAT_039,Basalt Fiber High-Temp Insulation Roll,SUP_006,Saigon Composite Solutions,PLANT_03,Monterrey Global Production Hub,W03,632,193.95,6.6,126697.46,194.42,W01,W03,9,COMPLIANT
MAT_039,Basalt Fiber High-Temp Insulation Roll,SUP_006,Saigon Composite Solutions,PLANT_04,Tokyo Precision Facility,W03,358,193.95,1.85,70106.19,194.42,W01,W03,7,COMPLIANT
MAT_039,Basalt Fiber High-Temp Insulation Roll,SUP_006,Saigon Composite Solutions,PLANT_05,Chennai Industrial Complex,W03,735,193.95,2.1,144028.13,194.42,W01,W03,7,COMPLIANT
MAT_039,Basalt Fiber High-Temp Insulation Roll,SUP_008,Taiwan Micro-Silicon Ltd,PLANT_01,Detroit Advanced Assembly Hub,W03,717,198.21,5.2,145804.29,194.42,W01,W03,8,SUB_MOQ_VIOLATION
MAT_039,Basalt Fiber High-Temp Insulation Roll,SUP_008,Taiwan Micro-Silicon Ltd,PLANT_02,Munich Engineering Works,W03,283,198.21,6.5,57973.87,194.42,W01,W03,8,SUB_MOQ_VIOLATION
MAT_040,High-Modulus Epoxy Resin Infusion Matrix,SUP_003,Nippon Advanced Metallurgy,PLANT_01,Detroit Advanced Assembly Hub,W03,383,140.07,5.1,55571.08,141.81,W01,W03,8,SUB_MOQ_VIOLATION
MAT_040,High-Modulus Epoxy Resin Infusion Matrix,SUP_003,Nippon Advanced Metallurgy,PLANT_02,Munich Engineering Works,W03,615,140.07,6.5,90196.25,141.81,W01,W03,9,SUB_MOQ_VIOLATION
MAT_040,High-Modulus Epoxy Resin Infusion Matrix,SUP_003,Nippon Advanced Metallurgy,PLANT_03,Monterrey Global Production Hub,W03,662,140.07,5.3,96287.27,141.81,W01,W03,9,SUB_MOQ_VIOLATION
MAT_040,High-Modulus Epoxy Resin Infusion Matrix,SUP_003,Nippon Advanced Metallurgy,PLANT_04,Tokyo Precision Facility,W03,435,140.07,0.45,61126.2,141.81,W01,W03,6,SUB_MOQ_VIOLATION
MAT_040,High-Modulus Epoxy Resin Infusion Matrix,SUP_003,Nippon Advanced Metallurgy,PLANT_05,Chennai Industrial Complex,W03,449,140.07,3.6,64496.34,141.81,W01,W03,8,SUB_MOQ_VIOLATION
MAT_040,High-Modulus Epoxy Resin Infusion Matrix,SUP_006,Saigon Composite Solutions,PLANT_03,Monterrey Global Production Hub,W03,452,140.83,6.6,66706.18,141.81,W01,W03,6,SUB_MOQ_VIOLATION
MAT_040,High-Modulus Epoxy Resin Infusion Matrix,SUP_006,Saigon Composite Solutions,PLANT_04,Tokyo Precision Facility,W03,315,140.83,1.85,44944.2,141.81,W01,W03,4,SUB_MOQ_VIOLATION
MAT_040,High-Modulus Epoxy Resin Infusion Matrix,SUP_006,Saigon Composite Solutions,PLANT_05,Chennai Industrial Complex,W03,325,140.83,2.1,46463.68,141.81,W01,W03,4,SUB_MOQ_VIOLATION
MAT_040,High-Modulus Epoxy Resin Infusion Matrix,SUP_008,Taiwan Micro-Silicon Ltd,PLANT_01,Detroit Advanced Assembly Hub,W03,277,148.12,5.2,42500.3,141.81,W01,W03,6,SUB_MOQ_VIOLATION
MAT_040,High-Modulus Epoxy Resin Infusion Matrix,SUP_008,Taiwan Micro-Silicon Ltd,PLANT_02,Munich Engineering Works,W03,446,148.12,6.5,68901.76,141.81,W01,W03,6,SUB_MOQ_VIOLATION
MAT_040,High-Modulus Epoxy Resin Infusion Matrix,SUP_008,Taiwan Micro-Silicon Ltd,PLANT_03,Monterrey Global Production Hub,W03,27,148.12,5.4,4172.67,141.81,W01,W03,6,SUB_MOQ_VIOLATION
MAT_001,High-Tensile Structural Steel I-Beam,SUP_001,Apex Precision Metals GmbH,PLANT_02,Munich Engineering Works,W04,446,17.91,0.45,8189.29,18.41,W01,W04,5,SUB_MOQ_VIOLATION
MAT_001,High-Tensile Structural Steel I-Beam,SUP_001,Apex Precision Metals GmbH,PLANT_05,Chennai Industrial Complex,W04,393,17.91,5.1,9043.39,18.41,W01,W04,7,SUB_MOQ_VIOLATION
MAT_001,High-Tensile Structural Steel I-Beam,SUP_002,Vanguard Industrial Dynamics,PLANT_01,Detroit Advanced Assembly Hub,W04,531,18.86,0.5,10273.19,18.41,W01,W04,3,COMPLIANT
MAT_001,High-Tensile Structural Steel I-Beam,SUP_002,Vanguard Industrial Dynamics,PLANT_02,Munich Engineering Works,W04,61,18.86,3.5,1370.44,18.41,W01,W04,5,SUB_MOQ_VIOLATION
MAT_001,High-Tensile Structural Steel I-Beam,SUP_002,Vanguard Industrial Dynamics,PLANT_03,Monterrey Global Production Hub,W04,528,18.86,1.6,10796.13,18.41,W01,W04,3,COMPLIANT
MAT_001,High-Tensile Structural Steel I-Beam,SUP_002,Vanguard Industrial Dynamics,PLANT_04,Tokyo Precision Facility,W04,325,18.86,6.2,8135.73,18.41,W01,W04,6,COMPLIANT
MAT_001,High-Tensile Structural Steel I-Beam,SUP_005,MexSteel & Polymer Fabrica,PLANT_01,Detroit Advanced Assembly Hub,W04,261,18.64,1.7,5316.06,18.41,W01,W04,4,SUB_MOQ_VIOLATION
MAT_001,High-Tensile Structural Steel I-Beam,SUP_005,MexSteel & Polymer Fabrica,PLANT_03,Monterrey Global Production Hub,W04,759,18.64,0.45,14495.61,18.41,W01,W04,4,COMPLIANT
MAT_001,High-Tensile Structural Steel I-Beam,SUP_007,Bharat Precision Engineering,PLANT_02,Munich Engineering Works,W04,249,20.15,5.05,6266.48,18.41,W01,W04,8,SUB_MOQ_VIOLATION
MAT_001,High-Tensile Structural Steel I-Beam,SUP_007,Bharat Precision Engineering,PLANT_04,Tokyo Precision Facility,W04,430,20.15,3.65,10242.33,18.41,W01,W04,8,SUB_MOQ_VIOLATION
MAT_001,High-Tensile Structural Steel I-Beam,SUP_007,Bharat Precision Engineering,PLANT_05,Chennai Industrial Complex,W04,521,20.15,0.45,10732.19,18.41,W01,W04,6,SUB_MOQ_VIOLATION
MAT_002,Cold-Rolled Carbon Steel Sheet 2mm,SUP_001,Apex Precision Metals GmbH,PLANT_02,Munich Engineering Works,W04,423,8.77,0.45,3903.19,8.89,W01,W04,7,SUB_MOQ_VIOLATION
MAT_002,Cold-Rolled Carbon Steel Sheet 2mm,SUP_001,Apex Precision Metals GmbH,PLANT_05,Chennai Industrial Complex,W04,763,8.77,5.1,10582.26,8.89,W01,W04,9,COMPLIANT
MAT_002,Cold-Rolled Carbon Steel Sheet 2mm,SUP_002,Vanguard Industrial Dynamics,PLANT_01,Detroit Advanced Assembly Hub,W04,1399,8.92,0.5,13180.46,8.89,W01,W04,4,COMPLIANT
MAT_002,Cold-Rolled Carbon Steel Sheet 2mm,SUP_002,Vanguard Industrial Dynamics,PLANT_02,Munich Engineering Works,W04,271,8.92,3.5,3361.6,8.89,W01,W04,6,SUB_MOQ_VIOLATION
MAT_002,Cold-Rolled Carbon Steel Sheet 2mm,SUP_002,Vanguard Industrial Dynamics,PLANT_03,Monterrey Global Production Hub,W04,686,8.92,1.6,7220.3,8.89,W01,W04,4,SUB_MOQ_VIOLATION
MAT_002,Cold-Rolled Carbon Steel Sheet 2mm,SUP_002,Vanguard Industrial Dynamics,PLANT_04,Tokyo Precision Facility,W04,729,8.92,6.2,11016.73,8.89,W01,W04,7,SUB_MOQ_VIOLATION
MAT_002,Cold-Rolled Carbon Steel Sheet 2mm,SUP_005,MexSteel & Polymer Fabrica,PLANT_01,Detroit Advanced Assembly Hub,W04,933,9.48,1.7,10428.7,8.89,W01,W04,5,COMPLIANT
MAT_002,Cold-Rolled Carbon Steel Sheet 2mm,SUP_005,MexSteel & Polymer Fabrica,PLANT_03,Monterrey Global Production Hub,W04,988,9.48,0.45,9807.46,8.89,W01,W04,5,COMPLIANT
MAT_002,Cold-Rolled Carbon Steel Sheet 2mm,SUP_007,Bharat Precision Engineering,PLANT_04,Tokyo Precision Facility,W04,1414,9.39,3.65,18443.52,8.89,W01,W04,8,COMPLIANT
MAT_002,Cold-Rolled Carbon Steel Sheet 2mm,SUP_007,Bharat Precision Engineering,PLANT_05,Chennai Industrial Complex,W04,1481,9.39,0.45,14573.43,8.89,W01,W04,6,COMPLIANT
MAT_003,Austenitic Stainless Steel 316L Plate,SUP_001,Apex Precision Metals GmbH,PLANT_02,Munich Engineering Works,W04,661,12.58,0.45,8616.61,12.76,W01,W04,4,COMPLIANT
MAT_003,Austenitic Stainless Steel 316L Plate,SUP_001,Apex Precision Metals GmbH,PLANT_05,Chennai Industrial Complex,W04,368,12.58,5.1,6499.52,12.76,W01,W04,6,SUB_MOQ_VIOLATION
MAT_003,Austenitic Stainless Steel 316L Plate,SUP_002,Vanguard Industrial Dynamics,PLANT_01,Detroit Advanced Assembly Hub,W04,1080,13.05,0.5,14634.0,12.76,W01,W04,4,COMPLIANT
MAT_003,Austenitic Stainless Steel 316L Plate,SUP_002,Vanguard Industrial Dynamics,PLANT_02,Munich Engineering Works,W04,326,13.05,3.5,5390.5,12.76,W01,W04,6,COMPLIANT
MAT_003,Austenitic Stainless Steel 316L Plate,SUP_002,Vanguard Industrial Dynamics,PLANT_03,Monterrey Global Production Hub,W04,285,13.05,1.6,4169.1,12.76,W01,W04,4,COMPLIANT
MAT_003,Austenitic Stainless Steel 316L Plate,SUP_002,Vanguard Industrial Dynamics,PLANT_04,Tokyo Precision Facility,W04,408,13.05,6.2,7851.69,12.76,W01,W04,7,COMPLIANT
MAT_003,Austenitic Stainless Steel 316L Plate,SUP_005,MexSteel & Polymer Fabrica,PLANT_01,Detroit Advanced Assembly Hub,W04,720,13.6,1.7,11016.0,12.76,W01,W04,5,COMPLIANT
MAT_003,Austenitic Stainless Steel 316L Plate,SUP_005,MexSteel & Polymer Fabrica,PLANT_03,Monterrey Global Production Hub,W04,552,13.6,0.45,7761.5,12.76,W01,W04,5,COMPLIANT
MAT_003,Austenitic Stainless Steel 316L Plate,SUP_007,Bharat Precision Engineering,PLANT_04,Tokyo Precision Facility,W04,828,13.69,3.65,14359.6,12.76,W01,W04,8,COMPLIANT
MAT_003,Austenitic Stainless Steel 316L Plate,SUP_007,Bharat Precision Engineering,PLANT_05,Chennai Industrial Complex,W04,746,13.69,0.45,10553.81,12.76,W01,W04,6,COMPLIANT
MAT_004,Galvanized Structural Angle Steel,SUP_001,Apex Precision Metals GmbH,PLANT_02,Munich Engineering Works,W04,944,11.45,0.45,11231.22,11.96,W01,W04,4,COMPLIANT
MAT_004,Galvanized Structural Angle Steel,SUP_001,Apex Precision Metals GmbH,PLANT_05,Chennai Industrial Complex,W04,302,11.45,5.1,4994.79,11.96,W01,W04,6,SUB_MOQ_VIOLATION
MAT_004,Galvanized Structural Angle Steel,SUP_002,Vanguard Industrial Dynamics,PLANT_01,Detroit Advanced Assembly Hub,W04,496,11.89,0.5,6147.79,11.96,W01,W04,3,SUB_MOQ_VIOLATION
MAT_004,Galvanized Structural Angle Steel,SUP_002,Vanguard Industrial Dynamics,PLANT_02,Munich Engineering Works,W04,508,11.89,3.5,7821.2,11.96,W01,W04,5,SUB_MOQ_VIOLATION
MAT_004,Galvanized Structural Angle Steel,SUP_002,Vanguard Industrial Dynamics,PLANT_03,Monterrey Global Production Hub,W04,395,11.89,1.6,5323.83,11.96,W01,W04,3,SUB_MOQ_VIOLATION
MAT_004,Galvanized Structural Angle Steel,SUP_002,Vanguard Industrial Dynamics,PLANT_04,Tokyo Precision Facility,W04,358,11.89,6.2,6479.11,11.96,W01,W04,6,SUB_MOQ_VIOLATION
MAT_004,Galvanized Structural Angle Steel,SUP_005,MexSteel & Polymer Fabrica,PLANT_01,Detroit Advanced Assembly Hub,W04,345,12.54,1.7,4910.09,11.96,W01,W04,7,SUB_MOQ_VIOLATION
MAT_004,Galvanized Structural Angle Steel,SUP_005,MexSteel & Polymer Fabrica,PLANT_03,Monterrey Global Production Hub,W04,482,12.54,0.45,6265.73,11.96,W01,W04,7,SUB_MOQ_VIOLATION
MAT_004,Galvanized Structural Angle Steel,SUP_005,MexSteel & Polymer Fabrica,PLANT_04,Tokyo Precision Facility,W04,173,12.54,6.45,3282.23,11.96,W01,W04,10,SUB_MOQ_VIOLATION
MAT_004,Galvanized Structural Angle Steel,SUP_007,Bharat Precision Engineering,PLANT_04,Tokyo Precision Facility,W04,1239,13.19,3.65,20864.76,11.96,W01,W04,6,COMPLIANT
MAT_004,Galvanized Structural Angle Steel,SUP_007,Bharat Precision Engineering,PLANT_05,Chennai Industrial Complex,W04,704,13.19,0.45,9605.29,11.96,W01,W04,4,SUB_MOQ_VIOLATION
MAT_005,Hardox 450 Wear-Resistant Steel,SUP_001,Apex Precision Metals GmbH,PLANT_01,Detroit Advanced Assembly Hub,W04,901,18.57,3.4,19796.73,19.92,W01,W04,7,SUB_MOQ_VIOLATION
MAT_005,Hardox 450 Wear-Resistant Steel,SUP_001,Apex Precision Metals GmbH,PLANT_02,Munich Engineering Works,W04,1565,18.57,0.45,29768.58,19.92,W01,W04,6,COMPLIANT
MAT_005,Hardox 450 Wear-Resistant Steel,SUP_001,Apex Precision Metals GmbH,PLANT_04,Tokyo Precision Facility,W04,593,18.57,7.6,15511.48,19.92,W01,W04,9,SUB_MOQ_VIOLATION
MAT_005,Hardox 450 Wear-Resistant Steel,SUP_001,Apex Precision Metals GmbH,PLANT_05,Chennai Industrial Complex,W04,566,18.57,5.1,13398.64,19.92,W01,W04,8,SUB_MOQ_VIOLATION
MAT_005,Hardox 450 Wear-Resistant Steel,SUP_002,Vanguard Industrial Dynamics,PLANT_01,Detroit Advanced Assembly Hub,W04,1602,19.84,0.5,32583.05,19.92,W01,W04,3,COMPLIANT
MAT_005,Hardox 450 Wear-Resistant Steel,SUP_002,Vanguard Industrial Dynamics,PLANT_02,Munich Engineering Works,W04,771,19.84,3.5,17992.34,19.92,W01,W04,5,SUB_MOQ_VIOLATION
MAT_005,Hardox 450 Wear-Resistant Steel,SUP_002,Vanguard Industrial Dynamics,PLANT_03,Monterrey Global Production Hub,W04,659,19.84,1.6,14122.1,19.92,W01,W04,3,SUB_MOQ_VIOLATION
MAT_005,Hardox 450 Wear-Resistant Steel,SUP_005,MexSteel & Polymer Fabrica,PLANT_03,Monterrey Global Production Hub,W04,1337,20.42,0.45,27909.87,19.92,W01,W04,3,COMPLIANT
MAT_005,Hardox 450 Wear-Resistant Steel,SUP_007,Bharat Precision Engineering,PLANT_04,Tokyo Precision Facility,W04,1319,21.74,3.65,33496.52,19.92,W01,W04,7,COMPLIANT
MAT_005,Hardox 450 Wear-Resistant Steel,SUP_007,Bharat Precision Engineering,PLANT_05,Chennai Industrial Complex,W04,1260,21.74,0.45,27958.07,19.92,W01,W04,5,COMPLIANT
MAT_006,Aerospace Grade 7075-T6 Billet,SUP_001,Apex Precision Metals GmbH,PLANT_01,Detroit Advanced Assembly Hub,W04,1115,36.46,3.4,44463.43,37.01,W01,W04,6,SUB_MOQ_VIOLATION
MAT_006,Aerospace Grade 7075-T6 Billet,SUP_001,Apex Precision Metals GmbH,PLANT_02,Munich Engineering Works,W04,449,36.46,0.45,16578.5,37.01,W01,W04,5,SUB_MOQ_VIOLATION
MAT_006,Aerospace Grade 7075-T6 Billet,SUP_001,Apex Precision Metals GmbH,PLANT_03,Monterrey Global Production Hub,W04,519,36.46,4.8,21416.0,37.01,W01,W04,7,SUB_MOQ_VIOLATION
MAT_006,Aerospace Grade 7075-T6 Billet,SUP_001,Apex Precision Metals GmbH,PLANT_04,Tokyo Precision Facility,W04,907,36.46,7.6,39971.23,37.01,W01,W04,8,SUB_MOQ_VIOLATION
MAT_006,Aerospace Grade 7075-T6 Billet,SUP_001,Apex Precision Metals GmbH,PLANT_05,Chennai Industrial Complex,W04,669,36.46,5.1,27795.33,37.01,W01,W04,7,SUB_MOQ_VIOLATION
MAT_006,Aerospace Grade 7075-T6 Billet,SUP_003,Nippon Advanced Metallurgy,PLANT_02,Munich Engineering Works,W04,339,37.9,6.5,15044.5,37.01,W01,W04,8,SUB_MOQ_VIOLATION
MAT_006,Aerospace Grade 7075-T6 Billet,SUP_003,Nippon Advanced Metallurgy,PLANT_04,Tokyo Precision Facility,W04,1361,37.9,0.45,52186.68,37.01,W01,W04,5,COMPLIANT
MAT_006,Aerospace Grade 7075-T6 Billet,SUP_003,Nippon Advanced Metallurgy,PLANT_05,Chennai Industrial Complex,W04,1003,37.9,3.6,41632.8,37.01,W01,W04,7,SUB_MOQ_VIOLATION
MAT_006,Aerospace Grade 7075-T6 Billet,SUP_005,MexSteel & Polymer Fabrica,PLANT_01,Detroit Advanced Assembly Hub,W04,842,38.93,1.7,34190.55,37.01,W01,W04,4,SUB_MOQ_VIOLATION
MAT_006,Aerospace Grade 7075-T6 Billet,SUP_005,MexSteel & Polymer Fabrica,PLANT_03,Monterrey Global Production Hub,W04,964,38.93,0.45,37960.35,37.01,W01,W04,4,SUB_MOQ_VIOLATION
MAT_007,Structural Aluminum 6061-T6 Extrusion,SUP_001,Apex Precision Metals GmbH,PLANT_01,Detroit Advanced Assembly Hub,W04,1369,43.44,3.4,64146.44,44.33,W01,W04,6,COMPLIANT
MAT_007,Structural Aluminum 6061-T6 Extrusion,SUP_001,Apex Precision Metals GmbH,PLANT_02,Munich Engineering Works,W04,450,43.44,0.45,19761.03,44.33,W01,W04,5,SUB_MOQ_VIOLATION
MAT_007,Structural Aluminum 6061-T6 Extrusion,SUP_001,Apex Precision Metals GmbH,PLANT_03,Monterrey Global Production Hub,W04,498,43.44,4.8,24009.05,44.33,W01,W04,7,SUB_MOQ_VIOLATION
MAT_007,Structural Aluminum 6061-T6 Extrusion,SUP_001,Apex Precision Metals GmbH,PLANT_04,Tokyo Precision Facility,W04,817,43.44,7.6,41712.44,44.33,W01,W04,8,COMPLIANT
MAT_007,Structural Aluminum 6061-T6 Extrusion,SUP_001,Apex Precision Metals GmbH,PLANT_05,Chennai Industrial Complex,W04,756,43.44,5.1,36679.25,44.33,W01,W04,7,COMPLIANT
MAT_007,Structural Aluminum 6061-T6 Extrusion,SUP_003,Nippon Advanced Metallurgy,PLANT_02,Munich Engineering Works,W04,222,44.61,6.5,11334.15,44.33,W01,W04,9,SUB_MOQ_VIOLATION
MAT_007,Structural Aluminum 6061-T6 Extrusion,SUP_003,Nippon Advanced Metallurgy,PLANT_04,Tokyo Precision Facility,W04,1518,44.61,0.45,68389.82,44.33,W01,W04,6,COMPLIANT
MAT_007,Structural Aluminum 6061-T6 Extrusion,SUP_003,Nippon Advanced Metallurgy,PLANT_05,Chennai Industrial Complex,W04,1403,44.61,3.6,67655.5,44.33,W01,W04,8,COMPLIANT
MAT_007,Structural Aluminum 6061-T6 Extrusion,SUP_005,MexSteel & Polymer Fabrica,PLANT_01,Detroit Advanced Assembly Hub,W04,675,46.13,1.7,32262.29,44.33,W01,W04,3,COMPLIANT
MAT_007,Structural Aluminum 6061-T6 Extrusion,SUP_005,MexSteel & Polymer Fabrica,PLANT_03,Monterrey Global Production Hub,W04,924,46.13,0.45,43053.89,44.33,W01,W04,3,COMPLIANT
MAT_008,Marine Grade 5083-H116 Plate,SUP_001,Apex Precision Metals GmbH,PLANT_01,Detroit Advanced Assembly Hub,W04,475,15.98,3.4,9203.95,16.96,W01,W04,4,COMPLIANT
MAT_008,Marine Grade 5083-H116 Plate,SUP_001,Apex Precision Metals GmbH,PLANT_02,Munich Engineering Works,W04,752,15.98,0.45,12356.35,16.96,W01,W04,3,COMPLIANT
MAT_008,Marine Grade 5083-H116 Plate,SUP_001,Apex Precision Metals GmbH,PLANT_03,Monterrey Global Production Hub,W04,347,15.98,4.8,7201.93,16.96,W01,W04,5,COMPLIANT
MAT_008,Marine Grade 5083-H116 Plate,SUP_001,Apex Precision Metals GmbH,PLANT_04,Tokyo Precision Facility,W04,328,15.98,7.6,7733.3,16.96,W01,W04,6,COMPLIANT
MAT_008,Marine Grade 5083-H116 Plate,SUP_001,Apex Precision Metals GmbH,PLANT_05,Chennai Industrial Complex,W04,432,15.98,5.1,9114.15,16.96,W01,W04,5,COMPLIANT
MAT_008,Marine Grade 5083-H116 Plate,SUP_003,Nippon Advanced Metallurgy,PLANT_04,Tokyo Precision Facility,W04,583,17.32,0.45,10360.62,16.96,W01,W04,6,COMPLIANT
MAT_008,Marine Grade 5083-H116 Plate,SUP_003,Nippon Advanced Metallurgy,PLANT_05,Chennai Industrial Complex,W04,769,17.32,3.6,16079.95,16.96,W01,W04,8,COMPLIANT
MAT_008,Marine Grade 5083-H116 Plate,SUP_005,MexSteel & Polymer Fabrica,PLANT_01,Detroit Advanced Assembly Hub,W04,291,17.33,1.7,5539.25,16.96,W01,W04,6,SUB_MOQ_VIOLATION
MAT_008,Marine Grade 5083-H116 Plate,SUP_005,MexSteel & Polymer Fabrica,PLANT_02,Munich Engineering Works,W04,461,17.33,4.9,10246.7,16.96,W01,W04,8,SUB_MOQ_VIOLATION
MAT_008,Marine Grade 5083-H116 Plate,SUP_005,MexSteel & Polymer Fabrica,PLANT_03,Monterrey Global Production Hub,W04,459,17.33,0.45,8168.49,16.96,W01,W04,6,SUB_MOQ_VIOLATION
MAT_009,Die-Cast Aluminum A380 Ingot,SUP_001,Apex Precision Metals GmbH,PLANT_01,Detroit Advanced Assembly Hub,W04,701,27.55,3.4,21697.19,28.35,W01,W04,4,SUB_MOQ_VIOLATION
MAT_009,Die-Cast Aluminum A380 Ingot,SUP_001,Apex Precision Metals GmbH,PLANT_02,Munich Engineering Works,W04,1257,27.55,0.45,35201.04,28.35,W01,W04,3,COMPLIANT
MAT_009,Die-Cast Aluminum A380 Ingot,SUP_001,Apex Precision Metals GmbH,PLANT_03,Monterrey Global Production Hub,W04,629,27.55,4.8,20352.03,28.35,W01,W04,5,SUB_MOQ_VIOLATION
MAT_009,Die-Cast Aluminum A380 Ingot,SUP_001,Apex Precision Metals GmbH,PLANT_04,Tokyo Precision Facility,W04,247,27.55,7.6,8667.99,28.35,W01,W04,6,SUB_MOQ_VIOLATION
MAT_009,Die-Cast Aluminum A380 Ingot,SUP_001,Apex Precision Metals GmbH,PLANT_05,Chennai Industrial Complex,W04,640,27.55,5.1,20912.33,28.35,W01,W04,5,SUB_MOQ_VIOLATION
MAT_009,Die-Cast Aluminum A380 Ingot,SUP_003,Nippon Advanced Metallurgy,PLANT_02,Munich Engineering Works,W04,565,27.71,6.5,19322.49,28.35,W01,W04,9,COMPLIANT
MAT_009,Die-Cast Aluminum A380 Ingot,SUP_003,Nippon Advanced Metallurgy,PLANT_04,Tokyo Precision Facility,W04,575,27.71,0.45,16203.26,28.35,W01,W04,6,COMPLIANT
MAT_009,Die-Cast Aluminum A380 Ingot,SUP_003,Nippon Advanced Metallurgy,PLANT_05,Chennai Industrial Complex,W04,1494,27.71,3.6,46792.8,28.35,W01,W04,8,COMPLIANT
MAT_009,Die-Cast Aluminum A380 Ingot,SUP_005,MexSteel & Polymer Fabrica,PLANT_01,Detroit Advanced Assembly Hub,W04,315,29.65,1.7,9874.0,28.35,W01,W04,7,SUB_MOQ_VIOLATION
MAT_009,Die-Cast Aluminum A380 Ingot,SUP_005,MexSteel & Polymer Fabrica,PLANT_03,Monterrey Global Production Hub,W04,1337,29.65,0.45,40240.09,28.35,W01,W04,7,COMPLIANT
MAT_010,Alloy 2024-T3 Precision Sheet,SUP_001,Apex Precision Metals GmbH,PLANT_01,Detroit Advanced Assembly Hub,W04,1471,14.39,3.4,26177.27,15.01,W01,W04,5,COMPLIANT
MAT_010,Alloy 2024-T3 Precision Sheet,SUP_001,Apex Precision Metals GmbH,PLANT_02,Munich Engineering Works,W04,1100,14.39,0.45,16329.19,15.01,W01,W04,4,COMPLIANT
MAT_010,Alloy 2024-T3 Precision Sheet,SUP_001,Apex Precision Metals GmbH,PLANT_04,Tokyo Precision Facility,W04,299,14.39,7.6,6569.73,15.01,W01,W04,7,SUB_MOQ_VIOLATION
MAT_010,Alloy 2024-T3 Precision Sheet,SUP_001,Apex Precision Metals GmbH,PLANT_05,Chennai Industrial Complex,W04,836,14.39,5.1,16293.64,15.01,W01,W04,6,COMPLIANT
MAT_010,Alloy 2024-T3 Precision Sheet,SUP_003,Nippon Advanced Metallurgy,PLANT_04,Tokyo Precision Facility,W04,380,15.26,0.45,5973.57,15.01,W01,W04,4,SUB_MOQ_VIOLATION
MAT_010,Alloy 2024-T3 Precision Sheet,SUP_003,Nippon Advanced Metallurgy,PLANT_05,Chennai Industrial Complex,W04,1064,15.26,3.6,20067.04,15.01,W01,W04,6,COMPLIANT
MAT_010,Alloy 2024-T3 Precision Sheet,SUP_005,MexSteel & Polymer Fabrica,PLANT_01,Detroit Advanced Assembly Hub,W04,1023,15.42,1.7,17505.88,15.01,W01,W04,5,COMPLIANT
MAT_010,Alloy 2024-T3 Precision Sheet,SUP_005,MexSteel & Polymer Fabrica,PLANT_02,Munich Engineering Works,W04,689,15.42,4.9,14008.81,15.01,W01,W04,7,SUB_MOQ_VIOLATION
MAT_010,Alloy 2024-T3 Precision Sheet,SUP_005,MexSteel & Polymer Fabrica,PLANT_03,Monterrey Global Production Hub,W04,723,15.42,0.45,11477.82,15.01,W01,W04,5,SUB_MOQ_VIOLATION
MAT_010,Alloy 2024-T3 Precision Sheet,SUP_012,Monterrey Die & Mold S.A.,PLANT_02,Munich Engineering Works,W04,75,15.89,4.9,1564.24,15.01,W01,W04,8,SUB_MOQ_VIOLATION
MAT_010,Alloy 2024-T3 Precision Sheet,SUP_012,Monterrey Die & Mold S.A.,PLANT_03,Monterrey Global Production Hub,W04,425,15.89,0.45,6940.58,15.01,W01,W04,6,SUB_MOQ_VIOLATION
MAT_011,Engineered Polyamide PA66-GF30 Resin,SUP_002,Vanguard Industrial Dynamics,PLANT_01,Detroit Advanced Assembly Hub,W04,1315,10.91,0.5,15005.98,11.68,W01,W04,5,COMPLIANT
MAT_011,Engineered Polyamide PA66-GF30 Resin,SUP_002,Vanguard Industrial Dynamics,PLANT_02,Munich Engineering Works,W04,611,10.91,3.5,8798.89,11.68,W01,W04,7,SUB_MOQ_VIOLATION
MAT_011,Engineered Polyamide PA66-GF30 Resin,SUP_002,Vanguard Industrial Dynamics,PLANT_03,Monterrey Global Production Hub,W04,767,10.91,1.6,9599.92,11.68,W01,W04,5,SUB_MOQ_VIOLATION
MAT_011,Engineered Polyamide PA66-GF30 Resin,SUP_002,Vanguard Industrial Dynamics,PLANT_05,Chennai Industrial Complex,W04,452,10.91,6.4,7826.17,11.68,W01,W04,8,SUB_MOQ_VIOLATION
MAT_011,Engineered Polyamide PA66-GF30 Resin,SUP_004,Hansol High-Tech Components,PLANT_02,Munich Engineering Works,W04,390,11.47,6.55,7034.83,11.68,W01,W04,9,SUB_MOQ_VIOLATION
MAT_011,Engineered Polyamide PA66-GF30 Resin,SUP_004,Hansol High-Tech Components,PLANT_04,Tokyo Precision Facility,W04,1494,11.47,0.85,18403.12,11.68,W01,W04,6,COMPLIANT
MAT_011,Engineered Polyamide PA66-GF30 Resin,SUP_004,Hansol High-Tech Components,PLANT_05,Chennai Industrial Complex,W04,1584,11.47,3.55,23791.68,11.68,W01,W04,8,COMPLIANT
MAT_011,Engineered Polyamide PA66-GF30 Resin,SUP_005,MexSteel & Polymer Fabrica,PLANT_01,Detroit Advanced Assembly Hub,W04,841,12.28,1.7,11754.94,11.68,W01,W04,6,SUB_MOQ_VIOLATION
MAT_011,Engineered Polyamide PA66-GF30 Resin,SUP_005,MexSteel & Polymer Fabrica,PLANT_03,Monterrey Global Production Hub,W04,491,12.28,0.45,6245.59,11.68,W01,W04,6,SUB_MOQ_VIOLATION
MAT_011,Engineered Polyamide PA66-GF30 Resin,SUP_006,Saigon Composite Solutions,PLANT_04,Tokyo Precision Facility,W04,840,12.47,1.85,12032.24,11.68,W01,W04,7,SUB_MOQ_VIOLATION
MAT_011,Engineered Polyamide PA66-GF30 Resin,SUP_006,Saigon Composite Solutions,PLANT_05,Chennai Industrial Complex,W04,439,12.47,2.1,6394.5,11.68,W01,W04,7,SUB_MOQ_VIOLATION
MAT_012,High-Density Polyethylene HDPE Copolymer,SUP_002,Vanguard Industrial Dynamics,PLANT_01,Detroit Advanced Assembly Hub,W04,760,18.72,0.5,14597.59,19.14,W01,W04,6,COMPLIANT
MAT_012,High-Density Polyethylene HDPE Copolymer,SUP_002,Vanguard Industrial Dynamics,PLANT_02,Munich Engineering Works,W04,425,18.72,3.5,9436.83,19.14,W01,W04,8,SUB_MOQ_VIOLATION
MAT_012,High-Density Polyethylene HDPE Copolymer,SUP_002,Vanguard Industrial Dynamics,PLANT_03,Monterrey Global Production Hub,W04,297,18.72,1.6,6030.77,19.14,W01,W04,6,SUB_MOQ_VIOLATION
MAT_012,High-Density Polyethylene HDPE Copolymer,SUP_002,Vanguard Industrial Dynamics,PLANT_05,Chennai Industrial Complex,W04,109,18.72,6.4,2747.59,19.14,W01,W04,9,SUB_MOQ_VIOLATION
MAT_012,High-Density Polyethylene HDPE Copolymer,SUP_004,Hansol High-Tech Components,PLANT_04,Tokyo Precision Facility,W04,420,18.6,0.85,8173.67,19.14,W01,W04,6,SUB_MOQ_VIOLATION
MAT_012,High-Density Polyethylene HDPE Copolymer,SUP_004,Hansol High-Tech Components,PLANT_05,Chennai Industrial Complex,W04,760,18.6,3.55,16839.32,19.14,W01,W04,8,COMPLIANT
MAT_012,High-Density Polyethylene HDPE Copolymer,SUP_005,MexSteel & Polymer Fabrica,PLANT_01,Detroit Advanced Assembly Hub,W04,466,20.39,1.7,10282.9,19.14,W01,W04,7,SUB_MOQ_VIOLATION
MAT_012,High-Density Polyethylene HDPE Copolymer,SUP_005,MexSteel & Polymer Fabrica,PLANT_02,Munich Engineering Works,W04,260,20.39,4.9,6582.99,19.14,W01,W04,9,SUB_MOQ_VIOLATION
MAT_012,High-Density Polyethylene HDPE Copolymer,SUP_005,MexSteel & Polymer Fabrica,PLANT_03,Monterrey Global Production Hub,W04,464,20.39,0.45,9674.14,19.14,W01,W04,7,SUB_MOQ_VIOLATION
MAT_012,High-Density Polyethylene HDPE Copolymer,SUP_005,MexSteel & Polymer Fabrica,PLANT_04,Tokyo Precision Facility,W04,10,20.39,6.45,268.13,19.14,W01,W04,10,SUB_MOQ_VIOLATION
MAT_012,High-Density Polyethylene HDPE Copolymer,SUP_006,Saigon Composite Solutions,PLANT_04,Tokyo Precision Facility,W04,188,20.75,1.85,4243.6,19.14,W01,W04,4,SUB_MOQ_VIOLATION
MAT_012,High-Density Polyethylene HDPE Copolymer,SUP_006,Saigon Composite Solutions,PLANT_05,Chennai Industrial Complex,W04,248,20.75,2.1,5675.51,19.14,W01,W04,4,SUB_MOQ_VIOLATION
MAT_013,Polycarbonate Optical-Grade Pellets,SUP_002,Vanguard Industrial Dynamics,PLANT_01,Detroit Advanced Assembly Hub,W04,386,6.41,0.5,2665.19,6.69,W01,W04,5,COMPLIANT
MAT_013,Polycarbonate Optical-Grade Pellets,SUP_002,Vanguard Industrial Dynamics,PLANT_02,Munich Engineering Works,W04,766,6.41,3.5,7592.84,6.69,W01,W04,7,COMPLIANT
MAT_013,Polycarbonate Optical-Grade Pellets,SUP_002,Vanguard Industrial Dynamics,PLANT_03,Monterrey Global Production Hub,W04,525,6.41,1.6,4204.45,6.69,W01,W04,5,COMPLIANT
MAT_013,Polycarbonate Optical-Grade Pellets,SUP_002,Vanguard Industrial Dynamics,PLANT_05,Chennai Industrial Complex,W04,342,6.41,6.4,4382.64,6.69,W01,W04,8,COMPLIANT
MAT_013,Polycarbonate Optical-Grade Pellets,SUP_004,Hansol High-Tech Components,PLANT_04,Tokyo Precision Facility,W04,1021,6.62,0.85,7627.47,6.69,W01,W04,5,COMPLIANT
MAT_013,Polycarbonate Optical-Grade Pellets,SUP_004,Hansol High-Tech Components,PLANT_05,Chennai Industrial Complex,W04,1198,6.62,3.55,12183.25,6.69,W01,W04,7,COMPLIANT
MAT_013,Polycarbonate Optical-Grade Pellets,SUP_005,MexSteel & Polymer Fabrica,PLANT_01,Detroit Advanced Assembly Hub,W04,279,6.86,1.7,2390.81,6.69,W01,W04,6,COMPLIANT
MAT_013,Polycarbonate Optical-Grade Pellets,SUP_005,MexSteel & Polymer Fabrica,PLANT_02,Munich Engineering Works,W04,555,6.86,4.9,6524.68,6.69,W01,W04,8,COMPLIANT
MAT_013,Polycarbonate Optical-Grade Pellets,SUP_005,MexSteel & Polymer Fabrica,PLANT_03,Monterrey Global Production Hub,W04,380,6.86,0.45,2778.53,6.69,W01,W04,6,COMPLIANT
MAT_013,Polycarbonate Optical-Grade Pellets,SUP_006,Saigon Composite Solutions,PLANT_04,Tokyo Precision Facility,W04,503,7.43,1.85,4667.1,6.69,W01,W04,5,SUB_MOQ_VIOLATION
MAT_013,Polycarbonate Optical-Grade Pellets,SUP_006,Saigon Composite Solutions,PLANT_05,Chennai Industrial Complex,W04,248,7.43,2.1,2362.61,6.69,W01,W04,5,SUB_MOQ_VIOLATION
MAT_014,Polyether Ether Ketone PEEK Polymer,SUP_002,Vanguard Industrial Dynamics,PLANT_01,Detroit Advanced Assembly Hub,W04,417,10.82,0.5,4725.53,11.17,W01,W04,4,COMPLIANT
MAT_014,Polyether Ether Ketone PEEK Polymer,SUP_002,Vanguard Industrial Dynamics,PLANT_02,Munich Engineering Works,W04,1038,10.82,3.5,14862.01,11.17,W01,W04,6,COMPLIANT
MAT_014,Polyether Ether Ketone PEEK Polymer,SUP_002,Vanguard Industrial Dynamics,PLANT_03,Monterrey Global Production Hub,W04,1384,10.82,1.6,17186.8,11.17,W01,W04,4,COMPLIANT
MAT_014,Polyether Ether Ketone PEEK Polymer,SUP_002,Vanguard Industrial Dynamics,PLANT_05,Chennai Industrial Complex,W04,411,10.82,6.4,7082.56,11.17,W01,W04,7,COMPLIANT
MAT_014,Polyether Ether Ketone PEEK Polymer,SUP_004,Hansol High-Tech Components,PLANT_04,Tokyo Precision Facility,W04,976,10.94,0.85,11512.93,11.17,W01,W04,6,COMPLIANT
MAT_014,Polyether Ether Ketone PEEK Polymer,SUP_004,Hansol High-Tech Components,PLANT_05,Chennai Industrial Complex,W04,1210,10.94,3.55,17536.23,11.17,W01,W04,8,COMPLIANT
MAT_014,Polyether Ether Ketone PEEK Polymer,SUP_005,MexSteel & Polymer Fabrica,PLANT_01,Detroit Advanced Assembly Hub,W04,342,11.43,1.7,4484.55,11.17,W01,W04,5,SUB_MOQ_VIOLATION
MAT_014,Polyether Ether Ketone PEEK Polymer,SUP_005,MexSteel & Polymer Fabrica,PLANT_02,Munich Engineering Works,W04,849,11.43,4.9,13866.62,11.17,W01,W04,7,COMPLIANT
MAT_014,Polyether Ether Ketone PEEK Polymer,SUP_005,MexSteel & Polymer Fabrica,PLANT_03,Monterrey Global Production Hub,W04,1132,11.43,0.45,13450.54,11.17,W01,W04,5,COMPLIANT
MAT_014,Polyether Ether Ketone PEEK Polymer,SUP_006,Saigon Composite Solutions,PLANT_04,Tokyo Precision Facility,W04,574,12.23,1.85,8074.88,11.17,W01,W04,5,COMPLIANT
MAT_014,Polyether Ether Ketone PEEK Polymer,SUP_006,Saigon Composite Solutions,PLANT_05,Chennai Industrial Complex,W04,299,12.23,2.1,4291.42,11.17,W01,W04,5,COMPLIANT
MAT_015,Thermoplastic Polyurethane TPU Elastomer,SUP_002,Vanguard Industrial Dynamics,PLANT_01,Detroit Advanced Assembly Hub,W04,1228,21.33,0.5,26811.61,22.9,W01,W04,7,COMPLIANT
MAT_015,Thermoplastic Polyurethane TPU Elastomer,SUP_002,Vanguard Industrial Dynamics,PLANT_02,Munich Engineering Works,W04,513,21.33,3.5,12746.73,22.9,W01,W04,9,SUB_MOQ_VIOLATION
MAT_015,Thermoplastic Polyurethane TPU Elastomer,SUP_002,Vanguard Industrial Dynamics,PLANT_03,Monterrey Global Production Hub,W04,972,21.33,1.6,22276.95,22.9,W01,W04,7,COMPLIANT
MAT_015,Thermoplastic Polyurethane TPU Elastomer,SUP_002,Vanguard Industrial Dynamics,PLANT_04,Tokyo Precision Facility,W04,254,21.33,6.2,7004.46,22.9,W01,W04,10,SUB_MOQ_VIOLATION
MAT_015,Thermoplastic Polyurethane TPU Elastomer,SUP_002,Vanguard Industrial Dynamics,PLANT_05,Chennai Industrial Complex,W04,458,21.33,6.4,12701.45,22.9,W01,W04,10,SUB_MOQ_VIOLATION
MAT_015,Thermoplastic Polyurethane TPU Elastomer,SUP_004,Hansol High-Tech Components,PLANT_04,Tokyo Precision Facility,W04,517,22.76,0.85,12196.22,22.9,W01,W04,3,COMPLIANT
MAT_015,Thermoplastic Polyurethane TPU Elastomer,SUP_004,Hansol High-Tech Components,PLANT_05,Chennai Industrial Complex,W04,930,22.76,3.55,24467.25,22.9,W01,W04,5,COMPLIANT
MAT_015,Thermoplastic Polyurethane TPU Elastomer,SUP_005,MexSteel & Polymer Fabrica,PLANT_01,Detroit Advanced Assembly Hub,W04,552,23.46,1.7,13883.29,22.9,W01,W04,7,SUB_MOQ_VIOLATION
MAT_015,Thermoplastic Polyurethane TPU Elastomer,SUP_005,MexSteel & Polymer Fabrica,PLANT_02,Munich Engineering Works,W04,231,23.46,4.9,6540.95,22.9,W01,W04,9,SUB_MOQ_VIOLATION
MAT_015,Thermoplastic Polyurethane TPU Elastomer,SUP_005,MexSteel & Polymer Fabrica,PLANT_03,Monterrey Global Production Hub,W04,436,23.46,0.45,10436.24,22.9,W01,W04,7,SUB_MOQ_VIOLATION
MAT_016,Quad-Core Embedded Controller SoC,SUP_003,Nippon Advanced Metallurgy,PLANT_01,Detroit Advanced Assembly Hub,W04,1437,212.57,5.1,312824.44,227.56,W01,W04,5,COMPLIANT
MAT_016,Quad-Core Embedded Controller SoC,SUP_003,Nippon Advanced Metallurgy,PLANT_02,Munich Engineering Works,W04,1468,212.57,6.5,321588.19,227.56,W01,W04,6,COMPLIANT
MAT_016,Quad-Core Embedded Controller SoC,SUP_003,Nippon Advanced Metallurgy,PLANT_03,Monterrey Global Production Hub,W04,1491,212.57,5.3,324789.7,227.56,W01,W04,6,COMPLIANT
MAT_016,Quad-Core Embedded Controller SoC,SUP_003,Nippon Advanced Metallurgy,PLANT_04,Tokyo Precision Facility,W04,648,212.57,0.45,138013.53,227.56,W01,W04,3,SUB_MOQ_VIOLATION
MAT_016,Quad-Core Embedded Controller SoC,SUP_003,Nippon Advanced Metallurgy,PLANT_05,Chennai Industrial Complex,W04,776,212.57,3.6,167717.66,227.56,W01,W04,5,COMPLIANT
MAT_016,Quad-Core Embedded Controller SoC,SUP_004,Hansol High-Tech Components,PLANT_01,Detroit Advanced Assembly Hub,W04,708,222.17,5.15,160908.46,227.56,W01,W04,9,SUB_MOQ_VIOLATION
MAT_016,Quad-Core Embedded Controller SoC,SUP_004,Hansol High-Tech Components,PLANT_02,Munich Engineering Works,W04,723,222.17,6.55,165371.42,227.56,W01,W04,9,SUB_MOQ_VIOLATION
MAT_016,Quad-Core Embedded Controller SoC,SUP_004,Hansol High-Tech Components,PLANT_03,Monterrey Global Production Hub,W04,734,222.17,5.35,167056.56,227.56,W01,W04,9,SUB_MOQ_VIOLATION
MAT_016,Quad-Core Embedded Controller SoC,SUP_004,Hansol High-Tech Components,PLANT_04,Tokyo Precision Facility,W04,319,222.17,0.85,71167.91,227.56,W01,W04,6,SUB_MOQ_VIOLATION
MAT_016,Quad-Core Embedded Controller SoC,SUP_004,Hansol High-Tech Components,PLANT_05,Chennai Industrial Complex,W04,382,222.17,3.55,86256.64,227.56,W01,W04,8,SUB_MOQ_VIOLATION
MAT_017,Industrial Power Management Module,SUP_003,Nippon Advanced Metallurgy,PLANT_01,Detroit Advanced Assembly Hub,W04,751,113.98,5.1,89476.71,118.85,W01,W04,9,SUB_MOQ_VIOLATION
MAT_017,Industrial Power Management Module,SUP_003,Nippon Advanced Metallurgy,PLANT_02,Munich Engineering Works,W04,907,113.98,6.5,109289.82,118.85,W01,W04,10,SUB_MOQ_VIOLATION
MAT_017,Industrial Power Management Module,SUP_003,Nippon Advanced Metallurgy,PLANT_03,Monterrey Global Production Hub,W04,1065,113.98,5.3,127018.89,118.85,W01,W04,10,COMPLIANT
MAT_017,Industrial Power Management Module,SUP_003,Nippon Advanced Metallurgy,PLANT_04,Tokyo Precision Facility,W04,919,113.98,0.45,105202.36,118.85,W01,W04,7,SUB_MOQ_VIOLATION
MAT_017,Industrial Power Management Module,SUP_003,Nippon Advanced Metallurgy,PLANT_05,Chennai Industrial Complex,W04,1567,113.98,3.6,184214.94,118.85,W01,W04,9,COMPLIANT
MAT_017,Industrial Power Management Module,SUP_004,Hansol High-Tech Components,PLANT_01,Detroit Advanced Assembly Hub,W04,354,121.21,5.15,44680.9,118.85,W01,W04,8,COMPLIANT
MAT_017,Industrial Power Management Module,SUP_004,Hansol High-Tech Components,PLANT_02,Munich Engineering Works,W04,427,121.21,6.55,54538.19,118.85,W01,W04,8,COMPLIANT
MAT_017,Industrial Power Management Module,SUP_004,Hansol High-Tech Components,PLANT_03,Monterrey Global Production Hub,W04,501,121.21,5.35,63421.75,118.85,W01,W04,8,COMPLIANT
MAT_017,Industrial Power Management Module,SUP_004,Hansol High-Tech Components,PLANT_04,Tokyo Precision Facility,W04,433,121.21,0.85,52808.04,118.85,W01,W04,5,COMPLIANT
MAT_017,Industrial Power Management Module,SUP_004,Hansol High-Tech Components,PLANT_05,Chennai Industrial Complex,W04,737,121.21,3.55,91983.05,118.85,W01,W04,7,COMPLIANT
MAT_018,Multi-Layer High-Frequency PCB Array,SUP_003,Nippon Advanced Metallurgy,PLANT_01,Detroit Advanced Assembly Hub,W04,739,230.16,5.1,173920.66,242.4,W01,W04,6,SUB_MOQ_VIOLATION
MAT_018,Multi-Layer High-Frequency PCB Array,SUP_003,Nippon Advanced Metallurgy,PLANT_02,Munich Engineering Works,W04,1121,230.16,6.5,265295.86,242.4,W01,W04,7,COMPLIANT
MAT_018,Multi-Layer High-Frequency PCB Array,SUP_003,Nippon Advanced Metallurgy,PLANT_03,Monterrey Global Production Hub,W04,514,230.16,5.3,121139.46,242.4,W01,W04,7,SUB_MOQ_VIOLATION
MAT_018,Multi-Layer High-Frequency PCB Array,SUP_003,Nippon Advanced Metallurgy,PLANT_04,Tokyo Precision Facility,W04,564,230.16,0.45,130073.26,242.4,W01,W04,4,SUB_MOQ_VIOLATION
MAT_018,Multi-Layer High-Frequency PCB Array,SUP_003,Nippon Advanced Metallurgy,PLANT_05,Chennai Industrial Complex,W04,1202,230.16,3.6,280939.78,242.4,W01,W04,6,COMPLIANT
MAT_018,Multi-Layer High-Frequency PCB Array,SUP_004,Hansol High-Tech Components,PLANT_01,Detroit Advanced Assembly Hub,W04,514,239.2,5.15,125529.93,242.4,W01,W04,8,SUB_MOQ_VIOLATION
MAT_018,Multi-Layer High-Frequency PCB Array,SUP_004,Hansol High-Tech Components,PLANT_02,Munich Engineering Works,W04,779,239.2,6.55,191439.25,242.4,W01,W04,8,SUB_MOQ_VIOLATION
MAT_018,Multi-Layer High-Frequency PCB Array,SUP_004,Hansol High-Tech Components,PLANT_03,Monterrey Global Production Hub,W04,358,239.2,5.35,87431.52,242.4,W01,W04,8,SUB_MOQ_VIOLATION
MAT_018,Multi-Layer High-Frequency PCB Array,SUP_004,Hansol High-Tech Components,PLANT_04,Tokyo Precision Facility,W04,392,239.2,0.85,94090.0,242.4,W01,W04,5,SUB_MOQ_VIOLATION
MAT_018,Multi-Layer High-Frequency PCB Array,SUP_004,Hansol High-Tech Components,PLANT_05,Chennai Industrial Complex,W04,835,239.2,3.55,202737.52,242.4,W01,W04,7,SUB_MOQ_VIOLATION
MAT_019,Precision MEMS IMU Sensor Package,SUP_003,Nippon Advanced Metallurgy,PLANT_01,Detroit Advanced Assembly Hub,W04,1250,307.13,5.1,390262.52,316.16,W01,W04,8,COMPLIANT
MAT_019,Precision MEMS IMU Sensor Package,SUP_003,Nippon Advanced Metallurgy,PLANT_02,Munich Engineering Works,W04,1284,307.13,6.5,402726.01,316.16,W01,W04,9,COMPLIANT
MAT_019,Precision MEMS IMU Sensor Package,SUP_003,Nippon Advanced Metallurgy,PLANT_03,Monterrey Global Production Hub,W04,1212,307.13,5.3,378790.13,316.16,W01,W04,9,COMPLIANT
MAT_019,Precision MEMS IMU Sensor Package,SUP_003,Nippon Advanced Metallurgy,PLANT_04,Tokyo Precision Facility,W04,933,307.13,0.45,286959.84,316.16,W01,W04,6,SUB_MOQ_VIOLATION
MAT_019,Precision MEMS IMU Sensor Package,SUP_003,Nippon Advanced Metallurgy,PLANT_05,Chennai Industrial Complex,W04,560,307.13,3.6,174008.8,316.16,W01,W04,8,SUB_MOQ_VIOLATION
MAT_019,Precision MEMS IMU Sensor Package,SUP_004,Hansol High-Tech Components,PLANT_01,Detroit Advanced Assembly Hub,W04,982,310.88,5.15,310366.74,316.16,W01,W04,8,COMPLIANT
MAT_019,Precision MEMS IMU Sensor Package,SUP_004,Hansol High-Tech Components,PLANT_02,Munich Engineering Works,W04,1009,310.88,6.55,320261.48,316.16,W01,W04,8,COMPLIANT
MAT_019,Precision MEMS IMU Sensor Package,SUP_004,Hansol High-Tech Components,PLANT_03,Monterrey Global Production Hub,W04,953,310.88,5.35,301240.7,316.16,W01,W04,8,COMPLIANT
MAT_019,Precision MEMS IMU Sensor Package,SUP_004,Hansol High-Tech Components,PLANT_04,Tokyo Precision Facility,W04,733,310.88,0.85,228510.56,316.16,W01,W04,5,COMPLIANT
MAT_019,Precision MEMS IMU Sensor Package,SUP_004,Hansol High-Tech Components,PLANT_05,Chennai Industrial Complex,W04,440,310.88,3.55,138349.2,316.16,W01,W04,7,SUB_MOQ_VIOLATION
MAT_020,Fiber-Optic Gigabit Transceiver Subassembly,SUP_003,Nippon Advanced Metallurgy,PLANT_01,Detroit Advanced Assembly Hub,W04,1306,44.87,5.1,65239.83,47.18,W01,W04,7,COMPLIANT
MAT_020,Fiber-Optic Gigabit Transceiver Subassembly,SUP_003,Nippon Advanced Metallurgy,PLANT_02,Munich Engineering Works,W04,679,44.87,6.5,34889.48,47.18,W01,W04,8,SUB_MOQ_VIOLATION
MAT_020,Fiber-Optic Gigabit Transceiver Subassembly,SUP_003,Nippon Advanced Metallurgy,PLANT_03,Monterrey Global Production Hub,W04,1152,44.87,5.3,57818.92,47.18,W01,W04,8,COMPLIANT
MAT_020,Fiber-Optic Gigabit Transceiver Subassembly,SUP_003,Nippon Advanced Metallurgy,PLANT_04,Tokyo Precision Facility,W04,1001,44.87,0.45,45368.95,47.18,W01,W04,5,COMPLIANT
MAT_020,Fiber-Optic Gigabit Transceiver Subassembly,SUP_003,Nippon Advanced Metallurgy,PLANT_05,Chennai Industrial Complex,W04,1251,44.87,3.6,60638.88,47.18,W01,W04,7,COMPLIANT
MAT_020,Fiber-Optic Gigabit Transceiver Subassembly,SUP_004,Hansol High-Tech Components,PLANT_01,Detroit Advanced Assembly Hub,W04,945,47.81,5.15,50069.44,47.18,W01,W04,6,COMPLIANT
MAT_020,Fiber-Optic Gigabit Transceiver Subassembly,SUP_004,Hansol High-Tech Components,PLANT_02,Munich Engineering Works,W04,492,47.81,6.55,26735.34,47.18,W01,W04,6,SUB_MOQ_VIOLATION
MAT_020,Fiber-Optic Gigabit Transceiver Subassembly,SUP_004,Hansol High-Tech Components,PLANT_03,Monterrey Global Production Hub,W04,835,47.81,5.35,44364.15,47.18,W01,W04,6,COMPLIANT
MAT_020,Fiber-Optic Gigabit Transceiver Subassembly,SUP_004,Hansol High-Tech Components,PLANT_04,Tokyo Precision Facility,W04,725,47.81,0.85,35274.61,47.18,W01,W04,3,SUB_MOQ_VIOLATION
MAT_020,Fiber-Optic Gigabit Transceiver Subassembly,SUP_004,Hansol High-Tech Components,PLANT_05,Chennai Industrial Complex,W04,906,47.81,3.55,46529.08,47.18,W01,W04,5,COMPLIANT
MAT_021,Angular Contact Spindle Bearing 7008,SUP_003,Nippon Advanced Metallurgy,PLANT_01,Detroit Advanced Assembly Hub,W04,884,116.17,5.1,107211.17,120.34,W01,W04,9,SUB_MOQ_VIOLATION
MAT_021,Angular Contact Spindle Bearing 7008,SUP_003,Nippon Advanced Metallurgy,PLANT_02,Munich Engineering Works,W04,1069,116.17,6.5,131173.48,120.34,W01,W04,10,SUB_MOQ_VIOLATION
MAT_021,Angular Contact Spindle Bearing 7008,SUP_003,Nippon Advanced Metallurgy,PLANT_03,Monterrey Global Production Hub,W04,338,116.17,5.3,41058.07,120.34,W01,W04,10,SUB_MOQ_VIOLATION
MAT_021,Angular Contact Spindle Bearing 7008,SUP_003,Nippon Advanced Metallurgy,PLANT_04,Tokyo Precision Facility,W04,1242,116.17,0.45,144845.54,120.34,W01,W04,7,COMPLIANT
MAT_021,Angular Contact Spindle Bearing 7008,SUP_003,Nippon Advanced Metallurgy,PLANT_05,Chennai Industrial Complex,W04,569,116.17,3.6,68132.36,120.34,W01,W04,9,SUB_MOQ_VIOLATION
MAT_021,Angular Contact Spindle Bearing 7008,SUP_011,Shinshu Bearing & Motion Systems,PLANT_01,Detroit Advanced Assembly Hub,W04,667,118.13,5.1,82185.78,120.34,W01,W04,7,COMPLIANT
MAT_021,Angular Contact Spindle Bearing 7008,SUP_011,Shinshu Bearing & Motion Systems,PLANT_02,Munich Engineering Works,W04,807,118.13,6.5,100536.53,120.34,W01,W04,8,COMPLIANT
MAT_021,Angular Contact Spindle Bearing 7008,SUP_011,Shinshu Bearing & Motion Systems,PLANT_03,Monterrey Global Production Hub,W04,255,118.13,5.3,31473.42,120.34,W01,W04,8,SUB_MOQ_VIOLATION
MAT_021,Angular Contact Spindle Bearing 7008,SUP_011,Shinshu Bearing & Motion Systems,PLANT_04,Tokyo Precision Facility,W04,937,118.13,0.45,111105.9,120.34,W01,W04,5,COMPLIANT
MAT_021,Angular Contact Spindle Bearing 7008,SUP_011,Shinshu Bearing & Motion Systems,PLANT_05,Chennai Industrial Complex,W04,429,118.13,3.6,52239.21,120.34,W01,W04,7,SUB_MOQ_VIOLATION
MAT_022,Double-Row Tapered Roller Bearing,SUP_003,Nippon Advanced Metallurgy,PLANT_01,Detroit Advanced Assembly Hub,W04,905,103.66,5.1,98460.43,106.66,W01,W04,8,COMPLIANT
MAT_022,Double-Row Tapered Roller Bearing,SUP_003,Nippon Advanced Metallurgy,PLANT_02,Munich Engineering Works,W04,954,103.66,6.5,105059.59,106.66,W01,W04,9,COMPLIANT
MAT_022,Double-Row Tapered Roller Bearing,SUP_003,Nippon Advanced Metallurgy,PLANT_03,Monterrey Global Production Hub,W04,1362,103.66,5.3,148381.73,106.66,W01,W04,9,COMPLIANT
MAT_022,Double-Row Tapered Roller Bearing,SUP_003,Nippon Advanced Metallurgy,PLANT_04,Tokyo Precision Facility,W04,390,103.66,0.45,40654.96,106.66,W01,W04,6,SUB_MOQ_VIOLATION
MAT_022,Double-Row Tapered Roller Bearing,SUP_003,Nippon Advanced Metallurgy,PLANT_05,Chennai Industrial Complex,W04,1307,103.66,3.6,140167.37,106.66,W01,W04,8,COMPLIANT
MAT_022,Double-Row Tapered Roller Bearing,SUP_011,Shinshu Bearing & Motion Systems,PLANT_01,Detroit Advanced Assembly Hub,W04,741,105.28,5.1,81758.47,106.66,W01,W04,8,SUB_MOQ_VIOLATION
MAT_022,Double-Row Tapered Roller Bearing,SUP_011,Shinshu Bearing & Motion Systems,PLANT_02,Munich Engineering Works,W04,780,105.28,6.5,87221.93,106.66,W01,W04,9,SUB_MOQ_VIOLATION
MAT_022,Double-Row Tapered Roller Bearing,SUP_011,Shinshu Bearing & Motion Systems,PLANT_03,Monterrey Global Production Hub,W04,1114,105.28,5.3,123208.24,106.66,W01,W04,9,COMPLIANT
MAT_022,Double-Row Tapered Roller Bearing,SUP_011,Shinshu Bearing & Motion Systems,PLANT_04,Tokyo Precision Facility,W04,320,105.28,0.45,33780.74,106.66,W01,W04,6,SUB_MOQ_VIOLATION
MAT_022,Double-Row Tapered Roller Bearing,SUP_011,Shinshu Bearing & Motion Systems,PLANT_05,Chennai Industrial Complex,W04,1069,105.28,3.6,116414.5,106.66,W01,W04,8,COMPLIANT
MAT_023,Deep-Groove Ceramic Hybrid Bearing,SUP_003,Nippon Advanced Metallurgy,PLANT_01,Detroit Advanced Assembly Hub,W04,1295,57.2,5.1,80695.94,61.21,W01,W04,6,COMPLIANT
MAT_023,Deep-Groove Ceramic Hybrid Bearing,SUP_003,Nippon Advanced Metallurgy,PLANT_02,Munich Engineering Works,W04,1138,57.2,6.5,72516.72,61.21,W01,W04,7,COMPLIANT
MAT_023,Deep-Groove Ceramic Hybrid Bearing,SUP_003,Nippon Advanced Metallurgy,PLANT_03,Monterrey Global Production Hub,W04,989,57.2,5.3,61818.75,61.21,W01,W04,7,COMPLIANT
MAT_023,Deep-Groove Ceramic Hybrid Bearing,SUP_003,Nippon Advanced Metallurgy,PLANT_04,Tokyo Precision Facility,W04,1391,57.2,0.45,80193.46,61.21,W01,W04,4,COMPLIANT
MAT_023,Deep-Groove Ceramic Hybrid Bearing,SUP_003,Nippon Advanced Metallurgy,PLANT_05,Chennai Industrial Complex,W04,1188,57.2,3.6,72241.34,61.21,W01,W04,6,COMPLIANT
MAT_023,Deep-Groove Ceramic Hybrid Bearing,SUP_011,Shinshu Bearing & Motion Systems,PLANT_01,Detroit Advanced Assembly Hub,W04,761,60.49,5.1,49895.62,61.21,W01,W04,5,COMPLIANT
MAT_023,Deep-Groove Ceramic Hybrid Bearing,SUP_011,Shinshu Bearing & Motion Systems,PLANT_02,Munich Engineering Works,W04,669,60.49,6.5,44788.84,61.21,W01,W04,6,COMPLIANT
MAT_023,Deep-Groove Ceramic Hybrid Bearing,SUP_011,Shinshu Bearing & Motion Systems,PLANT_03,Monterrey Global Production Hub,W04,581,60.49,5.3,38217.41,61.21,W01,W04,6,COMPLIANT
MAT_023,Deep-Groove Ceramic Hybrid Bearing,SUP_011,Shinshu Bearing & Motion Systems,PLANT_04,Tokyo Precision Facility,W04,817,60.49,0.45,49785.54,61.21,W01,W04,3,COMPLIANT
MAT_023,Deep-Groove Ceramic Hybrid Bearing,SUP_011,Shinshu Bearing & Motion Systems,PLANT_05,Chennai Industrial Complex,W04,698,60.49,3.6,44723.28,61.21,W01,W04,5,COMPLIANT
MAT_024,Sealed Spherical Roller Bearing 22210,SUP_003,Nippon Advanced Metallurgy,PLANT_01,Detroit Advanced Assembly Hub,W04,1066,37.17,5.1,45068.27,37.75,W01,W04,9,COMPLIANT
MAT_024,Sealed Spherical Roller Bearing 22210,SUP_003,Nippon Advanced Metallurgy,PLANT_02,Munich Engineering Works,W04,464,37.17,6.5,20254.15,37.75,W01,W04,10,SUB_MOQ_VIOLATION
MAT_024,Sealed Spherical Roller Bearing 22210,SUP_003,Nippon Advanced Metallurgy,PLANT_03,Monterrey Global Production Hub,W04,576,37.17,5.3,24462.72,37.75,W01,W04,10,SUB_MOQ_VIOLATION
MAT_024,Sealed Spherical Roller Bearing 22210,SUP_003,Nippon Advanced Metallurgy,PLANT_04,Tokyo Precision Facility,W04,1136,37.17,0.45,42728.8,37.75,W01,W04,7,COMPLIANT
MAT_024,Sealed Spherical Roller Bearing 22210,SUP_003,Nippon Advanced Metallurgy,PLANT_05,Chennai Industrial Complex,W04,1268,37.17,3.6,51712.67,37.75,W01,W04,9,COMPLIANT
MAT_024,Sealed Spherical Roller Bearing 22210,SUP_011,Shinshu Bearing & Motion Systems,PLANT_01,Detroit Advanced Assembly Hub,W04,711,38.02,5.1,30649.7,37.75,W01,W04,5,SUB_MOQ_VIOLATION
MAT_024,Sealed Spherical Roller Bearing 22210,SUP_011,Shinshu Bearing & Motion Systems,PLANT_02,Munich Engineering Works,W04,309,38.02,6.5,13765.58,37.75,W01,W04,6,SUB_MOQ_VIOLATION
MAT_024,Sealed Spherical Roller Bearing 22210,SUP_011,Shinshu Bearing & Motion Systems,PLANT_03,Monterrey Global Production Hub,W04,384,38.02,5.3,16634.88,37.75,W01,W04,6,SUB_MOQ_VIOLATION
MAT_024,Sealed Spherical Roller Bearing 22210,SUP_011,Shinshu Bearing & Motion Systems,PLANT_04,Tokyo Precision Facility,W04,757,38.02,0.45,29129.48,37.75,W01,W04,3,SUB_MOQ_VIOLATION
MAT_024,Sealed Spherical Roller Bearing 22210,SUP_011,Shinshu Bearing & Motion Systems,PLANT_05,Chennai Industrial Complex,W04,846,38.02,3.6,35193.87,37.75,W01,W04,5,SUB_MOQ_VIOLATION
MAT_025,High-Speed Miniature Precision Bearing,SUP_003,Nippon Advanced Metallurgy,PLANT_01,Detroit Advanced Assembly Hub,W04,962,131.11,5.1,130982.26,139.57,W01,W04,8,SUB_MOQ_VIOLATION
MAT_025,High-Speed Miniature Precision Bearing,SUP_003,Nippon Advanced Metallurgy,PLANT_02,Munich Engineering Works,W04,1393,131.11,6.5,191624.68,139.57,W01,W04,9,COMPLIANT
MAT_025,High-Speed Miniature Precision Bearing,SUP_003,Nippon Advanced Metallurgy,PLANT_03,Monterrey Global Production Hub,W04,1215,131.11,5.3,165765.43,139.57,W01,W04,9,COMPLIANT
MAT_025,High-Speed Miniature Precision Bearing,SUP_003,Nippon Advanced Metallurgy,PLANT_04,Tokyo Precision Facility,W04,926,131.11,0.45,121779.83,139.57,W01,W04,6,SUB_MOQ_VIOLATION
MAT_025,High-Speed Miniature Precision Bearing,SUP_003,Nippon Advanced Metallurgy,PLANT_05,Chennai Industrial Complex,W04,1093,131.11,3.6,147246.11,139.57,W01,W04,8,COMPLIANT
MAT_025,High-Speed Miniature Precision Bearing,SUP_011,Shinshu Bearing & Motion Systems,PLANT_01,Detroit Advanced Assembly Hub,W04,589,135.66,5.1,82961.13,139.57,W01,W04,7,SUB_MOQ_VIOLATION
MAT_025,High-Speed Miniature Precision Bearing,SUP_011,Shinshu Bearing & Motion Systems,PLANT_02,Munich Engineering Works,W04,853,135.66,6.5,121330.72,139.57,W01,W04,8,COMPLIANT
MAT_025,High-Speed Miniature Precision Bearing,SUP_011,Shinshu Bearing & Motion Systems,PLANT_03,Monterrey Global Production Hub,W04,745,135.66,5.3,104987.01,139.57,W01,W04,8,SUB_MOQ_VIOLATION
MAT_025,High-Speed Miniature Precision Bearing,SUP_011,Shinshu Bearing & Motion Systems,PLANT_04,Tokyo Precision Facility,W04,567,135.66,0.45,77220.65,139.57,W01,W04,5,SUB_MOQ_VIOLATION
MAT_025,High-Speed Miniature Precision Bearing,SUP_011,Shinshu Bearing & Motion Systems,PLANT_05,Chennai Industrial Complex,W04,670,135.66,3.6,93295.84,139.57,W01,W04,7,SUB_MOQ_VIOLATION
MAT_026,Proportional Electro-Hydraulic Valve,SUP_001,Apex Precision Metals GmbH,PLANT_01,Detroit Advanced Assembly Hub,W04,907,185.93,3.4,171788.58,194.59,W01,W04,5,SUB_MOQ_VIOLATION
MAT_026,Proportional Electro-Hydraulic Valve,SUP_001,Apex Precision Metals GmbH,PLANT_02,Munich Engineering Works,W04,1509,185.93,0.45,281253.01,194.59,W01,W04,4,COMPLIANT
MAT_026,Proportional Electro-Hydraulic Valve,SUP_001,Apex Precision Metals GmbH,PLANT_03,Monterrey Global Production Hub,W04,973,185.93,4.8,185561.22,194.59,W01,W04,6,SUB_MOQ_VIOLATION
MAT_026,Proportional Electro-Hydraulic Valve,SUP_001,Apex Precision Metals GmbH,PLANT_04,Tokyo Precision Facility,W04,983,185.93,7.6,190288.37,194.59,W01,W04,7,SUB_MOQ_VIOLATION
MAT_026,Proportional Electro-Hydraulic Valve,SUP_001,Apex Precision Metals GmbH,PLANT_05,Chennai Industrial Complex,W04,513,185.93,5.1,98067.16,194.59,W01,W04,6,SUB_MOQ_VIOLATION
MAT_026,Proportional Electro-Hydraulic Valve,SUP_009,EuroHydraulics SpA,PLANT_01,Detroit Advanced Assembly Hub,W04,408,198.4,3.4,82263.77,194.59,W01,W04,4,COMPLIANT
MAT_026,Proportional Electro-Hydraulic Valve,SUP_009,EuroHydraulics SpA,PLANT_02,Munich Engineering Works,W04,678,198.4,0.45,134814.33,194.59,W01,W04,3,COMPLIANT
MAT_026,Proportional Electro-Hydraulic Valve,SUP_009,EuroHydraulics SpA,PLANT_03,Monterrey Global Production Hub,W04,437,198.4,4.8,88818.72,194.59,W01,W04,5,COMPLIANT
MAT_026,Proportional Electro-Hydraulic Valve,SUP_009,EuroHydraulics SpA,PLANT_04,Tokyo Precision Facility,W04,442,198.4,7.6,91000.5,194.59,W01,W04,6,COMPLIANT
MAT_026,Proportional Electro-Hydraulic Valve,SUP_009,EuroHydraulics SpA,PLANT_05,Chennai Industrial Complex,W04,231,198.4,5.1,46935.24,194.59,W01,W04,5,SUB_MOQ_VIOLATION
MAT_027,Double-Acting Heavy Cylinder 3000 PSI,SUP_001,Apex Precision Metals GmbH,PLANT_01,Detroit Advanced Assembly Hub,W04,696,95.5,3.4,68860.11,100.71,W01,W04,6,SUB_MOQ_VIOLATION
MAT_027,Double-Acting Heavy Cylinder 3000 PSI,SUP_001,Apex Precision Metals GmbH,PLANT_02,Munich Engineering Works,W04,1611,95.5,0.45,154611.91,100.71,W01,W04,5,COMPLIANT
MAT_027,Double-Acting Heavy Cylinder 3000 PSI,SUP_001,Apex Precision Metals GmbH,PLANT_03,Monterrey Global Production Hub,W04,924,95.5,4.8,92657.14,100.71,W01,W04,7,SUB_MOQ_VIOLATION
MAT_027,Double-Acting Heavy Cylinder 3000 PSI,SUP_001,Apex Precision Metals GmbH,PLANT_04,Tokyo Precision Facility,W04,593,95.5,7.6,61109.43,100.71,W01,W04,8,SUB_MOQ_VIOLATION
MAT_027,Double-Acting Heavy Cylinder 3000 PSI,SUP_001,Apex Precision Metals GmbH,PLANT_05,Chennai Industrial Complex,W04,1159,95.5,5.1,116573.27,100.71,W01,W04,7,COMPLIANT
MAT_027,Double-Acting Heavy Cylinder 3000 PSI,SUP_009,EuroHydraulics SpA,PLANT_01,Detroit Advanced Assembly Hub,W04,427,98.17,3.4,43343.98,100.71,W01,W04,7,COMPLIANT
MAT_027,Double-Acting Heavy Cylinder 3000 PSI,SUP_009,EuroHydraulics SpA,PLANT_02,Munich Engineering Works,W04,988,98.17,0.45,97399.08,100.71,W01,W04,6,COMPLIANT
MAT_027,Double-Acting Heavy Cylinder 3000 PSI,SUP_009,EuroHydraulics SpA,PLANT_03,Monterrey Global Production Hub,W04,566,98.17,4.8,58301.61,100.71,W01,W04,8,COMPLIANT
MAT_027,Double-Acting Heavy Cylinder 3000 PSI,SUP_007,Bharat Precision Engineering,PLANT_04,Tokyo Precision Facility,W04,363,101.87,3.65,38333.31,100.71,W01,W04,9,SUB_MOQ_VIOLATION
MAT_027,Double-Acting Heavy Cylinder 3000 PSI,SUP_007,Bharat Precision Engineering,PLANT_05,Chennai Industrial Complex,W04,710,101.87,0.45,72669.71,100.71,W01,W04,7,COMPLIANT
MAT_028,Variable Displacement Piston Pump Core,SUP_001,Apex Precision Metals GmbH,PLANT_01,Detroit Advanced Assembly Hub,W04,661,99.77,3.4,68228.38,102.24,W01,W04,8,SUB_MOQ_VIOLATION
MAT_028,Variable Displacement Piston Pump Core,SUP_001,Apex Precision Metals GmbH,PLANT_02,Munich Engineering Works,W04,780,99.77,0.45,78183.63,102.24,W01,W04,7,COMPLIANT
MAT_028,Variable Displacement Piston Pump Core,SUP_001,Apex Precision Metals GmbH,PLANT_03,Monterrey Global Production Hub,W04,1346,99.77,4.8,140793.05,102.24,W01,W04,9,COMPLIANT
MAT_028,Variable Displacement Piston Pump Core,SUP_001,Apex Precision Metals GmbH,PLANT_04,Tokyo Precision Facility,W04,1300,99.77,7.6,139602.47,102.24,W01,W04,10,COMPLIANT
MAT_028,Variable Displacement Piston Pump Core,SUP_001,Apex Precision Metals GmbH,PLANT_05,Chennai Industrial Complex,W04,411,99.77,5.1,43051.23,102.24,W01,W04,9,SUB_MOQ_VIOLATION
MAT_028,Variable Displacement Piston Pump Core,SUP_009,EuroHydraulics SpA,PLANT_01,Detroit Advanced Assembly Hub,W04,341,102.06,3.4,35928.11,102.24,W01,W04,6,SUB_MOQ_VIOLATION
MAT_028,Variable Displacement Piston Pump Core,SUP_009,EuroHydraulics SpA,PLANT_02,Munich Engineering Works,W04,402,102.06,0.45,41196.72,102.24,W01,W04,5,SUB_MOQ_VIOLATION
MAT_028,Variable Displacement Piston Pump Core,SUP_009,EuroHydraulics SpA,PLANT_03,Monterrey Global Production Hub,W04,694,102.06,4.8,74118.1,102.24,W01,W04,7,SUB_MOQ_VIOLATION
MAT_028,Variable Displacement Piston Pump Core,SUP_009,EuroHydraulics SpA,PLANT_04,Tokyo Precision Facility,W04,670,102.06,7.6,73450.27,102.24,W01,W04,8,SUB_MOQ_VIOLATION
MAT_028,Variable Displacement Piston Pump Core,SUP_009,EuroHydraulics SpA,PLANT_05,Chennai Industrial Complex,W04,211,102.06,5.1,22662.2,102.24,W01,W04,7,SUB_MOQ_VIOLATION
MAT_029,Reinforced High-Pressure Flex Hose Assembly,SUP_001,Apex Precision Metals GmbH,PLANT_01,Detroit Advanced Assembly Hub,W04,457,371.44,3.4,171283.14,391.29,W01,W04,5,COMPLIANT
MAT_029,Reinforced High-Pressure Flex Hose Assembly,SUP_001,Apex Precision Metals GmbH,PLANT_02,Munich Engineering Works,W04,775,371.44,0.45,288382.1,391.29,W01,W04,4,COMPLIANT
MAT_029,Reinforced High-Pressure Flex Hose Assembly,SUP_001,Apex Precision Metals GmbH,PLANT_03,Monterrey Global Production Hub,W04,1107,371.44,4.8,416478.87,391.29,W01,W04,6,COMPLIANT
MAT_029,Reinforced High-Pressure Flex Hose Assembly,SUP_001,Apex Precision Metals GmbH,PLANT_04,Tokyo Precision Facility,W04,576,371.44,7.6,218289.14,391.29,W01,W04,7,COMPLIANT
MAT_029,Reinforced High-Pressure Flex Hose Assembly,SUP_001,Apex Precision Metals GmbH,PLANT_05,Chennai Industrial Complex,W04,1496,371.44,5.1,563172.05,391.29,W01,W04,6,COMPLIANT
MAT_029,Reinforced High-Pressure Flex Hose Assembly,SUP_009,EuroHydraulics SpA,PLANT_01,Detroit Advanced Assembly Hub,W04,246,386.32,3.4,95890.61,391.29,W01,W04,8,SUB_MOQ_VIOLATION
MAT_029,Reinforced High-Pressure Flex Hose Assembly,SUP_009,EuroHydraulics SpA,PLANT_02,Munich Engineering Works,W04,418,386.32,0.45,161495.81,391.29,W01,W04,7,SUB_MOQ_VIOLATION
MAT_029,Reinforced High-Pressure Flex Hose Assembly,SUP_009,EuroHydraulics SpA,PLANT_03,Monterrey Global Production Hub,W04,596,386.32,4.8,233127.08,391.29,W01,W04,9,SUB_MOQ_VIOLATION
MAT_029,Reinforced High-Pressure Flex Hose Assembly,SUP_009,EuroHydraulics SpA,PLANT_04,Tokyo Precision Facility,W04,310,386.32,7.6,122154.59,391.29,W01,W04,10,SUB_MOQ_VIOLATION
MAT_029,Reinforced High-Pressure Flex Hose Assembly,SUP_009,EuroHydraulics SpA,PLANT_05,Chennai Industrial Complex,W04,805,386.32,5.1,315230.1,391.29,W01,W04,9,SUB_MOQ_VIOLATION
MAT_030,Servo-Controlled Hydraulic Actuator,SUP_001,Apex Precision Metals GmbH,PLANT_01,Detroit Advanced Assembly Hub,W04,575,276.63,3.4,160955.64,297.43,W01,W04,7,SUB_MOQ_VIOLATION
MAT_030,Servo-Controlled Hydraulic Actuator,SUP_001,Apex Precision Metals GmbH,PLANT_02,Munich Engineering Works,W04,944,276.63,0.45,261630.02,297.43,W01,W04,6,SUB_MOQ_VIOLATION
MAT_030,Servo-Controlled Hydraulic Actuator,SUP_001,Apex Precision Metals GmbH,PLANT_03,Monterrey Global Production Hub,W04,599,276.63,4.8,168615.97,297.43,W01,W04,8,SUB_MOQ_VIOLATION
MAT_030,Servo-Controlled Hydraulic Actuator,SUP_001,Apex Precision Metals GmbH,PLANT_04,Tokyo Precision Facility,W04,710,276.63,7.6,201945.42,297.43,W01,W04,9,SUB_MOQ_VIOLATION
MAT_030,Servo-Controlled Hydraulic Actuator,SUP_001,Apex Precision Metals GmbH,PLANT_05,Chennai Industrial Complex,W04,1408,276.63,5.1,396743.46,297.43,W01,W04,8,COMPLIANT
MAT_030,Servo-Controlled Hydraulic Actuator,SUP_009,EuroHydraulics SpA,PLANT_01,Detroit Advanced Assembly Hub,W04,416,294.96,3.4,124183.4,297.43,W01,W04,7,SUB_MOQ_VIOLATION
MAT_030,Servo-Controlled Hydraulic Actuator,SUP_009,EuroHydraulics SpA,PLANT_02,Munich Engineering Works,W04,684,294.96,0.45,201989.54,297.43,W01,W04,6,SUB_MOQ_VIOLATION
MAT_030,Servo-Controlled Hydraulic Actuator,SUP_009,EuroHydraulics SpA,PLANT_03,Monterrey Global Production Hub,W04,434,294.96,4.8,130053.87,297.43,W01,W04,8,SUB_MOQ_VIOLATION
MAT_030,Servo-Controlled Hydraulic Actuator,SUP_009,EuroHydraulics SpA,PLANT_04,Tokyo Precision Facility,W04,514,294.96,7.6,155667.12,297.43,W01,W04,9,SUB_MOQ_VIOLATION
MAT_030,Servo-Controlled Hydraulic Actuator,SUP_009,EuroHydraulics SpA,PLANT_05,Chennai Industrial Complex,W04,1020,294.96,5.1,305989.19,297.43,W01,W04,8,COMPLIANT
MAT_031,Grade 12.9 Structural Flange Hex Bolt,SUP_002,Vanguard Industrial Dynamics,PLANT_01,Detroit Advanced Assembly Hub,W04,1034,14.13,0.5,15124.49,15.16,W01,W04,4,SUB_MOQ_VIOLATION
MAT_031,Grade 12.9 Structural Flange Hex Bolt,SUP_002,Vanguard Industrial Dynamics,PLANT_02,Munich Engineering Works,W04,650,14.13,3.5,11466.55,15.16,W01,W04,6,SUB_MOQ_VIOLATION
MAT_031,Grade 12.9 Structural Flange Hex Bolt,SUP_002,Vanguard Industrial Dynamics,PLANT_03,Monterrey Global Production Hub,W04,1172,14.13,1.6,18432.41,15.16,W01,W04,4,SUB_MOQ_VIOLATION
MAT_031,Grade 12.9 Structural Flange Hex Bolt,SUP_002,Vanguard Industrial Dynamics,PLANT_04,Tokyo Precision Facility,W04,407,14.13,6.2,8275.12,15.16,W01,W04,7,SUB_MOQ_VIOLATION
MAT_031,Grade 12.9 Structural Flange Hex Bolt,SUP_002,Vanguard Industrial Dynamics,PLANT_05,Chennai Industrial Complex,W04,459,14.13,6.4,9414.24,15.16,W01,W04,7,SUB_MOQ_VIOLATION
MAT_031,Grade 12.9 Structural Flange Hex Bolt,SUP_007,Bharat Precision Engineering,PLANT_04,Tokyo Precision Facility,W04,865,14.72,3.65,15889.32,15.16,W01,W04,5,SUB_MOQ_VIOLATION
MAT_031,Grade 12.9 Structural Flange Hex Bolt,SUP_007,Bharat Precision Engineering,PLANT_05,Chennai Industrial Complex,W04,974,14.72,0.45,14782.25,15.16,W01,W04,3,SUB_MOQ_VIOLATION
MAT_031,Grade 12.9 Structural Flange Hex Bolt,SUP_010,Detroit Fastener Alliance,PLANT_01,Detroit Advanced Assembly Hub,W04,689,15.41,0.5,10965.17,15.16,W01,W04,4,COMPLIANT
MAT_031,Grade 12.9 Structural Flange Hex Bolt,SUP_010,Detroit Fastener Alliance,PLANT_02,Munich Engineering Works,W04,434,15.41,3.5,8199.38,15.16,W01,W04,6,COMPLIANT
MAT_031,Grade 12.9 Structural Flange Hex Bolt,SUP_010,Detroit Fastener Alliance,PLANT_03,Monterrey Global Production Hub,W04,781,15.41,1.6,13288.21,15.16,W01,W04,4,COMPLIANT
MAT_032,Aerospace Grade Titanium Locknut,SUP_002,Vanguard Industrial Dynamics,PLANT_01,Detroit Advanced Assembly Hub,W04,497,13.27,0.5,6843.69,13.82,W01,W04,6,SUB_MOQ_VIOLATION
MAT_032,Aerospace Grade Titanium Locknut,SUP_002,Vanguard Industrial Dynamics,PLANT_02,Munich Engineering Works,W04,793,13.27,3.5,13300.29,13.82,W01,W04,8,COMPLIANT
MAT_032,Aerospace Grade Titanium Locknut,SUP_002,Vanguard Industrial Dynamics,PLANT_03,Monterrey Global Production Hub,W04,583,13.27,1.6,8670.7,13.82,W01,W04,6,SUB_MOQ_VIOLATION
MAT_032,Aerospace Grade Titanium Locknut,SUP_002,Vanguard Industrial Dynamics,PLANT_04,Tokyo Precision Facility,W04,349,13.27,6.2,6790.16,13.82,W01,W04,9,SUB_MOQ_VIOLATION
MAT_032,Aerospace Grade Titanium Locknut,SUP_002,Vanguard Industrial Dynamics,PLANT_05,Chennai Industrial Complex,W04,645,13.27,6.4,12683.22,13.82,W01,W04,9,SUB_MOQ_VIOLATION
MAT_032,Aerospace Grade Titanium Locknut,SUP_007,Bharat Precision Engineering,PLANT_04,Tokyo Precision Facility,W04,776,13.61,3.65,13398.07,13.82,W01,W04,6,SUB_MOQ_VIOLATION
MAT_032,Aerospace Grade Titanium Locknut,SUP_007,Bharat Precision Engineering,PLANT_05,Chennai Industrial Complex,W04,1435,13.61,0.45,20178.91,13.82,W01,W04,4,COMPLIANT
MAT_032,Aerospace Grade Titanium Locknut,SUP_010,Detroit Fastener Alliance,PLANT_01,Detroit Advanced Assembly Hub,W04,213,14.38,0.5,3169.44,13.82,W01,W04,3,SUB_MOQ_VIOLATION
MAT_032,Aerospace Grade Titanium Locknut,SUP_010,Detroit Fastener Alliance,PLANT_02,Munich Engineering Works,W04,340,14.38,3.5,6077.41,13.82,W01,W04,5,SUB_MOQ_VIOLATION
MAT_032,Aerospace Grade Titanium Locknut,SUP_010,Detroit Fastener Alliance,PLANT_03,Monterrey Global Production Hub,W04,250,14.38,1.6,3993.4,13.82,W01,W04,3,SUB_MOQ_VIOLATION
MAT_033,Stainless Steel A4-80 Socket Cap Screw,SUP_002,Vanguard Industrial Dynamics,PLANT_01,Detroit Advanced Assembly Hub,W04,892,10.01,0.5,9375.76,10.48,W01,W04,5,SUB_MOQ_VIOLATION
MAT_033,Stainless Steel A4-80 Socket Cap Screw,SUP_002,Vanguard Industrial Dynamics,PLANT_02,Munich Engineering Works,W04,713,10.01,3.5,9636.82,10.48,W01,W04,7,SUB_MOQ_VIOLATION
MAT_033,Stainless Steel A4-80 Socket Cap Screw,SUP_002,Vanguard Industrial Dynamics,PLANT_03,Monterrey Global Production Hub,W04,760,10.01,1.6,8822.67,10.48,W01,W04,5,SUB_MOQ_VIOLATION
MAT_033,Stainless Steel A4-80 Socket Cap Screw,SUP_002,Vanguard Industrial Dynamics,PLANT_04,Tokyo Precision Facility,W04,681,10.01,6.2,11038.36,10.48,W01,W04,8,SUB_MOQ_VIOLATION
MAT_033,Stainless Steel A4-80 Socket Cap Screw,SUP_002,Vanguard Industrial Dynamics,PLANT_05,Chennai Industrial Complex,W04,458,10.01,6.4,7507.9,10.48,W01,W04,8,SUB_MOQ_VIOLATION
MAT_033,Stainless Steel A4-80 Socket Cap Screw,SUP_007,Bharat Precision Engineering,PLANT_04,Tokyo Precision Facility,W04,1111,10.35,3.65,15554.56,10.48,W01,W04,9,SUB_MOQ_VIOLATION
MAT_033,Stainless Steel A4-80 Socket Cap Screw,SUP_007,Bharat Precision Engineering,PLANT_05,Chennai Industrial Complex,W04,746,10.35,0.45,8061.98,10.48,W01,W04,7,SUB_MOQ_VIOLATION
MAT_033,Stainless Steel A4-80 Socket Cap Screw,SUP_010,Detroit Fastener Alliance,PLANT_01,Detroit Advanced Assembly Hub,W04,620,10.68,0.5,6930.71,10.48,W01,W04,6,SUB_MOQ_VIOLATION
MAT_033,Stainless Steel A4-80 Socket Cap Screw,SUP_010,Detroit Fastener Alliance,PLANT_02,Munich Engineering Works,W04,496,10.68,3.5,7028.88,10.48,W01,W04,8,SUB_MOQ_VIOLATION
MAT_033,Stainless Steel A4-80 Socket Cap Screw,SUP_010,Detroit Fastener Alliance,PLANT_03,Monterrey Global Production Hub,W04,528,10.68,1.6,6484.82,10.48,W01,W04,6,SUB_MOQ_VIOLATION
MAT_034,Hardened Belleville Spring Washers,SUP_002,Vanguard Industrial Dynamics,PLANT_01,Detroit Advanced Assembly Hub,W04,823,17.36,0.5,14702.35,18.03,W01,W04,5,SUB_MOQ_VIOLATION
MAT_034,Hardened Belleville Spring Washers,SUP_002,Vanguard Industrial Dynamics,PLANT_02,Munich Engineering Works,W04,998,17.36,3.5,20807.85,18.03,W01,W04,7,SUB_MOQ_VIOLATION
MAT_034,Hardened Belleville Spring Washers,SUP_002,Vanguard Industrial Dynamics,PLANT_03,Monterrey Global Production Hub,W04,867,17.36,1.6,16430.74,18.03,W01,W04,5,SUB_MOQ_VIOLATION
MAT_034,Hardened Belleville Spring Washers,SUP_002,Vanguard Industrial Dynamics,PLANT_04,Tokyo Precision Facility,W04,878,17.36,6.2,20673.9,18.03,W01,W04,8,SUB_MOQ_VIOLATION
MAT_034,Hardened Belleville Spring Washers,SUP_002,Vanguard Industrial Dynamics,PLANT_05,Chennai Industrial Complex,W04,624,17.36,6.4,14835.51,18.03,W01,W04,8,SUB_MOQ_VIOLATION
MAT_034,Hardened Belleville Spring Washers,SUP_007,Bharat Precision Engineering,PLANT_04,Tokyo Precision Facility,W04,1372,17.75,3.65,29371.5,18.03,W01,W04,6,COMPLIANT
MAT_034,Hardened Belleville Spring Washers,SUP_007,Bharat Precision Engineering,PLANT_05,Chennai Industrial Complex,W04,977,17.75,0.45,17774.3,18.03,W01,W04,4,SUB_MOQ_VIOLATION
MAT_034,Hardened Belleville Spring Washers,SUP_010,Detroit Fastener Alliance,PLANT_01,Detroit Advanced Assembly Hub,W04,353,18.55,0.5,6720.84,18.03,W01,W04,6,SUB_MOQ_VIOLATION
MAT_034,Hardened Belleville Spring Washers,SUP_010,Detroit Fastener Alliance,PLANT_02,Munich Engineering Works,W04,428,18.55,3.5,9426.38,18.03,W01,W04,8,SUB_MOQ_VIOLATION
MAT_034,Hardened Belleville Spring Washers,SUP_010,Detroit Fastener Alliance,PLANT_03,Monterrey Global Production Hub,W04,371,18.55,1.6,7483.71,18.03,W01,W04,6,SUB_MOQ_VIOLATION
MAT_035,Structural Monobolt Blind Rivet Pack,SUP_002,Vanguard Industrial Dynamics,PLANT_01,Detroit Advanced Assembly Hub,W04,1283,7.59,0.5,10380.04,7.75,W01,W04,6,COMPLIANT
MAT_035,Structural Monobolt Blind Rivet Pack,SUP_002,Vanguard Industrial Dynamics,PLANT_02,Munich Engineering Works,W04,1450,7.59,3.5,16075.07,7.75,W01,W04,8,COMPLIANT
MAT_035,Structural Monobolt Blind Rivet Pack,SUP_002,Vanguard Industrial Dynamics,PLANT_03,Monterrey Global Production Hub,W04,491,7.59,1.6,4515.41,7.75,W01,W04,6,SUB_MOQ_VIOLATION
MAT_035,Structural Monobolt Blind Rivet Pack,SUP_002,Vanguard Industrial Dynamics,PLANT_04,Tokyo Precision Facility,W04,968,7.59,6.2,13346.79,7.75,W01,W04,9,COMPLIANT
MAT_035,Structural Monobolt Blind Rivet Pack,SUP_002,Vanguard Industrial Dynamics,PLANT_05,Chennai Industrial Complex,W04,793,7.59,6.4,11089.59,7.75,W01,W04,9,COMPLIANT
MAT_035,Structural Monobolt Blind Rivet Pack,SUP_007,Bharat Precision Engineering,PLANT_04,Tokyo Precision Facility,W04,1579,7.97,3.65,18349.61,7.75,W01,W04,5,COMPLIANT
MAT_035,Structural Monobolt Blind Rivet Pack,SUP_007,Bharat Precision Engineering,PLANT_05,Chennai Industrial Complex,W04,1293,7.97,0.45,10889.75,7.75,W01,W04,3,COMPLIANT
MAT_035,Structural Monobolt Blind Rivet Pack,SUP_010,Detroit Fastener Alliance,PLANT_01,Detroit Advanced Assembly Hub,W04,968,8.07,0.5,8295.16,7.75,W01,W04,3,SUB_MOQ_VIOLATION
MAT_035,Structural Monobolt Blind Rivet Pack,SUP_010,Detroit Fastener Alliance,PLANT_02,Munich Engineering Works,W04,1093,8.07,3.5,12651.68,7.75,W01,W04,5,COMPLIANT
MAT_035,Structural Monobolt Blind Rivet Pack,SUP_010,Detroit Fastener Alliance,PLANT_03,Monterrey Global Production Hub,W04,371,8.07,1.6,3584.28,7.75,W01,W04,3,SUB_MOQ_VIOLATION
MAT_036,Toray Carbon Fiber Prepreg 3K Twill,SUP_003,Nippon Advanced Metallurgy,PLANT_01,Detroit Advanced Assembly Hub,W04,1361,132.92,5.1,187817.62,137.13,W01,W04,5,COMPLIANT
MAT_036,Toray Carbon Fiber Prepreg 3K Twill,SUP_003,Nippon Advanced Metallurgy,PLANT_02,Munich Engineering Works,W04,534,132.92,6.5,74464.22,137.13,W01,W04,6,COMPLIANT
MAT_036,Toray Carbon Fiber Prepreg 3K Twill,SUP_003,Nippon Advanced Metallurgy,PLANT_03,Monterrey Global Production Hub,W04,800,132.92,5.3,110589.82,137.13,W01,W04,6,COMPLIANT
MAT_036,Toray Carbon Fiber Prepreg 3K Twill,SUP_003,Nippon Advanced Metallurgy,PLANT_04,Tokyo Precision Facility,W04,1360,132.92,0.45,181396.54,137.13,W01,W04,3,COMPLIANT
MAT_036,Toray Carbon Fiber Prepreg 3K Twill,SUP_003,Nippon Advanced Metallurgy,PLANT_05,Chennai Industrial Complex,W04,673,132.92,3.6,91837.0,137.13,W01,W04,5,COMPLIANT
MAT_036,Toray Carbon Fiber Prepreg 3K Twill,SUP_006,Saigon Composite Solutions,PLANT_01,Detroit Advanced Assembly Hub,W04,583,135.8,6.5,82989.36,137.13,W01,W04,6,SUB_MOQ_VIOLATION
MAT_036,Toray Carbon Fiber Prepreg 3K Twill,SUP_006,Saigon Composite Solutions,PLANT_02,Munich Engineering Works,W04,229,135.8,7.7,32847.15,137.13,W01,W04,6,SUB_MOQ_VIOLATION
MAT_036,Toray Carbon Fiber Prepreg 3K Twill,SUP_006,Saigon Composite Solutions,PLANT_03,Monterrey Global Production Hub,W04,343,135.8,6.6,48828.96,137.13,W01,W04,6,SUB_MOQ_VIOLATION
MAT_036,Toray Carbon Fiber Prepreg 3K Twill,SUP_006,Saigon Composite Solutions,PLANT_04,Tokyo Precision Facility,W04,583,135.8,1.85,80236.18,137.13,W01,W04,4,SUB_MOQ_VIOLATION
MAT_036,Toray Carbon Fiber Prepreg 3K Twill,SUP_006,Saigon Composite Solutions,PLANT_05,Chennai Industrial Complex,W04,288,135.8,2.1,39756.57,137.13,W01,W04,4,SUB_MOQ_VIOLATION
MAT_037,Structural S-Glass Woven Roving Mat,SUP_003,Nippon Advanced Metallurgy,PLANT_01,Detroit Advanced Assembly Hub,W04,1402,180.77,5.1,260669.66,188.44,W01,W04,5,COMPLIANT
MAT_037,Structural S-Glass Woven Roving Mat,SUP_003,Nippon Advanced Metallurgy,PLANT_02,Munich Engineering Works,W04,604,180.77,6.5,113030.55,188.44,W01,W04,6,SUB_MOQ_VIOLATION
MAT_037,Structural S-Glass Woven Roving Mat,SUP_003,Nippon Advanced Metallurgy,PLANT_03,Monterrey Global Production Hub,W04,889,180.77,5.3,165330.64,188.44,W01,W04,6,SUB_MOQ_VIOLATION
MAT_037,Structural S-Glass Woven Roving Mat,SUP_003,Nippon Advanced Metallurgy,PLANT_04,Tokyo Precision Facility,W04,531,180.77,0.45,96227.82,188.44,W01,W04,3,SUB_MOQ_VIOLATION
MAT_037,Structural S-Glass Woven Roving Mat,SUP_003,Nippon Advanced Metallurgy,PLANT_05,Chennai Industrial Complex,W04,1323,180.77,3.6,243880.95,188.44,W01,W04,5,COMPLIANT
MAT_037,Structural S-Glass Woven Roving Mat,SUP_006,Saigon Composite Solutions,PLANT_05,Chennai Industrial Complex,W04,919,190.52,2.1,177060.16,188.44,W01,W04,5,COMPLIANT
MAT_037,Structural S-Glass Woven Roving Mat,SUP_008,Taiwan Micro-Silicon Ltd,PLANT_01,Detroit Advanced Assembly Hub,W04,975,191.44,5.2,191639.44,188.44,W01,W04,9,COMPLIANT
MAT_037,Structural S-Glass Woven Roving Mat,SUP_008,Taiwan Micro-Silicon Ltd,PLANT_02,Munich Engineering Works,W04,419,191.44,6.5,83021.97,188.44,W01,W04,9,COMPLIANT
MAT_037,Structural S-Glass Woven Roving Mat,SUP_008,Taiwan Micro-Silicon Ltd,PLANT_03,Monterrey Global Production Hub,W04,617,191.44,5.4,121540.83,188.44,W01,W04,9,COMPLIANT
MAT_037,Structural S-Glass Woven Roving Mat,SUP_008,Taiwan Micro-Silicon Ltd,PLANT_04,Tokyo Precision Facility,W04,369,191.44,0.9,70973.46,188.44,W01,W04,6,COMPLIANT
MAT_038,Nomex Honeycomb Structural Core 1/8,SUP_003,Nippon Advanced Metallurgy,PLANT_01,Detroit Advanced Assembly Hub,W04,992,139.23,5.1,143243.2,149.43,W01,W04,5,COMPLIANT
MAT_038,Nomex Honeycomb Structural Core 1/8,SUP_003,Nippon Advanced Metallurgy,PLANT_02,Munich Engineering Works,W04,1255,139.23,6.5,182946.53,149.43,W01,W04,6,COMPLIANT
MAT_038,Nomex Honeycomb Structural Core 1/8,SUP_003,Nippon Advanced Metallurgy,PLANT_03,Monterrey Global Production Hub,W04,1056,139.23,5.3,152610.67,149.43,W01,W04,6,COMPLIANT
MAT_038,Nomex Honeycomb Structural Core 1/8,SUP_003,Nippon Advanced Metallurgy,PLANT_04,Tokyo Precision Facility,W04,874,139.23,0.45,122013.27,149.43,W01,W04,3,COMPLIANT
MAT_038,Nomex Honeycomb Structural Core 1/8,SUP_003,Nippon Advanced Metallurgy,PLANT_05,Chennai Industrial Complex,W04,751,139.23,3.6,107252.48,149.43,W01,W04,5,COMPLIANT
MAT_038,Nomex Honeycomb Structural Core 1/8,SUP_006,Saigon Composite Solutions,PLANT_02,Munich Engineering Works,W04,803,146.25,7.7,123563.35,149.43,W01,W04,9,SUB_MOQ_VIOLATION
MAT_038,Nomex Honeycomb Structural Core 1/8,SUP_006,Saigon Composite Solutions,PLANT_03,Monterrey Global Production Hub,W04,569,146.25,6.6,86897.5,149.43,W01,W04,9,SUB_MOQ_VIOLATION
MAT_038,Nomex Honeycomb Structural Core 1/8,SUP_006,Saigon Composite Solutions,PLANT_04,Tokyo Precision Facility,W04,558,146.25,1.85,82710.89,149.43,W01,W04,7,SUB_MOQ_VIOLATION
MAT_038,Nomex Honeycomb Structural Core 1/8,SUP_006,Saigon Composite Solutions,PLANT_05,Chennai Industrial Complex,W04,480,146.25,2.1,71221.35,149.43,W01,W04,7,SUB_MOQ_VIOLATION
MAT_038,Nomex Honeycomb Structural Core 1/8,SUP_008,Taiwan Micro-Silicon Ltd,PLANT_01,Detroit Advanced Assembly Hub,W04,635,152.45,5.2,100033.65,149.43,W01,W04,10,COMPLIANT
MAT_038,Nomex Honeycomb Structural Core 1/8,SUP_008,Taiwan Micro-Silicon Ltd,PLANT_03,Monterrey Global Production Hub,W04,107,152.45,5.4,16822.88,149.43,W01,W04,10,SUB_MOQ_VIOLATION
MAT_039,Basalt Fiber High-Temp Insulation Roll,SUP_003,Nippon Advanced Metallurgy,PLANT_01,Detroit Advanced Assembly Hub,W04,1261,183.62,5.1,237975.92,194.42,W01,W04,6,COMPLIANT
MAT_039,Basalt Fiber High-Temp Insulation Roll,SUP_003,Nippon Advanced Metallurgy,PLANT_02,Munich Engineering Works,W04,1173,183.62,6.5,222934.71,194.42,W01,W04,7,SUB_MOQ_VIOLATION
MAT_039,Basalt Fiber High-Temp Insulation Roll,SUP_003,Nippon Advanced Metallurgy,PLANT_03,Monterrey Global Production Hub,W04,1292,183.62,5.3,243999.63,194.42,W01,W04,7,COMPLIANT
MAT_039,Basalt Fiber High-Temp Insulation Roll,SUP_003,Nippon Advanced Metallurgy,PLANT_04,Tokyo Precision Facility,W04,686,183.62,0.45,126226.0,194.42,W01,W04,4,SUB_MOQ_VIOLATION
MAT_039,Basalt Fiber High-Temp Insulation Roll,SUP_003,Nippon Advanced Metallurgy,PLANT_05,Chennai Industrial Complex,W04,1583,183.62,3.6,296322.46,194.42,W01,W04,6,COMPLIANT
MAT_039,Basalt Fiber High-Temp Insulation Roll,SUP_006,Saigon Composite Solutions,PLANT_02,Munich Engineering Works,W04,310,193.95,7.7,62592.16,194.42,W01,W04,9,COMPLIANT
MAT_039,Basalt Fiber High-Temp Insulation Roll,SUP_006,Saigon Composite Solutions,PLANT_03,Monterrey Global Production Hub,W04,695,193.95,6.6,139472.5,194.42,W01,W04,9,COMPLIANT
MAT_039,Basalt Fiber High-Temp Insulation Roll,SUP_006,Saigon Composite Solutions,PLANT_04,Tokyo Precision Facility,W04,369,193.95,1.85,72299.15,194.42,W01,W04,7,COMPLIANT
MAT_039,Basalt Fiber High-Temp Insulation Roll,SUP_006,Saigon Composite Solutions,PLANT_05,Chennai Industrial Complex,W04,852,193.95,2.1,167083.61,194.42,W01,W04,7,COMPLIANT
MAT_039,Basalt Fiber High-Temp Insulation Roll,SUP_008,Taiwan Micro-Silicon Ltd,PLANT_01,Detroit Advanced Assembly Hub,W04,679,198.21,5.2,138115.39,194.42,W01,W04,8,SUB_MOQ_VIOLATION
MAT_039,Basalt Fiber High-Temp Insulation Roll,SUP_008,Taiwan Micro-Silicon Ltd,PLANT_02,Munich Engineering Works,W04,321,198.21,6.5,65711.91,194.42,W01,W04,8,SUB_MOQ_VIOLATION
MAT_040,High-Modulus Epoxy Resin Infusion Matrix,SUP_003,Nippon Advanced Metallurgy,PLANT_01,Detroit Advanced Assembly Hub,W04,412,140.07,5.1,59865.2,141.81,W01,W04,8,SUB_MOQ_VIOLATION
MAT_040,High-Modulus Epoxy Resin Infusion Matrix,SUP_003,Nippon Advanced Metallurgy,PLANT_02,Munich Engineering Works,W04,612,140.07,6.5,89771.19,141.81,W01,W04,9,SUB_MOQ_VIOLATION
MAT_040,High-Modulus Epoxy Resin Infusion Matrix,SUP_003,Nippon Advanced Metallurgy,PLANT_03,Monterrey Global Production Hub,W04,666,140.07,5.3,96877.48,141.81,W01,W04,9,SUB_MOQ_VIOLATION
MAT_040,High-Modulus Epoxy Resin Infusion Matrix,SUP_003,Nippon Advanced Metallurgy,PLANT_04,Tokyo Precision Facility,W04,452,140.07,0.45,63571.25,141.81,W01,W04,6,SUB_MOQ_VIOLATION
MAT_040,High-Modulus Epoxy Resin Infusion Matrix,SUP_003,Nippon Advanced Metallurgy,PLANT_05,Chennai Industrial Complex,W04,430,140.07,3.6,61829.82,141.81,W01,W04,8,SUB_MOQ_VIOLATION
MAT_040,High-Modulus Epoxy Resin Infusion Matrix,SUP_006,Saigon Composite Solutions,PLANT_03,Monterrey Global Production Hub,W04,475,140.83,6.6,69987.97,141.81,W01,W04,6,SUB_MOQ_VIOLATION
MAT_040,High-Modulus Epoxy Resin Infusion Matrix,SUP_006,Saigon Composite Solutions,PLANT_04,Tokyo Precision Facility,W04,328,140.83,1.85,46741.97,141.81,W01,W04,4,SUB_MOQ_VIOLATION
MAT_040,High-Modulus Epoxy Resin Infusion Matrix,SUP_006,Saigon Composite Solutions,PLANT_05,Chennai Industrial Complex,W04,312,140.83,2.1,44542.71,141.81,W01,W04,4,SUB_MOQ_VIOLATION
MAT_040,High-Modulus Epoxy Resin Infusion Matrix,SUP_008,Taiwan Micro-Silicon Ltd,PLANT_01,Detroit Advanced Assembly Hub,W04,299,148.12,5.2,45784.42,141.81,W01,W04,6,SUB_MOQ_VIOLATION
MAT_040,High-Modulus Epoxy Resin Infusion Matrix,SUP_008,Taiwan Micro-Silicon Ltd,PLANT_02,Munich Engineering Works,W04,444,148.12,6.5,68577.06,141.81,W01,W04,6,SUB_MOQ_VIOLATION
MAT_040,High-Modulus Epoxy Resin Infusion Matrix,SUP_008,Taiwan Micro-Silicon Ltd,PLANT_03,Monterrey Global Production Hub,W04,8,148.12,5.4,1206.67,141.81,W01,W04,6,SUB_MOQ_VIOLATION
MAT_001,High-Tensile Structural Steel I-Beam,SUP_001,Apex Precision Metals GmbH,PLANT_02,Munich Engineering Works,W05,414,17.91,0.45,7593.51,18.41,W01,W05,5,SUB_MOQ_VIOLATION
MAT_001,High-Tensile Structural Steel I-Beam,SUP_001,Apex Precision Metals GmbH,PLANT_05,Chennai Industrial Complex,W05,362,17.91,5.1,8321.11,18.41,W01,W05,7,SUB_MOQ_VIOLATION
MAT_001,High-Tensile Structural Steel I-Beam,SUP_002,Vanguard Industrial Dynamics,PLANT_01,Detroit Advanced Assembly Hub,W05,525,18.86,0.5,10169.42,18.41,W02,W05,3,COMPLIANT
MAT_001,High-Tensile Structural Steel I-Beam,SUP_002,Vanguard Industrial Dynamics,PLANT_02,Munich Engineering Works,W05,3,18.86,3.5,76.02,18.41,W01,W05,5,SUB_MOQ_VIOLATION
MAT_001,High-Tensile Structural Steel I-Beam,SUP_002,Vanguard Industrial Dynamics,PLANT_03,Monterrey Global Production Hub,W05,531,18.86,1.6,10854.85,18.41,W02,W05,3,COMPLIANT
MAT_001,High-Tensile Structural Steel I-Beam,SUP_002,Vanguard Industrial Dynamics,PLANT_04,Tokyo Precision Facility,W05,329,18.86,6.2,8254.26,18.41,W01,W05,6,COMPLIANT
MAT_001,High-Tensile Structural Steel I-Beam,SUP_005,MexSteel & Polymer Fabrica,PLANT_01,Detroit Advanced Assembly Hub,W05,259,18.64,1.7,5262.36,18.41,W01,W05,4,SUB_MOQ_VIOLATION
MAT_001,High-Tensile Structural Steel I-Beam,SUP_005,MexSteel & Polymer Fabrica,PLANT_03,Monterrey Global Production Hub,W05,763,18.64,0.45,14574.45,18.41,W01,W05,4,COMPLIANT
MAT_001,High-Tensile Structural Steel I-Beam,SUP_007,Bharat Precision Engineering,PLANT_02,Munich Engineering Works,W05,284,20.15,5.05,7157.05,18.41,W01,W05,8,SUB_MOQ_VIOLATION
MAT_001,High-Tensile Structural Steel I-Beam,SUP_007,Bharat Precision Engineering,PLANT_04,Tokyo Precision Facility,W05,437,20.15,3.65,10391.56,18.41,W01,W05,8,SUB_MOQ_VIOLATION
MAT_001,High-Tensile Structural Steel I-Beam,SUP_007,Bharat Precision Engineering,PLANT_05,Chennai Industrial Complex,W05,479,20.15,0.45,9875.02,18.41,W01,W05,6,SUB_MOQ_VIOLATION
MAT_002,Cold-Rolled Carbon Steel Sheet 2mm,SUP_001,Apex Precision Metals GmbH,PLANT_02,Munich Engineering Works,W05,467,8.77,0.45,4302.51,8.89,W01,W05,7,SUB_MOQ_VIOLATION
MAT_002,Cold-Rolled Carbon Steel Sheet 2mm,SUP_001,Apex Precision Metals GmbH,PLANT_05,Chennai Industrial Complex,W05,723,8.77,5.1,10030.51,8.89,W01,W05,9,COMPLIANT
MAT_002,Cold-Rolled Carbon Steel Sheet 2mm,SUP_002,Vanguard Industrial Dynamics,PLANT_01,Detroit Advanced Assembly Hub,W05,1294,8.92,0.5,12185.71,8.89,W01,W05,4,COMPLIANT
MAT_002,Cold-Rolled Carbon Steel Sheet 2mm,SUP_002,Vanguard Industrial Dynamics,PLANT_02,Munich Engineering Works,W05,298,8.92,3.5,3705.51,8.89,W01,W05,6,SUB_MOQ_VIOLATION
MAT_002,Cold-Rolled Carbon Steel Sheet 2mm,SUP_002,Vanguard Industrial Dynamics,PLANT_03,Monterrey Global Production Hub,W05,690,8.92,1.6,7254.8,8.89,W01,W05,4,SUB_MOQ_VIOLATION
MAT_002,Cold-Rolled Carbon Steel Sheet 2mm,SUP_002,Vanguard Industrial Dynamics,PLANT_04,Tokyo Precision Facility,W05,758,8.92,6.2,11458.84,8.89,W01,W05,7,SUB_MOQ_VIOLATION
MAT_002,Cold-Rolled Carbon Steel Sheet 2mm,SUP_005,MexSteel & Polymer Fabrica,PLANT_01,Detroit Advanced Assembly Hub,W05,862,9.48,1.7,9641.63,8.89,W01,W05,5,COMPLIANT
MAT_002,Cold-Rolled Carbon Steel Sheet 2mm,SUP_005,MexSteel & Polymer Fabrica,PLANT_03,Monterrey Global Production Hub,W05,992,9.48,0.45,9854.33,8.89,W01,W05,5,COMPLIANT
MAT_002,Cold-Rolled Carbon Steel Sheet 2mm,SUP_007,Bharat Precision Engineering,PLANT_04,Tokyo Precision Facility,W05,1471,9.39,3.65,19183.67,8.89,W01,W05,8,COMPLIANT
MAT_002,Cold-Rolled Carbon Steel Sheet 2mm,SUP_007,Bharat Precision Engineering,PLANT_05,Chennai Industrial Complex,W05,1404,9.39,0.45,13813.59,8.89,W01,W05,6,COMPLIANT
MAT_003,Austenitic Stainless Steel 316L Plate,SUP_001,Apex Precision Metals GmbH,PLANT_02,Munich Engineering Works,W05,707,12.58,0.45,9210.26,12.76,W01,W05,4,COMPLIANT
MAT_003,Austenitic Stainless Steel 316L Plate,SUP_001,Apex Precision Metals GmbH,PLANT_05,Chennai Industrial Complex,W05,373,12.58,5.1,6592.87,12.76,W01,W05,6,SUB_MOQ_VIOLATION
MAT_003,Austenitic Stainless Steel 316L Plate,SUP_002,Vanguard Industrial Dynamics,PLANT_01,Detroit Advanced Assembly Hub,W05,1097,13.05,0.5,14869.77,12.76,W01,W05,4,COMPLIANT
MAT_003,Austenitic Stainless Steel 316L Plate,SUP_002,Vanguard Industrial Dynamics,PLANT_02,Munich Engineering Works,W05,348,13.05,3.5,5761.88,12.76,W01,W05,6,COMPLIANT
MAT_003,Austenitic Stainless Steel 316L Plate,SUP_002,Vanguard Industrial Dynamics,PLANT_03,Monterrey Global Production Hub,W05,260,13.05,1.6,3805.48,12.76,W01,W05,4,COMPLIANT
MAT_003,Austenitic Stainless Steel 316L Plate,SUP_002,Vanguard Industrial Dynamics,PLANT_04,Tokyo Precision Facility,W05,395,13.05,6.2,7597.59,12.76,W01,W05,7,COMPLIANT
MAT_003,Austenitic Stainless Steel 316L Plate,SUP_005,MexSteel & Polymer Fabrica,PLANT_01,Detroit Advanced Assembly Hub,W05,732,13.6,1.7,11193.48,12.76,W01,W05,5,COMPLIANT
MAT_003,Austenitic Stainless Steel 316L Plate,SUP_005,MexSteel & Polymer Fabrica,PLANT_03,Monterrey Global Production Hub,W05,504,13.6,0.45,7084.57,12.76,W01,W05,5,COMPLIANT
MAT_003,Austenitic Stainless Steel 316L Plate,SUP_007,Bharat Precision Engineering,PLANT_04,Tokyo Precision Facility,W05,801,13.69,3.65,13894.89,12.76,W01,W05,8,COMPLIANT
MAT_003,Austenitic Stainless Steel 316L Plate,SUP_007,Bharat Precision Engineering,PLANT_05,Chennai Industrial Complex,W05,757,13.69,0.45,10705.39,12.76,W01,W05,6,COMPLIANT
MAT_004,Galvanized Structural Angle Steel,SUP_001,Apex Precision Metals GmbH,PLANT_02,Munich Engineering Works,W05,837,11.45,0.45,9962.68,11.96,W01,W05,4,COMPLIANT
MAT_004,Galvanized Structural Angle Steel,SUP_001,Apex Precision Metals GmbH,PLANT_05,Chennai Industrial Complex,W05,310,11.45,5.1,5123.88,11.96,W01,W05,6,SUB_MOQ_VIOLATION
MAT_004,Galvanized Structural Angle Steel,SUP_002,Vanguard Industrial Dynamics,PLANT_01,Detroit Advanced Assembly Hub,W05,569,11.89,0.5,7054.25,11.96,W02,W05,3,SUB_MOQ_VIOLATION
MAT_004,Galvanized Structural Angle Steel,SUP_002,Vanguard Industrial Dynamics,PLANT_02,Munich Engineering Works,W05,451,11.89,3.5,6937.81,11.96,W01,W05,5,SUB_MOQ_VIOLATION
MAT_004,Galvanized Structural Angle Steel,SUP_002,Vanguard Industrial Dynamics,PLANT_03,Monterrey Global Production Hub,W05,446,11.89,1.6,6021.94,11.96,W02,W05,3,SUB_MOQ_VIOLATION
MAT_004,Galvanized Structural Angle Steel,SUP_002,Vanguard Industrial Dynamics,PLANT_04,Tokyo Precision Facility,W05,470,11.89,6.2,8505.01,11.96,W01,W05,6,SUB_MOQ_VIOLATION
MAT_004,Galvanized Structural Angle Steel,SUP_005,MexSteel & Polymer Fabrica,PLANT_01,Detroit Advanced Assembly Hub,W05,396,12.54,1.7,5634.06,11.96,W01,W05,7,SUB_MOQ_VIOLATION
MAT_004,Galvanized Structural Angle Steel,SUP_005,MexSteel & Polymer Fabrica,PLANT_03,Monterrey Global Production Hub,W05,546,12.54,0.45,7087.34,11.96,W01,W05,7,SUB_MOQ_VIOLATION
MAT_004,Galvanized Structural Angle Steel,SUP_005,MexSteel & Polymer Fabrica,PLANT_04,Tokyo Precision Facility,W05,59,12.54,6.45,1115.66,11.96,W01,W05,10,SUB_MOQ_VIOLATION
MAT_004,Galvanized Structural Angle Steel,SUP_007,Bharat Precision Engineering,PLANT_04,Tokyo Precision Facility,W05,1234,13.19,3.65,20782.24,11.96,W01,W05,6,COMPLIANT
MAT_004,Galvanized Structural Angle Steel,SUP_007,Bharat Precision Engineering,PLANT_05,Chennai Industrial Complex,W05,722,13.19,0.45,9853.54,11.96,W01,W05,4,SUB_MOQ_VIOLATION
MAT_005,Hardox 450 Wear-Resistant Steel,SUP_001,Apex Precision Metals GmbH,PLANT_01,Detroit Advanced Assembly Hub,W05,860,18.57,3.4,18902.99,19.92,W01,W05,7,SUB_MOQ_VIOLATION
MAT_005,Hardox 450 Wear-Resistant Steel,SUP_001,Apex Precision Metals GmbH,PLANT_02,Munich Engineering Works,W05,1487,18.57,0.45,28277.6,19.92,W01,W05,6,COMPLIANT
MAT_005,Hardox 450 Wear-Resistant Steel,SUP_001,Apex Precision Metals GmbH,PLANT_04,Tokyo Precision Facility,W05,602,18.57,7.6,15754.86,19.92,W01,W05,9,SUB_MOQ_VIOLATION
MAT_005,Hardox 450 Wear-Resistant Steel,SUP_001,Apex Precision Metals GmbH,PLANT_05,Chennai Industrial Complex,W05,585,18.57,5.1,13846.24,19.92,W01,W05,8,SUB_MOQ_VIOLATION
MAT_005,Hardox 450 Wear-Resistant Steel,SUP_002,Vanguard Industrial Dynamics,PLANT_01,Detroit Advanced Assembly Hub,W05,1530,19.84,0.5,31112.06,19.92,W02,W05,3,COMPLIANT
MAT_005,Hardox 450 Wear-Resistant Steel,SUP_002,Vanguard Industrial Dynamics,PLANT_02,Munich Engineering Works,W05,732,19.84,3.5,17091.18,19.92,W01,W05,5,SUB_MOQ_VIOLATION
MAT_005,Hardox 450 Wear-Resistant Steel,SUP_002,Vanguard Industrial Dynamics,PLANT_03,Monterrey Global Production Hub,W05,676,19.84,1.6,14504.16,19.92,W02,W05,3,SUB_MOQ_VIOLATION
MAT_005,Hardox 450 Wear-Resistant Steel,SUP_005,MexSteel & Polymer Fabrica,PLANT_03,Monterrey Global Production Hub,W05,1374,20.42,0.45,28664.94,19.92,W02,W05,3,COMPLIANT
MAT_005,Hardox 450 Wear-Resistant Steel,SUP_007,Bharat Precision Engineering,PLANT_04,Tokyo Precision Facility,W05,1340,21.74,3.65,34022.09,19.92,W01,W05,7,COMPLIANT
MAT_005,Hardox 450 Wear-Resistant Steel,SUP_007,Bharat Precision Engineering,PLANT_05,Chennai Industrial Complex,W05,1302,21.74,0.45,28892.05,19.92,W01,W05,5,COMPLIANT
MAT_006,Aerospace Grade 7075-T6 Billet,SUP_001,Apex Precision Metals GmbH,PLANT_01,Detroit Advanced Assembly Hub,W05,1007,36.46,3.4,40146.59,37.01,W01,W05,6,SUB_MOQ_VIOLATION
MAT_006,Aerospace Grade 7075-T6 Billet,SUP_001,Apex Precision Metals GmbH,PLANT_02,Munich Engineering Works,W05,431,36.46,0.45,15926.3,37.01,W01,W05,5,SUB_MOQ_VIOLATION
MAT_006,Aerospace Grade 7075-T6 Billet,SUP_001,Apex Precision Metals GmbH,PLANT_03,Monterrey Global Production Hub,W05,539,36.46,4.8,22224.7,37.01,W01,W05,7,SUB_MOQ_VIOLATION
MAT_006,Aerospace Grade 7075-T6 Billet,SUP_001,Apex Precision Metals GmbH,PLANT_04,Tokyo Precision Facility,W05,954,36.46,7.6,42015.62,37.01,W01,W05,8,SUB_MOQ_VIOLATION
MAT_006,Aerospace Grade 7075-T6 Billet,SUP_001,Apex Precision Metals GmbH,PLANT_05,Chennai Industrial Complex,W05,659,36.46,5.1,27379.73,37.01,W01,W05,7,SUB_MOQ_VIOLATION
MAT_006,Aerospace Grade 7075-T6 Billet,SUP_003,Nippon Advanced Metallurgy,PLANT_02,Munich Engineering Works,W05,326,37.9,6.5,14452.64,37.01,W01,W05,8,SUB_MOQ_VIOLATION
MAT_006,Aerospace Grade 7075-T6 Billet,SUP_003,Nippon Advanced Metallurgy,PLANT_04,Tokyo Precision Facility,W05,1430,37.9,0.45,54855.84,37.01,W01,W05,5,COMPLIANT
MAT_006,Aerospace Grade 7075-T6 Billet,SUP_003,Nippon Advanced Metallurgy,PLANT_05,Chennai Industrial Complex,W05,988,37.9,3.6,41010.3,37.01,W01,W05,7,SUB_MOQ_VIOLATION
MAT_006,Aerospace Grade 7075-T6 Billet,SUP_005,MexSteel & Polymer Fabrica,PLANT_01,Detroit Advanced Assembly Hub,W05,760,38.93,1.7,30871.08,37.01,W01,W05,4,SUB_MOQ_VIOLATION
MAT_006,Aerospace Grade 7075-T6 Billet,SUP_005,MexSteel & Polymer Fabrica,PLANT_03,Monterrey Global Production Hub,W05,1000,38.93,0.45,39393.78,37.01,W01,W05,4,SUB_MOQ_VIOLATION
MAT_007,Structural Aluminum 6061-T6 Extrusion,SUP_001,Apex Precision Metals GmbH,PLANT_01,Detroit Advanced Assembly Hub,W05,1441,43.44,3.4,67504.4,44.33,W01,W05,6,COMPLIANT
MAT_007,Structural Aluminum 6061-T6 Extrusion,SUP_001,Apex Precision Metals GmbH,PLANT_02,Munich Engineering Works,W05,431,43.44,0.45,18908.25,44.33,W01,W05,5,SUB_MOQ_VIOLATION
MAT_007,Structural Aluminum 6061-T6 Extrusion,SUP_001,Apex Precision Metals GmbH,PLANT_03,Monterrey Global Production Hub,W05,485,43.44,4.8,23401.22,44.33,W01,W05,7,SUB_MOQ_VIOLATION
MAT_007,Structural Aluminum 6061-T6 Extrusion,SUP_001,Apex Precision Metals GmbH,PLANT_04,Tokyo Precision Facility,W05,778,43.44,7.6,39729.54,44.33,W01,W05,8,COMPLIANT
MAT_007,Structural Aluminum 6061-T6 Extrusion,SUP_001,Apex Precision Metals GmbH,PLANT_05,Chennai Industrial Complex,W05,812,43.44,5.1,39414.48,44.33,W01,W05,7,COMPLIANT
MAT_007,Structural Aluminum 6061-T6 Extrusion,SUP_003,Nippon Advanced Metallurgy,PLANT_02,Munich Engineering Works,W05,212,44.61,6.5,10845.03,44.33,W01,W05,9,SUB_MOQ_VIOLATION
MAT_007,Structural Aluminum 6061-T6 Extrusion,SUP_003,Nippon Advanced Metallurgy,PLANT_04,Tokyo Precision Facility,W05,1446,44.61,0.45,65138.74,44.33,W01,W05,6,COMPLIANT
MAT_007,Structural Aluminum 6061-T6 Extrusion,SUP_003,Nippon Advanced Metallurgy,PLANT_05,Chennai Industrial Complex,W05,1508,44.61,3.6,72700.68,44.33,W01,W05,8,COMPLIANT
MAT_007,Structural Aluminum 6061-T6 Extrusion,SUP_005,MexSteel & Polymer Fabrica,PLANT_01,Detroit Advanced Assembly Hub,W05,710,46.13,1.7,33951.17,44.33,W02,W05,3,COMPLIANT
MAT_007,Structural Aluminum 6061-T6 Extrusion,SUP_005,MexSteel & Polymer Fabrica,PLANT_03,Monterrey Global Production Hub,W05,901,46.13,0.45,41963.92,44.33,W02,W05,3,COMPLIANT
MAT_008,Marine Grade 5083-H116 Plate,SUP_001,Apex Precision Metals GmbH,PLANT_01,Detroit Advanced Assembly Hub,W05,454,15.98,3.4,8807.43,16.96,W01,W05,4,COMPLIANT
MAT_008,Marine Grade 5083-H116 Plate,SUP_001,Apex Precision Metals GmbH,PLANT_02,Munich Engineering Works,W05,848,15.98,0.45,13935.27,16.96,W02,W05,3,COMPLIANT
MAT_008,Marine Grade 5083-H116 Plate,SUP_001,Apex Precision Metals GmbH,PLANT_04,Tokyo Precision Facility,W05,357,15.98,7.6,8412.4,16.96,W01,W05,6,COMPLIANT
MAT_008,Marine Grade 5083-H116 Plate,SUP_001,Apex Precision Metals GmbH,PLANT_05,Chennai Industrial Complex,W05,492,15.98,5.1,10381.48,16.96,W01,W05,5,COMPLIANT
MAT_008,Marine Grade 5083-H116 Plate,SUP_003,Nippon Advanced Metallurgy,PLANT_04,Tokyo Precision Facility,W05,634,17.32,0.45,11270.44,16.96,W01,W05,6,COMPLIANT
MAT_008,Marine Grade 5083-H116 Plate,SUP_003,Nippon Advanced Metallurgy,PLANT_05,Chennai Industrial Complex,W05,876,17.32,3.6,18315.88,16.96,W01,W05,8,COMPLIANT
MAT_008,Marine Grade 5083-H116 Plate,SUP_005,MexSteel & Polymer Fabrica,PLANT_01,Detroit Advanced Assembly Hub,W05,279,17.33,1.7,5300.62,16.96,W01,W05,6,SUB_MOQ_VIOLATION
MAT_008,Marine Grade 5083-H116 Plate,SUP_005,MexSteel & Polymer Fabrica,PLANT_02,Munich Engineering Works,W05,520,17.33,4.9,11556.04,16.96,W01,W05,8,SUB_MOQ_VIOLATION
MAT_008,Marine Grade 5083-H116 Plate,SUP_005,MexSteel & Polymer Fabrica,PLANT_03,Monterrey Global Production Hub,W05,483,17.33,0.45,8594.14,16.96,W01,W05,6,SUB_MOQ_VIOLATION
MAT_008,Marine Grade 5083-H116 Plate,SUP_012,Monterrey Die & Mold S.A.,PLANT_03,Monterrey Global Production Hub,W05,365,18.51,0.45,6913.57,16.96,W01,W05,6,COMPLIANT
MAT_009,Die-Cast Aluminum A380 Ingot,SUP_001,Apex Precision Metals GmbH,PLANT_01,Detroit Advanced Assembly Hub,W05,713,27.55,3.4,22060.23,28.35,W01,W05,4,SUB_MOQ_VIOLATION
MAT_009,Die-Cast Aluminum A380 Ingot,SUP_001,Apex Precision Metals GmbH,PLANT_02,Munich Engineering Works,W05,1272,27.55,0.45,35606.76,28.35,W02,W05,3,COMPLIANT
MAT_009,Die-Cast Aluminum A380 Ingot,SUP_001,Apex Precision Metals GmbH,PLANT_03,Monterrey Global Production Hub,W05,632,27.55,4.8,20445.2,28.35,W01,W05,5,SUB_MOQ_VIOLATION
MAT_009,Die-Cast Aluminum A380 Ingot,SUP_001,Apex Precision Metals GmbH,PLANT_04,Tokyo Precision Facility,W05,264,27.55,7.6,9290.15,28.35,W01,W05,6,SUB_MOQ_VIOLATION
MAT_009,Die-Cast Aluminum A380 Ingot,SUP_001,Apex Precision Metals GmbH,PLANT_05,Chennai Industrial Complex,W05,714,27.55,5.1,23302.31,28.35,W01,W05,5,SUB_MOQ_VIOLATION
MAT_009,Die-Cast Aluminum A380 Ingot,SUP_003,Nippon Advanced Metallurgy,PLANT_02,Munich Engineering Works,W05,571,27.71,6.5,19545.2,28.35,W01,W05,9,COMPLIANT
MAT_009,Die-Cast Aluminum A380 Ingot,SUP_003,Nippon Advanced Metallurgy,PLANT_04,Tokyo Precision Facility,W05,617,27.71,0.45,17366.27,28.35,W01,W05,6,COMPLIANT
MAT_009,Die-Cast Aluminum A380 Ingot,SUP_003,Nippon Advanced Metallurgy,PLANT_05,Chennai Industrial Complex,W05,1665,27.71,3.6,52140.54,28.35,W01,W05,8,COMPLIANT
MAT_009,Die-Cast Aluminum A380 Ingot,SUP_005,MexSteel & Polymer Fabrica,PLANT_01,Detroit Advanced Assembly Hub,W05,320,29.65,1.7,10039.21,28.35,W01,W05,7,SUB_MOQ_VIOLATION
MAT_009,Die-Cast Aluminum A380 Ingot,SUP_005,MexSteel & Polymer Fabrica,PLANT_03,Monterrey Global Production Hub,W05,1343,29.65,0.45,40424.3,28.35,W01,W05,7,COMPLIANT
MAT_010,Alloy 2024-T3 Precision Sheet,SUP_001,Apex Precision Metals GmbH,PLANT_01,Detroit Advanced Assembly Hub,W05,1521,14.39,3.4,27058.95,15.01,W01,W05,5,COMPLIANT
MAT_010,Alloy 2024-T3 Precision Sheet,SUP_001,Apex Precision Metals GmbH,PLANT_02,Munich Engineering Works,W05,1103,14.39,0.45,16364.22,15.01,W01,W05,4,COMPLIANT
MAT_010,Alloy 2024-T3 Precision Sheet,SUP_001,Apex Precision Metals GmbH,PLANT_04,Tokyo Precision Facility,W05,320,14.39,7.6,7034.16,15.01,W01,W05,7,SUB_MOQ_VIOLATION
MAT_010,Alloy 2024-T3 Precision Sheet,SUP_001,Apex Precision Metals GmbH,PLANT_05,Chennai Industrial Complex,W05,864,14.39,5.1,16842.48,15.01,W01,W05,6,COMPLIANT
MAT_010,Alloy 2024-T3 Precision Sheet,SUP_003,Nippon Advanced Metallurgy,PLANT_04,Tokyo Precision Facility,W05,407,15.26,0.45,6395.86,15.01,W01,W05,4,SUB_MOQ_VIOLATION
MAT_010,Alloy 2024-T3 Precision Sheet,SUP_003,Nippon Advanced Metallurgy,PLANT_05,Chennai Industrial Complex,W05,1100,15.26,3.6,20742.98,15.01,W01,W05,6,COMPLIANT
MAT_010,Alloy 2024-T3 Precision Sheet,SUP_005,MexSteel & Polymer Fabrica,PLANT_01,Detroit Advanced Assembly Hub,W05,1057,15.42,1.7,18095.5,15.01,W01,W05,5,COMPLIANT
MAT_010,Alloy 2024-T3 Precision Sheet,SUP_005,MexSteel & Polymer Fabrica,PLANT_02,Munich Engineering Works,W05,700,15.42,4.9,14222.58,15.01,W01,W05,7,SUB_MOQ_VIOLATION
MAT_010,Alloy 2024-T3 Precision Sheet,SUP_005,MexSteel & Polymer Fabrica,PLANT_03,Monterrey Global Production Hub,W05,738,15.42,0.45,11717.77,15.01,W01,W05,5,SUB_MOQ_VIOLATION
MAT_010,Alloy 2024-T3 Precision Sheet,SUP_012,Monterrey Die & Mold S.A.,PLANT_02,Munich Engineering Works,W05,66,15.89,4.9,1379.62,15.01,W01,W05,8,SUB_MOQ_VIOLATION
MAT_010,Alloy 2024-T3 Precision Sheet,SUP_012,Monterrey Die & Mold S.A.,PLANT_03,Monterrey Global Production Hub,W05,434,15.89,0.45,7085.68,15.01,W01,W05,6,SUB_MOQ_VIOLATION
MAT_011,Engineered Polyamide PA66-GF30 Resin,SUP_002,Vanguard Industrial Dynamics,PLANT_01,Detroit Advanced Assembly Hub,W05,1376,10.91,0.5,15695.03,11.68,W01,W05,5,COMPLIANT
MAT_011,Engineered Polyamide PA66-GF30 Resin,SUP_002,Vanguard Industrial Dynamics,PLANT_02,Munich Engineering Works,W05,594,10.91,3.5,8561.56,11.68,W01,W05,7,SUB_MOQ_VIOLATION
MAT_011,Engineered Polyamide PA66-GF30 Resin,SUP_002,Vanguard Industrial Dynamics,PLANT_03,Monterrey Global Production Hub,W05,856,10.91,1.6,10706.43,11.68,W01,W05,5,SUB_MOQ_VIOLATION
MAT_011,Engineered Polyamide PA66-GF30 Resin,SUP_002,Vanguard Industrial Dynamics,PLANT_05,Chennai Industrial Complex,W05,399,10.91,6.4,6911.92,11.68,W01,W05,8,SUB_MOQ_VIOLATION
MAT_011,Engineered Polyamide PA66-GF30 Resin,SUP_004,Hansol High-Tech Components,PLANT_02,Munich Engineering Works,W05,380,11.47,6.55,6845.08,11.68,W01,W05,9,SUB_MOQ_VIOLATION
MAT_011,Engineered Polyamide PA66-GF30 Resin,SUP_004,Hansol High-Tech Components,PLANT_04,Tokyo Precision Facility,W05,1459,11.47,0.85,17969.46,11.68,W01,W05,6,COMPLIANT
MAT_011,Engineered Polyamide PA66-GF30 Resin,SUP_004,Hansol High-Tech Components,PLANT_05,Chennai Industrial Complex,W05,1482,11.47,3.55,22253.63,11.68,W01,W05,8,COMPLIANT
MAT_011,Engineered Polyamide PA66-GF30 Resin,SUP_005,MexSteel & Polymer Fabrica,PLANT_01,Detroit Advanced Assembly Hub,W05,879,12.28,1.7,12294.71,11.68,W01,W05,6,SUB_MOQ_VIOLATION
MAT_011,Engineered Polyamide PA66-GF30 Resin,SUP_005,MexSteel & Polymer Fabrica,PLANT_03,Monterrey Global Production Hub,W05,547,12.28,0.45,6965.47,11.68,W01,W05,6,SUB_MOQ_VIOLATION
MAT_011,Engineered Polyamide PA66-GF30 Resin,SUP_006,Saigon Composite Solutions,PLANT_04,Tokyo Precision Facility,W05,820,12.47,1.85,11748.7,11.68,W01,W05,7,SUB_MOQ_VIOLATION
MAT_011,Engineered Polyamide PA66-GF30 Resin,SUP_006,Saigon Composite Solutions,PLANT_05,Chennai Industrial Complex,W05,434,12.47,2.1,6324.81,11.68,W01,W05,7,SUB_MOQ_VIOLATION
MAT_012,High-Density Polyethylene HDPE Copolymer,SUP_002,Vanguard Industrial Dynamics,PLANT_01,Detroit Advanced Assembly Hub,W05,799,18.72,0.5,15348.32,19.14,W01,W05,6,COMPLIANT
MAT_012,High-Density Polyethylene HDPE Copolymer,SUP_002,Vanguard Industrial Dynamics,PLANT_02,Munich Engineering Works,W05,420,18.72,3.5,9340.4,19.14,W01,W05,8,SUB_MOQ_VIOLATION
MAT_012,High-Density Polyethylene HDPE Copolymer,SUP_002,Vanguard Industrial Dynamics,PLANT_03,Monterrey Global Production Hub,W05,266,18.72,1.6,5404.71,19.14,W01,W05,6,SUB_MOQ_VIOLATION
MAT_012,High-Density Polyethylene HDPE Copolymer,SUP_002,Vanguard Industrial Dynamics,PLANT_05,Chennai Industrial Complex,W05,81,18.72,6.4,2025.01,19.14,W01,W05,9,SUB_MOQ_VIOLATION
MAT_012,High-Density Polyethylene HDPE Copolymer,SUP_004,Hansol High-Tech Components,PLANT_04,Tokyo Precision Facility,W05,448,18.6,0.85,8715.93,19.14,W01,W05,6,SUB_MOQ_VIOLATION
MAT_012,High-Density Polyethylene HDPE Copolymer,SUP_004,Hansol High-Tech Components,PLANT_05,Chennai Industrial Complex,W05,701,18.6,3.55,15528.92,19.14,W01,W05,8,SUB_MOQ_VIOLATION
MAT_012,High-Density Polyethylene HDPE Copolymer,SUP_005,MexSteel & Polymer Fabrica,PLANT_01,Detroit Advanced Assembly Hub,W05,489,20.39,1.7,10811.73,19.14,W01,W05,7,SUB_MOQ_VIOLATION
MAT_012,High-Density Polyethylene HDPE Copolymer,SUP_005,MexSteel & Polymer Fabrica,PLANT_02,Munich Engineering Works,W05,258,20.39,4.9,6515.72,19.14,W01,W05,9,SUB_MOQ_VIOLATION
MAT_012,High-Density Polyethylene HDPE Copolymer,SUP_005,MexSteel & Polymer Fabrica,PLANT_03,Monterrey Global Production Hub,W05,416,20.39,0.45,8669.86,19.14,W01,W05,7,SUB_MOQ_VIOLATION
MAT_012,High-Density Polyethylene HDPE Copolymer,SUP_005,MexSteel & Polymer Fabrica,PLANT_04,Tokyo Precision Facility,W05,37,20.39,6.45,990.4,19.14,W01,W05,10,SUB_MOQ_VIOLATION
MAT_012,High-Density Polyethylene HDPE Copolymer,SUP_006,Saigon Composite Solutions,PLANT_04,Tokyo Precision Facility,W05,174,20.75,1.85,3931.95,19.14,W01,W05,4,SUB_MOQ_VIOLATION
MAT_012,High-Density Polyethylene HDPE Copolymer,SUP_006,Saigon Composite Solutions,PLANT_05,Chennai Industrial Complex,W05,249,20.75,2.1,5696.66,19.14,W01,W05,4,SUB_MOQ_VIOLATION
MAT_013,Polycarbonate Optical-Grade Pellets,SUP_002,Vanguard Industrial Dynamics,PLANT_01,Detroit Advanced Assembly Hub,W05,360,6.41,0.5,2484.84,6.69,W01,W05,5,COMPLIANT
MAT_013,Polycarbonate Optical-Grade Pellets,SUP_002,Vanguard Industrial Dynamics,PLANT_02,Munich Engineering Works,W05,772,6.41,3.5,7650.32,6.69,W01,W05,7,COMPLIANT
MAT_013,Polycarbonate Optical-Grade Pellets,SUP_002,Vanguard Industrial Dynamics,PLANT_03,Monterrey Global Production Hub,W05,546,6.41,1.6,4376.34,6.69,W01,W05,5,COMPLIANT
MAT_013,Polycarbonate Optical-Grade Pellets,SUP_002,Vanguard Industrial Dynamics,PLANT_05,Chennai Industrial Complex,W05,272,6.41,6.4,3484.45,6.69,W01,W05,8,COMPLIANT
MAT_013,Polycarbonate Optical-Grade Pellets,SUP_004,Hansol High-Tech Components,PLANT_02,Munich Engineering Works,W05,120,6.62,6.55,1581.34,6.69,W01,W05,8,SUB_MOQ_VIOLATION
MAT_013,Polycarbonate Optical-Grade Pellets,SUP_004,Hansol High-Tech Components,PLANT_04,Tokyo Precision Facility,W05,925,6.62,0.85,6911.77,6.69,W01,W05,5,SUB_MOQ_VIOLATION
MAT_013,Polycarbonate Optical-Grade Pellets,SUP_004,Hansol High-Tech Components,PLANT_05,Chennai Industrial Complex,W05,1150,6.62,3.55,11692.65,6.69,W01,W05,7,COMPLIANT
MAT_013,Polycarbonate Optical-Grade Pellets,SUP_005,MexSteel & Polymer Fabrica,PLANT_01,Detroit Advanced Assembly Hub,W05,260,6.86,1.7,2229.02,6.69,W01,W05,6,COMPLIANT
MAT_013,Polycarbonate Optical-Grade Pellets,SUP_005,MexSteel & Polymer Fabrica,PLANT_02,Munich Engineering Works,W05,439,6.86,4.9,5162.04,6.69,W01,W05,8,COMPLIANT
MAT_013,Polycarbonate Optical-Grade Pellets,SUP_005,MexSteel & Polymer Fabrica,PLANT_03,Monterrey Global Production Hub,W05,396,6.86,0.45,2892.13,6.69,W01,W05,6,COMPLIANT
MAT_013,Polycarbonate Optical-Grade Pellets,SUP_006,Saigon Composite Solutions,PLANT_04,Tokyo Precision Facility,W05,456,7.43,1.85,4229.17,6.69,W01,W05,5,SUB_MOQ_VIOLATION
MAT_013,Polycarbonate Optical-Grade Pellets,SUP_006,Saigon Composite Solutions,PLANT_05,Chennai Industrial Complex,W05,294,7.43,2.1,2804.39,6.69,W01,W05,5,SUB_MOQ_VIOLATION
MAT_014,Polyether Ether Ketone PEEK Polymer,SUP_002,Vanguard Industrial Dynamics,PLANT_01,Detroit Advanced Assembly Hub,W05,402,10.82,0.5,4544.98,11.17,W01,W05,4,COMPLIANT
MAT_014,Polyether Ether Ketone PEEK Polymer,SUP_002,Vanguard Industrial Dynamics,PLANT_02,Munich Engineering Works,W05,1104,10.82,3.5,15815.01,11.17,W01,W05,6,COMPLIANT
MAT_014,Polyether Ether Ketone PEEK Polymer,SUP_002,Vanguard Industrial Dynamics,PLANT_03,Monterrey Global Production Hub,W05,1311,10.82,1.6,16278.27,11.17,W01,W05,4,COMPLIANT
MAT_014,Polyether Ether Ketone PEEK Polymer,SUP_002,Vanguard Industrial Dynamics,PLANT_05,Chennai Industrial Complex,W05,411,10.82,6.4,7078.68,11.17,W01,W05,7,COMPLIANT
MAT_014,Polyether Ether Ketone PEEK Polymer,SUP_004,Hansol High-Tech Components,PLANT_04,Tokyo Precision Facility,W05,938,10.94,0.85,11059.85,11.17,W01,W05,6,COMPLIANT
MAT_014,Polyether Ether Ketone PEEK Polymer,SUP_004,Hansol High-Tech Components,PLANT_05,Chennai Industrial Complex,W05,1241,10.94,3.55,17983.54,11.17,W01,W05,8,COMPLIANT
MAT_014,Polyether Ether Ketone PEEK Polymer,SUP_005,MexSteel & Polymer Fabrica,PLANT_01,Detroit Advanced Assembly Hub,W05,328,11.43,1.7,4313.2,11.17,W01,W05,5,SUB_MOQ_VIOLATION
MAT_014,Polyether Ether Ketone PEEK Polymer,SUP_005,MexSteel & Polymer Fabrica,PLANT_02,Munich Engineering Works,W05,904,11.43,4.9,14755.79,11.17,W01,W05,7,COMPLIANT
MAT_014,Polyether Ether Ketone PEEK Polymer,SUP_005,MexSteel & Polymer Fabrica,PLANT_03,Monterrey Global Production Hub,W05,1072,11.43,0.45,12739.52,11.17,W01,W05,5,COMPLIANT
MAT_014,Polyether Ether Ketone PEEK Polymer,SUP_006,Saigon Composite Solutions,PLANT_04,Tokyo Precision Facility,W05,551,12.23,1.85,7757.09,11.17,W01,W05,5,COMPLIANT
MAT_014,Polyether Ether Ketone PEEK Polymer,SUP_006,Saigon Composite Solutions,PLANT_05,Chennai Industrial Complex,W05,318,12.23,2.1,4554.46,11.17,W01,W05,5,COMPLIANT
MAT_015,Thermoplastic Polyurethane TPU Elastomer,SUP_002,Vanguard Industrial Dynamics,PLANT_01,Detroit Advanced Assembly Hub,W05,1374,21.33,0.5,29989.84,22.9,W01,W05,7,COMPLIANT
MAT_015,Thermoplastic Polyurethane TPU Elastomer,SUP_002,Vanguard Industrial Dynamics,PLANT_02,Munich Engineering Works,W05,494,21.33,3.5,12267.01,22.9,W01,W05,9,SUB_MOQ_VIOLATION
MAT_015,Thermoplastic Polyurethane TPU Elastomer,SUP_002,Vanguard Industrial Dynamics,PLANT_03,Monterrey Global Production Hub,W05,947,21.33,1.6,21707.37,22.9,W01,W05,7,COMPLIANT
MAT_015,Thermoplastic Polyurethane TPU Elastomer,SUP_002,Vanguard Industrial Dynamics,PLANT_04,Tokyo Precision Facility,W05,252,21.33,6.2,6931.78,22.9,W01,W05,10,SUB_MOQ_VIOLATION
MAT_015,Thermoplastic Polyurethane TPU Elastomer,SUP_002,Vanguard Industrial Dynamics,PLANT_05,Chennai Industrial Complex,W05,453,21.33,6.4,12555.03,22.9,W01,W05,10,SUB_MOQ_VIOLATION
MAT_015,Thermoplastic Polyurethane TPU Elastomer,SUP_004,Hansol High-Tech Components,PLANT_04,Tokyo Precision Facility,W05,511,22.76,0.85,12069.67,22.9,W02,W05,3,COMPLIANT
MAT_015,Thermoplastic Polyurethane TPU Elastomer,SUP_004,Hansol High-Tech Components,PLANT_05,Chennai Industrial Complex,W05,919,22.76,3.55,24185.2,22.9,W01,W05,5,COMPLIANT
MAT_015,Thermoplastic Polyurethane TPU Elastomer,SUP_005,MexSteel & Polymer Fabrica,PLANT_01,Detroit Advanced Assembly Hub,W05,617,23.46,1.7,15529.0,22.9,W01,W05,7,SUB_MOQ_VIOLATION
MAT_015,Thermoplastic Polyurethane TPU Elastomer,SUP_005,MexSteel & Polymer Fabrica,PLANT_02,Munich Engineering Works,W05,222,23.46,4.9,6294.79,22.9,W01,W05,9,SUB_MOQ_VIOLATION
MAT_015,Thermoplastic Polyurethane TPU Elastomer,SUP_005,MexSteel & Polymer Fabrica,PLANT_03,Monterrey Global Production Hub,W05,425,23.46,0.45,10169.4,22.9,W01,W05,7,SUB_MOQ_VIOLATION
MAT_016,Quad-Core Embedded Controller SoC,SUP_003,Nippon Advanced Metallurgy,PLANT_01,Detroit Advanced Assembly Hub,W05,1551,212.57,5.1,337617.05,227.56,W01,W05,5,COMPLIANT
MAT_016,Quad-Core Embedded Controller SoC,SUP_003,Nippon Advanced Metallurgy,PLANT_02,Munich Engineering Works,W05,1403,212.57,6.5,307350.83,227.56,W01,W05,6,COMPLIANT
MAT_016,Quad-Core Embedded Controller SoC,SUP_003,Nippon Advanced Metallurgy,PLANT_03,Monterrey Global Production Hub,W05,1533,212.57,5.3,333986.0,227.56,W01,W05,6,COMPLIANT
MAT_016,Quad-Core Embedded Controller SoC,SUP_003,Nippon Advanced Metallurgy,PLANT_04,Tokyo Precision Facility,W05,586,212.57,0.45,124740.25,227.56,W02,W05,3,SUB_MOQ_VIOLATION
MAT_016,Quad-Core Embedded Controller SoC,SUP_003,Nippon Advanced Metallurgy,PLANT_05,Chennai Industrial Complex,W05,710,212.57,3.6,153379.1,227.56,W01,W05,5,SUB_MOQ_VIOLATION
MAT_016,Quad-Core Embedded Controller SoC,SUP_004,Hansol High-Tech Components,PLANT_01,Detroit Advanced Assembly Hub,W05,764,222.17,5.15,173661.11,227.56,W01,W05,9,COMPLIANT
MAT_016,Quad-Core Embedded Controller SoC,SUP_004,Hansol High-Tech Components,PLANT_02,Munich Engineering Works,W05,691,222.17,6.55,158050.09,227.56,W01,W05,9,SUB_MOQ_VIOLATION
MAT_016,Quad-Core Embedded Controller SoC,SUP_004,Hansol High-Tech Components,PLANT_03,Monterrey Global Production Hub,W05,755,222.17,5.35,171786.7,227.56,W01,W05,9,COMPLIANT
MAT_016,Quad-Core Embedded Controller SoC,SUP_004,Hansol High-Tech Components,PLANT_04,Tokyo Precision Facility,W05,288,222.17,0.85,64323.43,227.56,W01,W05,6,SUB_MOQ_VIOLATION
MAT_016,Quad-Core Embedded Controller SoC,SUP_004,Hansol High-Tech Components,PLANT_05,Chennai Industrial Complex,W05,349,222.17,3.55,78882.37,227.56,W01,W05,8,SUB_MOQ_VIOLATION
MAT_017,Industrial Power Management Module,SUP_003,Nippon Advanced Metallurgy,PLANT_01,Detroit Advanced Assembly Hub,W05,768,113.98,5.1,91501.07,118.85,W01,W05,9,SUB_MOQ_VIOLATION
MAT_017,Industrial Power Management Module,SUP_003,Nippon Advanced Metallurgy,PLANT_02,Munich Engineering Works,W05,887,113.98,6.5,106832.03,118.85,W01,W05,10,SUB_MOQ_VIOLATION
MAT_017,Industrial Power Management Module,SUP_003,Nippon Advanced Metallurgy,PLANT_03,Monterrey Global Production Hub,W05,1032,113.98,5.3,123044.48,118.85,W01,W05,10,COMPLIANT
MAT_017,Industrial Power Management Module,SUP_003,Nippon Advanced Metallurgy,PLANT_04,Tokyo Precision Facility,W05,844,113.98,0.45,96565.19,118.85,W01,W05,7,SUB_MOQ_VIOLATION
MAT_017,Industrial Power Management Module,SUP_003,Nippon Advanced Metallurgy,PLANT_05,Chennai Industrial Complex,W05,1560,113.98,3.6,183415.39,118.85,W01,W05,9,COMPLIANT
MAT_017,Industrial Power Management Module,SUP_004,Hansol High-Tech Components,PLANT_01,Detroit Advanced Assembly Hub,W05,362,121.21,5.15,45691.78,118.85,W01,W05,8,COMPLIANT
MAT_017,Industrial Power Management Module,SUP_004,Hansol High-Tech Components,PLANT_02,Munich Engineering Works,W05,417,121.21,6.55,53311.69,118.85,W01,W05,8,COMPLIANT
MAT_017,Industrial Power Management Module,SUP_004,Hansol High-Tech Components,PLANT_03,Monterrey Global Production Hub,W05,485,121.21,5.35,61437.29,118.85,W01,W05,8,COMPLIANT
MAT_017,Industrial Power Management Module,SUP_004,Hansol High-Tech Components,PLANT_04,Tokyo Precision Facility,W05,397,121.21,0.85,48472.47,118.85,W01,W05,5,COMPLIANT
MAT_017,Industrial Power Management Module,SUP_004,Hansol High-Tech Components,PLANT_05,Chennai Industrial Complex,W05,734,121.21,3.55,91583.82,118.85,W01,W05,7,COMPLIANT
MAT_018,Multi-Layer High-Frequency PCB Array,SUP_003,Nippon Advanced Metallurgy,PLANT_01,Detroit Advanced Assembly Hub,W05,804,230.16,5.1,189050.23,242.4,W01,W05,6,SUB_MOQ_VIOLATION
MAT_018,Multi-Layer High-Frequency PCB Array,SUP_003,Nippon Advanced Metallurgy,PLANT_02,Munich Engineering Works,W05,1279,230.16,6.5,302716.54,242.4,W01,W05,7,COMPLIANT
MAT_018,Multi-Layer High-Frequency PCB Array,SUP_003,Nippon Advanced Metallurgy,PLANT_03,Monterrey Global Production Hub,W05,497,230.16,5.3,116971.82,242.4,W01,W05,7,SUB_MOQ_VIOLATION
MAT_018,Multi-Layer High-Frequency PCB Array,SUP_003,Nippon Advanced Metallurgy,PLANT_04,Tokyo Precision Facility,W05,574,230.16,0.45,132386.28,242.4,W01,W05,4,SUB_MOQ_VIOLATION
MAT_018,Multi-Layer High-Frequency PCB Array,SUP_003,Nippon Advanced Metallurgy,PLANT_05,Chennai Industrial Complex,W05,1129,230.16,3.6,263837.9,242.4,W01,W05,6,COMPLIANT
MAT_018,Multi-Layer High-Frequency PCB Array,SUP_004,Hansol High-Tech Components,PLANT_01,Detroit Advanced Assembly Hub,W05,558,239.2,5.15,136449.93,242.4,W01,W05,8,SUB_MOQ_VIOLATION
MAT_018,Multi-Layer High-Frequency PCB Array,SUP_004,Hansol High-Tech Components,PLANT_02,Munich Engineering Works,W05,889,239.2,6.55,218442.26,242.4,W01,W05,8,SUB_MOQ_VIOLATION
MAT_018,Multi-Layer High-Frequency PCB Array,SUP_004,Hansol High-Tech Components,PLANT_03,Monterrey Global Production Hub,W05,345,239.2,5.35,84423.55,242.4,W01,W05,8,SUB_MOQ_VIOLATION
MAT_018,Multi-Layer High-Frequency PCB Array,SUP_004,Hansol High-Tech Components,PLANT_04,Tokyo Precision Facility,W05,399,239.2,0.85,95763.15,242.4,W01,W05,5,SUB_MOQ_VIOLATION
MAT_018,Multi-Layer High-Frequency PCB Array,SUP_004,Hansol High-Tech Components,PLANT_05,Chennai Industrial Complex,W05,784,239.2,3.55,190396.11,242.4,W01,W05,7,SUB_MOQ_VIOLATION
MAT_019,Precision MEMS IMU Sensor Package,SUP_003,Nippon Advanced Metallurgy,PLANT_01,Detroit Advanced Assembly Hub,W05,1317,307.13,5.1,411244.38,316.16,W01,W05,8,COMPLIANT
MAT_019,Precision MEMS IMU Sensor Package,SUP_003,Nippon Advanced Metallurgy,PLANT_02,Munich Engineering Works,W05,1161,307.13,6.5,364086.79,316.16,W01,W05,9,COMPLIANT
MAT_019,Precision MEMS IMU Sensor Package,SUP_003,Nippon Advanced Metallurgy,PLANT_03,Monterrey Global Production Hub,W05,1160,307.13,5.3,362518.78,316.16,W01,W05,9,COMPLIANT
MAT_019,Precision MEMS IMU Sensor Package,SUP_003,Nippon Advanced Metallurgy,PLANT_04,Tokyo Precision Facility,W05,949,307.13,0.45,291954.94,316.16,W01,W05,6,SUB_MOQ_VIOLATION
MAT_019,Precision MEMS IMU Sensor Package,SUP_003,Nippon Advanced Metallurgy,PLANT_05,Chennai Industrial Complex,W05,592,307.13,3.6,183927.3,316.16,W01,W05,8,SUB_MOQ_VIOLATION
MAT_019,Precision MEMS IMU Sensor Package,SUP_004,Hansol High-Tech Components,PLANT_01,Detroit Advanced Assembly Hub,W05,1035,310.88,5.15,327053.13,316.16,W01,W05,8,COMPLIANT
MAT_019,Precision MEMS IMU Sensor Package,SUP_004,Hansol High-Tech Components,PLANT_02,Munich Engineering Works,W05,912,310.88,6.55,289534.25,316.16,W01,W05,8,COMPLIANT
MAT_019,Precision MEMS IMU Sensor Package,SUP_004,Hansol High-Tech Components,PLANT_03,Monterrey Global Production Hub,W05,912,310.88,5.35,288300.57,316.16,W01,W05,8,COMPLIANT
MAT_019,Precision MEMS IMU Sensor Package,SUP_004,Hansol High-Tech Components,PLANT_04,Tokyo Precision Facility,W05,746,310.88,0.85,232488.23,316.16,W01,W05,5,COMPLIANT
MAT_019,Precision MEMS IMU Sensor Package,SUP_004,Hansol High-Tech Components,PLANT_05,Chennai Industrial Complex,W05,465,310.88,3.55,146235.1,316.16,W01,W05,7,SUB_MOQ_VIOLATION
MAT_020,Fiber-Optic Gigabit Transceiver Subassembly,SUP_003,Nippon Advanced Metallurgy,PLANT_01,Detroit Advanced Assembly Hub,W05,1252,44.87,5.1,62573.43,47.18,W01,W05,7,COMPLIANT
MAT_020,Fiber-Optic Gigabit Transceiver Subassembly,SUP_003,Nippon Advanced Metallurgy,PLANT_02,Munich Engineering Works,W05,755,44.87,6.5,38792.57,47.18,W01,W05,8,SUB_MOQ_VIOLATION
MAT_020,Fiber-Optic Gigabit Transceiver Subassembly,SUP_003,Nippon Advanced Metallurgy,PLANT_03,Monterrey Global Production Hub,W05,1105,44.87,5.3,55461.93,47.18,W01,W05,8,COMPLIANT
MAT_020,Fiber-Optic Gigabit Transceiver Subassembly,SUP_003,Nippon Advanced Metallurgy,PLANT_04,Tokyo Precision Facility,W05,1041,44.87,0.45,47156.37,47.18,W01,W05,5,COMPLIANT
MAT_020,Fiber-Optic Gigabit Transceiver Subassembly,SUP_003,Nippon Advanced Metallurgy,PLANT_05,Chennai Industrial Complex,W05,1102,44.87,3.6,53413.94,47.18,W01,W05,7,COMPLIANT
MAT_020,Fiber-Optic Gigabit Transceiver Subassembly,SUP_004,Hansol High-Tech Components,PLANT_01,Detroit Advanced Assembly Hub,W05,907,47.81,5.15,48023.07,47.18,W01,W05,6,COMPLIANT
MAT_020,Fiber-Optic Gigabit Transceiver Subassembly,SUP_004,Hansol High-Tech Components,PLANT_02,Munich Engineering Works,W05,547,47.81,6.55,29726.22,47.18,W01,W05,6,SUB_MOQ_VIOLATION
MAT_020,Fiber-Optic Gigabit Transceiver Subassembly,SUP_004,Hansol High-Tech Components,PLANT_03,Monterrey Global Production Hub,W05,801,47.81,5.35,42555.64,47.18,W01,W05,6,COMPLIANT
MAT_020,Fiber-Optic Gigabit Transceiver Subassembly,SUP_004,Hansol High-Tech Components,PLANT_04,Tokyo Precision Facility,W05,753,47.81,0.85,36664.34,47.18,W02,W05,3,COMPLIANT
MAT_020,Fiber-Optic Gigabit Transceiver Subassembly,SUP_004,Hansol High-Tech Components,PLANT_05,Chennai Industrial Complex,W05,798,47.81,3.55,40985.28,47.18,W01,W05,5,COMPLIANT
MAT_021,Angular Contact Spindle Bearing 7008,SUP_003,Nippon Advanced Metallurgy,PLANT_01,Detroit Advanced Assembly Hub,W05,810,116.17,5.1,98225.06,120.34,W01,W05,9,SUB_MOQ_VIOLATION
MAT_021,Angular Contact Spindle Bearing 7008,SUP_003,Nippon Advanced Metallurgy,PLANT_02,Munich Engineering Works,W05,1113,116.17,6.5,136557.47,120.34,W01,W05,10,SUB_MOQ_VIOLATION
MAT_021,Angular Contact Spindle Bearing 7008,SUP_003,Nippon Advanced Metallurgy,PLANT_03,Monterrey Global Production Hub,W05,374,116.17,5.3,45420.06,120.34,W01,W05,10,SUB_MOQ_VIOLATION
MAT_021,Angular Contact Spindle Bearing 7008,SUP_003,Nippon Advanced Metallurgy,PLANT_04,Tokyo Precision Facility,W05,1267,116.17,0.45,147770.37,120.34,W01,W05,7,COMPLIANT
MAT_021,Angular Contact Spindle Bearing 7008,SUP_003,Nippon Advanced Metallurgy,PLANT_05,Chennai Industrial Complex,W05,545,116.17,3.6,65333.34,120.34,W01,W05,9,SUB_MOQ_VIOLATION
MAT_021,Angular Contact Spindle Bearing 7008,SUP_011,Shinshu Bearing & Motion Systems,PLANT_01,Detroit Advanced Assembly Hub,W05,611,118.13,5.1,75297.23,120.34,W01,W05,7,COMPLIANT
MAT_021,Angular Contact Spindle Bearing 7008,SUP_011,Shinshu Bearing & Motion Systems,PLANT_02,Munich Engineering Works,W05,840,118.13,6.5,104663.03,120.34,W01,W05,8,COMPLIANT
MAT_021,Angular Contact Spindle Bearing 7008,SUP_011,Shinshu Bearing & Motion Systems,PLANT_03,Monterrey Global Production Hub,W05,282,118.13,5.3,34817.13,120.34,W01,W05,8,SUB_MOQ_VIOLATION
MAT_021,Angular Contact Spindle Bearing 7008,SUP_011,Shinshu Bearing & Motion Systems,PLANT_04,Tokyo Precision Facility,W05,956,118.13,0.45,113349.44,120.34,W01,W05,5,COMPLIANT
MAT_021,Angular Contact Spindle Bearing 7008,SUP_011,Shinshu Bearing & Motion Systems,PLANT_05,Chennai Industrial Complex,W05,412,118.13,3.6,50093.11,120.34,W01,W05,7,SUB_MOQ_VIOLATION
MAT_022,Double-Row Tapered Roller Bearing,SUP_003,Nippon Advanced Metallurgy,PLANT_01,Detroit Advanced Assembly Hub,W05,942,103.66,5.1,102468.23,106.66,W01,W05,8,COMPLIANT
MAT_022,Double-Row Tapered Roller Bearing,SUP_003,Nippon Advanced Metallurgy,PLANT_02,Munich Engineering Works,W05,1046,103.66,6.5,115238.38,106.66,W01,W05,9,COMPLIANT
MAT_022,Double-Row Tapered Roller Bearing,SUP_003,Nippon Advanced Metallurgy,PLANT_03,Monterrey Global Production Hub,W05,1304,103.66,5.3,142029.36,106.66,W01,W05,9,COMPLIANT
MAT_022,Double-Row Tapered Roller Bearing,SUP_003,Nippon Advanced Metallurgy,PLANT_04,Tokyo Precision Facility,W05,412,103.66,0.45,42945.38,106.66,W01,W05,6,SUB_MOQ_VIOLATION
MAT_022,Double-Row Tapered Roller Bearing,SUP_003,Nippon Advanced Metallurgy,PLANT_05,Chennai Industrial Complex,W05,1232,103.66,3.6,132144.32,106.66,W01,W05,8,COMPLIANT
MAT_022,Double-Row Tapered Roller Bearing,SUP_011,Shinshu Bearing & Motion Systems,PLANT_01,Detroit Advanced Assembly Hub,W05,771,105.28,5.1,85086.42,106.66,W01,W05,8,SUB_MOQ_VIOLATION
MAT_022,Double-Row Tapered Roller Bearing,SUP_011,Shinshu Bearing & Motion Systems,PLANT_02,Munich Engineering Works,W05,856,105.28,6.5,95672.5,106.66,W01,W05,9,SUB_MOQ_VIOLATION
MAT_022,Double-Row Tapered Roller Bearing,SUP_011,Shinshu Bearing & Motion Systems,PLANT_03,Monterrey Global Production Hub,W05,1066,105.28,5.3,117933.57,106.66,W01,W05,9,COMPLIANT
MAT_022,Double-Row Tapered Roller Bearing,SUP_011,Shinshu Bearing & Motion Systems,PLANT_04,Tokyo Precision Facility,W05,338,105.28,0.45,35683.88,106.66,W01,W05,6,SUB_MOQ_VIOLATION
MAT_022,Double-Row Tapered Roller Bearing,SUP_011,Shinshu Bearing & Motion Systems,PLANT_05,Chennai Industrial Complex,W05,1008,105.28,3.6,109751.04,106.66,W01,W05,8,COMPLIANT
MAT_023,Deep-Groove Ceramic Hybrid Bearing,SUP_003,Nippon Advanced Metallurgy,PLANT_01,Detroit Advanced Assembly Hub,W05,1343,57.2,5.1,83639.62,61.21,W01,W05,6,COMPLIANT
MAT_023,Deep-Groove Ceramic Hybrid Bearing,SUP_003,Nippon Advanced Metallurgy,PLANT_02,Munich Engineering Works,W05,1099,57.2,6.5,69988.46,61.21,W01,W05,7,COMPLIANT
MAT_023,Deep-Groove Ceramic Hybrid Bearing,SUP_003,Nippon Advanced Metallurgy,PLANT_03,Monterrey Global Production Hub,W05,1043,57.2,5.3,65165.63,61.21,W01,W05,7,COMPLIANT
MAT_023,Deep-Groove Ceramic Hybrid Bearing,SUP_003,Nippon Advanced Metallurgy,PLANT_04,Tokyo Precision Facility,W05,1445,57.2,0.45,83280.61,61.21,W01,W05,4,COMPLIANT
MAT_023,Deep-Groove Ceramic Hybrid Bearing,SUP_003,Nippon Advanced Metallurgy,PLANT_05,Chennai Industrial Complex,W05,1113,57.2,3.6,67683.17,61.21,W01,W05,6,COMPLIANT
MAT_023,Deep-Groove Ceramic Hybrid Bearing,SUP_011,Shinshu Bearing & Motion Systems,PLANT_01,Detroit Advanced Assembly Hub,W05,788,60.49,5.1,51715.75,61.21,W01,W05,5,COMPLIANT
MAT_023,Deep-Groove Ceramic Hybrid Bearing,SUP_011,Shinshu Bearing & Motion Systems,PLANT_02,Munich Engineering Works,W05,645,60.49,6.5,43227.31,61.21,W01,W05,6,COMPLIANT
MAT_023,Deep-Groove Ceramic Hybrid Bearing,SUP_011,Shinshu Bearing & Motion Systems,PLANT_03,Monterrey Global Production Hub,W05,612,60.49,5.3,40286.51,61.21,W01,W05,6,COMPLIANT
MAT_023,Deep-Groove Ceramic Hybrid Bearing,SUP_011,Shinshu Bearing & Motion Systems,PLANT_04,Tokyo Precision Facility,W05,848,60.49,0.45,51702.11,61.21,W02,W05,3,COMPLIANT
MAT_023,Deep-Groove Ceramic Hybrid Bearing,SUP_011,Shinshu Bearing & Motion Systems,PLANT_05,Chennai Industrial Complex,W05,654,60.49,3.6,41901.4,61.21,W01,W05,5,COMPLIANT
MAT_024,Sealed Spherical Roller Bearing 22210,SUP_003,Nippon Advanced Metallurgy,PLANT_01,Detroit Advanced Assembly Hub,W05,1108,37.17,5.1,46818.25,37.75,W01,W05,9,COMPLIANT
MAT_024,Sealed Spherical Roller Bearing 22210,SUP_003,Nippon Advanced Metallurgy,PLANT_02,Munich Engineering Works,W05,471,37.17,6.5,20568.57,37.75,W01,W05,10,SUB_MOQ_VIOLATION
MAT_024,Sealed Spherical Roller Bearing 22210,SUP_003,Nippon Advanced Metallurgy,PLANT_03,Monterrey Global Production Hub,W05,643,37.17,5.3,27316.7,37.75,W01,W05,10,SUB_MOQ_VIOLATION
MAT_024,Sealed Spherical Roller Bearing 22210,SUP_003,Nippon Advanced Metallurgy,PLANT_04,Tokyo Precision Facility,W05,1133,37.17,0.45,42615.94,37.75,W01,W05,7,COMPLIANT
MAT_024,Sealed Spherical Roller Bearing 22210,SUP_003,Nippon Advanced Metallurgy,PLANT_05,Chennai Industrial Complex,W05,1184,37.17,3.6,48287.99,37.75,W01,W05,9,COMPLIANT
MAT_024,Sealed Spherical Roller Bearing 22210,SUP_011,Shinshu Bearing & Motion Systems,PLANT_01,Detroit Advanced Assembly Hub,W05,738,38.02,5.1,31839.81,37.75,W01,W05,5,SUB_MOQ_VIOLATION
MAT_024,Sealed Spherical Roller Bearing 22210,SUP_011,Shinshu Bearing & Motion Systems,PLANT_02,Munich Engineering Works,W05,314,38.02,6.5,13979.28,37.75,W01,W05,6,SUB_MOQ_VIOLATION
MAT_024,Sealed Spherical Roller Bearing 22210,SUP_011,Shinshu Bearing & Motion Systems,PLANT_03,Monterrey Global Production Hub,W05,429,38.02,5.3,18575.62,37.75,W01,W05,6,SUB_MOQ_VIOLATION
MAT_024,Sealed Spherical Roller Bearing 22210,SUP_011,Shinshu Bearing & Motion Systems,PLANT_04,Tokyo Precision Facility,W05,755,38.02,0.45,29052.54,37.75,W02,W05,3,SUB_MOQ_VIOLATION
MAT_024,Sealed Spherical Roller Bearing 22210,SUP_011,Shinshu Bearing & Motion Systems,PLANT_05,Chennai Industrial Complex,W05,790,38.02,3.6,32863.15,37.75,W01,W05,5,SUB_MOQ_VIOLATION
MAT_025,High-Speed Miniature Precision Bearing,SUP_003,Nippon Advanced Metallurgy,PLANT_01,Detroit Advanced Assembly Hub,W05,1061,131.11,5.1,144578.74,139.57,W01,W05,8,COMPLIANT
MAT_025,High-Speed Miniature Precision Bearing,SUP_003,Nippon Advanced Metallurgy,PLANT_02,Munich Engineering Works,W05,1596,131.11,6.5,219694.37,139.57,W01,W05,9,COMPLIANT
MAT_025,High-Speed Miniature Precision Bearing,SUP_003,Nippon Advanced Metallurgy,PLANT_03,Monterrey Global Production Hub,W05,1174,131.11,5.3,160098.96,139.57,W01,W05,9,COMPLIANT
MAT_025,High-Speed Miniature Precision Bearing,SUP_003,Nippon Advanced Metallurgy,PLANT_04,Tokyo Precision Facility,W05,980,131.11,0.45,128876.18,139.57,W01,W05,6,SUB_MOQ_VIOLATION
MAT_025,High-Speed Miniature Precision Bearing,SUP_003,Nippon Advanced Metallurgy,PLANT_05,Chennai Industrial Complex,W05,1120,131.11,3.6,150837.48,139.57,W01,W05,8,COMPLIANT
MAT_025,High-Speed Miniature Precision Bearing,SUP_011,Shinshu Bearing & Motion Systems,PLANT_01,Detroit Advanced Assembly Hub,W05,651,135.66,5.1,91572.83,139.57,W01,W05,7,SUB_MOQ_VIOLATION
MAT_025,High-Speed Miniature Precision Bearing,SUP_011,Shinshu Bearing & Motion Systems,PLANT_02,Munich Engineering Works,W05,978,135.66,6.5,139103.56,139.57,W01,W05,8,COMPLIANT
MAT_025,High-Speed Miniature Precision Bearing,SUP_011,Shinshu Bearing & Motion Systems,PLANT_03,Monterrey Global Production Hub,W05,719,135.66,5.3,101398.17,139.57,W01,W05,8,SUB_MOQ_VIOLATION
MAT_025,High-Speed Miniature Precision Bearing,SUP_011,Shinshu Bearing & Motion Systems,PLANT_04,Tokyo Precision Facility,W05,600,135.66,0.45,81720.44,139.57,W01,W05,5,SUB_MOQ_VIOLATION
MAT_025,High-Speed Miniature Precision Bearing,SUP_011,Shinshu Bearing & Motion Systems,PLANT_05,Chennai Industrial Complex,W05,686,135.66,3.6,95571.35,139.57,W01,W05,7,SUB_MOQ_VIOLATION
MAT_026,Proportional Electro-Hydraulic Valve,SUP_001,Apex Precision Metals GmbH,PLANT_01,Detroit Advanced Assembly Hub,W05,985,185.93,3.4,186550.64,194.59,W01,W05,5,SUB_MOQ_VIOLATION
MAT_026,Proportional Electro-Hydraulic Valve,SUP_001,Apex Precision Metals GmbH,PLANT_02,Munich Engineering Works,W05,1642,185.93,0.45,306073.24,194.59,W01,W05,4,COMPLIANT
MAT_026,Proportional Electro-Hydraulic Valve,SUP_001,Apex Precision Metals GmbH,PLANT_03,Monterrey Global Production Hub,W05,1076,185.93,4.8,205170.17,194.59,W01,W05,6,SUB_MOQ_VIOLATION
MAT_026,Proportional Electro-Hydraulic Valve,SUP_001,Apex Precision Metals GmbH,PLANT_04,Tokyo Precision Facility,W05,1055,185.93,7.6,204176.09,194.59,W01,W05,7,SUB_MOQ_VIOLATION
MAT_026,Proportional Electro-Hydraulic Valve,SUP_001,Apex Precision Metals GmbH,PLANT_05,Chennai Industrial Complex,W05,522,185.93,5.1,99648.89,194.59,W01,W05,6,SUB_MOQ_VIOLATION
MAT_026,Proportional Electro-Hydraulic Valve,SUP_009,EuroHydraulics SpA,PLANT_01,Detroit Advanced Assembly Hub,W05,443,198.4,3.4,89332.82,194.59,W01,W05,4,COMPLIANT
MAT_026,Proportional Electro-Hydraulic Valve,SUP_009,EuroHydraulics SpA,PLANT_02,Munich Engineering Works,W05,738,198.4,0.45,146711.53,194.59,W02,W05,3,COMPLIANT
MAT_026,Proportional Electro-Hydraulic Valve,SUP_009,EuroHydraulics SpA,PLANT_03,Monterrey Global Production Hub,W05,483,198.4,4.8,98204.53,194.59,W01,W05,5,COMPLIANT
MAT_026,Proportional Electro-Hydraulic Valve,SUP_009,EuroHydraulics SpA,PLANT_04,Tokyo Precision Facility,W05,474,198.4,7.6,97641.94,194.59,W01,W05,6,COMPLIANT
MAT_026,Proportional Electro-Hydraulic Valve,SUP_009,EuroHydraulics SpA,PLANT_05,Chennai Industrial Complex,W05,234,198.4,5.1,47692.26,194.59,W01,W05,5,SUB_MOQ_VIOLATION
MAT_027,Double-Acting Heavy Cylinder 3000 PSI,SUP_001,Apex Precision Metals GmbH,PLANT_01,Detroit Advanced Assembly Hub,W05,682,95.5,3.4,67449.8,100.71,W01,W05,6,SUB_MOQ_VIOLATION
MAT_027,Double-Acting Heavy Cylinder 3000 PSI,SUP_001,Apex Precision Metals GmbH,PLANT_02,Munich Engineering Works,W05,1573,95.5,0.45,150923.59,100.71,W01,W05,5,COMPLIANT
MAT_027,Double-Acting Heavy Cylinder 3000 PSI,SUP_001,Apex Precision Metals GmbH,PLANT_03,Monterrey Global Production Hub,W05,859,95.5,4.8,86189.8,100.71,W01,W05,7,SUB_MOQ_VIOLATION
MAT_027,Double-Acting Heavy Cylinder 3000 PSI,SUP_001,Apex Precision Metals GmbH,PLANT_04,Tokyo Precision Facility,W05,614,95.5,7.6,63282.78,100.71,W01,W05,8,SUB_MOQ_VIOLATION
MAT_027,Double-Acting Heavy Cylinder 3000 PSI,SUP_001,Apex Precision Metals GmbH,PLANT_05,Chennai Industrial Complex,W05,1210,95.5,5.1,121687.77,100.71,W01,W05,7,COMPLIANT
MAT_027,Double-Acting Heavy Cylinder 3000 PSI,SUP_009,EuroHydraulics SpA,PLANT_01,Detroit Advanced Assembly Hub,W05,418,98.17,3.4,42456.26,100.71,W01,W05,7,COMPLIANT
MAT_027,Double-Acting Heavy Cylinder 3000 PSI,SUP_009,EuroHydraulics SpA,PLANT_02,Munich Engineering Works,W05,964,98.17,0.45,95075.6,100.71,W01,W05,6,COMPLIANT
MAT_027,Double-Acting Heavy Cylinder 3000 PSI,SUP_009,EuroHydraulics SpA,PLANT_03,Monterrey Global Production Hub,W05,527,98.17,4.8,54232.24,100.71,W01,W05,8,COMPLIANT
MAT_027,Double-Acting Heavy Cylinder 3000 PSI,SUP_007,Bharat Precision Engineering,PLANT_04,Tokyo Precision Facility,W05,376,101.87,3.65,39696.62,100.71,W01,W05,9,SUB_MOQ_VIOLATION
MAT_027,Double-Acting Heavy Cylinder 3000 PSI,SUP_007,Bharat Precision Engineering,PLANT_05,Chennai Industrial Complex,W05,741,101.87,0.45,75858.0,100.71,W01,W05,7,COMPLIANT
MAT_028,Variable Displacement Piston Pump Core,SUP_001,Apex Precision Metals GmbH,PLANT_01,Detroit Advanced Assembly Hub,W05,620,99.77,3.4,63938.58,102.24,W01,W05,8,SUB_MOQ_VIOLATION
MAT_028,Variable Displacement Piston Pump Core,SUP_001,Apex Precision Metals GmbH,PLANT_02,Munich Engineering Works,W05,877,99.77,0.45,87906.97,102.24,W01,W05,7,COMPLIANT
MAT_028,Variable Displacement Piston Pump Core,SUP_001,Apex Precision Metals GmbH,PLANT_03,Monterrey Global Production Hub,W05,1336,99.77,4.8,139757.8,102.24,W01,W05,9,COMPLIANT
MAT_028,Variable Displacement Piston Pump Core,SUP_001,Apex Precision Metals GmbH,PLANT_04,Tokyo Precision Facility,W05,1280,99.77,7.6,137476.55,102.24,W01,W05,10,COMPLIANT
MAT_028,Variable Displacement Piston Pump Core,SUP_001,Apex Precision Metals GmbH,PLANT_05,Chennai Industrial Complex,W05,413,99.77,5.1,43328.09,102.24,W01,W05,9,SUB_MOQ_VIOLATION
MAT_028,Variable Displacement Piston Pump Core,SUP_009,EuroHydraulics SpA,PLANT_01,Detroit Advanced Assembly Hub,W05,319,102.06,3.4,33669.16,102.24,W01,W05,6,SUB_MOQ_VIOLATION
MAT_028,Variable Displacement Piston Pump Core,SUP_009,EuroHydraulics SpA,PLANT_02,Munich Engineering Works,W05,452,102.06,0.45,46320.17,102.24,W01,W05,5,SUB_MOQ_VIOLATION
MAT_028,Variable Displacement Piston Pump Core,SUP_009,EuroHydraulics SpA,PLANT_03,Monterrey Global Production Hub,W05,688,102.06,4.8,73573.11,102.24,W01,W05,7,SUB_MOQ_VIOLATION
MAT_028,Variable Displacement Piston Pump Core,SUP_009,EuroHydraulics SpA,PLANT_04,Tokyo Precision Facility,W05,660,102.06,7.6,72331.74,102.24,W01,W05,8,SUB_MOQ_VIOLATION
MAT_028,Variable Displacement Piston Pump Core,SUP_009,EuroHydraulics SpA,PLANT_05,Chennai Industrial Complex,W05,213,102.06,5.1,22807.93,102.24,W01,W05,7,SUB_MOQ_VIOLATION
MAT_029,Reinforced High-Pressure Flex Hose Assembly,SUP_001,Apex Precision Metals GmbH,PLANT_01,Detroit Advanced Assembly Hub,W05,515,371.44,3.4,193211.28,391.29,W01,W05,5,COMPLIANT
MAT_029,Reinforced High-Pressure Flex Hose Assembly,SUP_001,Apex Precision Metals GmbH,PLANT_02,Munich Engineering Works,W05,755,371.44,0.45,280888.52,391.29,W01,W05,4,COMPLIANT
MAT_029,Reinforced High-Pressure Flex Hose Assembly,SUP_001,Apex Precision Metals GmbH,PLANT_03,Monterrey Global Production Hub,W05,1244,371.44,4.8,468080.18,391.29,W01,W05,6,COMPLIANT
MAT_029,Reinforced High-Pressure Flex Hose Assembly,SUP_001,Apex Precision Metals GmbH,PLANT_04,Tokyo Precision Facility,W05,592,371.44,7.6,224448.54,391.29,W01,W05,7,COMPLIANT
MAT_029,Reinforced High-Pressure Flex Hose Assembly,SUP_001,Apex Precision Metals GmbH,PLANT_05,Chennai Industrial Complex,W05,1533,371.44,5.1,577122.86,391.29,W01,W05,6,COMPLIANT
MAT_029,Reinforced High-Pressure Flex Hose Assembly,SUP_009,EuroHydraulics SpA,PLANT_01,Detroit Advanced Assembly Hub,W05,278,386.32,3.4,108166.79,391.29,W01,W05,8,SUB_MOQ_VIOLATION
MAT_029,Reinforced High-Pressure Flex Hose Assembly,SUP_009,EuroHydraulics SpA,PLANT_02,Munich Engineering Works,W05,407,386.32,0.45,157299.36,391.29,W01,W05,7,SUB_MOQ_VIOLATION
MAT_029,Reinforced High-Pressure Flex Hose Assembly,SUP_009,EuroHydraulics SpA,PLANT_03,Monterrey Global Production Hub,W05,670,386.32,4.8,262011.29,391.29,W01,W05,9,SUB_MOQ_VIOLATION
MAT_029,Reinforced High-Pressure Flex Hose Assembly,SUP_009,EuroHydraulics SpA,PLANT_04,Tokyo Precision Facility,W05,319,386.32,7.6,125601.39,391.29,W01,W05,10,SUB_MOQ_VIOLATION
MAT_029,Reinforced High-Pressure Flex Hose Assembly,SUP_009,EuroHydraulics SpA,PLANT_05,Chennai Industrial Complex,W05,825,386.32,5.1,323038.93,391.29,W01,W05,9,SUB_MOQ_VIOLATION
MAT_030,Servo-Controlled Hydraulic Actuator,SUP_001,Apex Precision Metals GmbH,PLANT_01,Detroit Advanced Assembly Hub,W05,562,276.63,3.4,157382.46,297.43,W01,W05,7,SUB_MOQ_VIOLATION
MAT_030,Servo-Controlled Hydraulic Actuator,SUP_001,Apex Precision Metals GmbH,PLANT_02,Munich Engineering Works,W05,885,276.63,0.45,245237.97,297.43,W01,W05,6,SUB_MOQ_VIOLATION
MAT_030,Servo-Controlled Hydraulic Actuator,SUP_001,Apex Precision Metals GmbH,PLANT_03,Monterrey Global Production Hub,W05,578,276.63,4.8,162739.71,297.43,W01,W05,8,SUB_MOQ_VIOLATION
MAT_030,Servo-Controlled Hydraulic Actuator,SUP_001,Apex Precision Metals GmbH,PLANT_04,Tokyo Precision Facility,W05,669,276.63,7.6,190075.97,297.43,W01,W05,9,SUB_MOQ_VIOLATION
MAT_030,Servo-Controlled Hydraulic Actuator,SUP_001,Apex Precision Metals GmbH,PLANT_05,Chennai Industrial Complex,W05,1308,276.63,5.1,368638.07,297.43,W01,W05,8,COMPLIANT
MAT_030,Servo-Controlled Hydraulic Actuator,SUP_009,EuroHydraulics SpA,PLANT_01,Detroit Advanced Assembly Hub,W05,407,294.96,3.4,121426.55,297.43,W01,W05,7,SUB_MOQ_VIOLATION
MAT_030,Servo-Controlled Hydraulic Actuator,SUP_009,EuroHydraulics SpA,PLANT_02,Munich Engineering Works,W05,641,294.96,0.45,189334.18,297.43,W01,W05,6,SUB_MOQ_VIOLATION
MAT_030,Servo-Controlled Hydraulic Actuator,SUP_009,EuroHydraulics SpA,PLANT_03,Monterrey Global Production Hub,W05,419,294.96,4.8,125521.5,297.43,W01,W05,8,SUB_MOQ_VIOLATION
MAT_030,Servo-Controlled Hydraulic Actuator,SUP_009,EuroHydraulics SpA,PLANT_04,Tokyo Precision Facility,W05,484,294.96,7.6,146517.71,297.43,W01,W05,9,SUB_MOQ_VIOLATION
MAT_030,Servo-Controlled Hydraulic Actuator,SUP_009,EuroHydraulics SpA,PLANT_05,Chennai Industrial Complex,W05,948,294.96,5.1,284312.85,297.43,W01,W05,8,SUB_MOQ_VIOLATION
MAT_031,Grade 12.9 Structural Flange Hex Bolt,SUP_002,Vanguard Industrial Dynamics,PLANT_01,Detroit Advanced Assembly Hub,W05,967,14.13,0.5,14141.36,15.16,W01,W05,4,SUB_MOQ_VIOLATION
MAT_031,Grade 12.9 Structural Flange Hex Bolt,SUP_002,Vanguard Industrial Dynamics,PLANT_02,Munich Engineering Works,W05,624,14.13,3.5,11001.12,15.16,W01,W05,6,SUB_MOQ_VIOLATION
MAT_031,Grade 12.9 Structural Flange Hex Bolt,SUP_002,Vanguard Industrial Dynamics,PLANT_03,Monterrey Global Production Hub,W05,1126,14.13,1.6,17715.13,15.16,W01,W05,4,SUB_MOQ_VIOLATION
MAT_031,Grade 12.9 Structural Flange Hex Bolt,SUP_002,Vanguard Industrial Dynamics,PLANT_04,Tokyo Precision Facility,W05,426,14.13,6.2,8658.95,15.16,W01,W05,7,SUB_MOQ_VIOLATION
MAT_031,Grade 12.9 Structural Flange Hex Bolt,SUP_002,Vanguard Industrial Dynamics,PLANT_05,Chennai Industrial Complex,W05,481,14.13,6.4,9880.68,15.16,W01,W05,7,SUB_MOQ_VIOLATION
MAT_031,Grade 12.9 Structural Flange Hex Bolt,SUP_007,Bharat Precision Engineering,PLANT_04,Tokyo Precision Facility,W05,905,14.72,3.65,16626.32,15.16,W01,W05,5,SUB_MOQ_VIOLATION
MAT_031,Grade 12.9 Structural Flange Hex Bolt,SUP_007,Bharat Precision Engineering,PLANT_05,Chennai Industrial Complex,W05,1023,14.72,0.45,15514.66,15.16,W02,W05,3,COMPLIANT
MAT_031,Grade 12.9 Structural Flange Hex Bolt,SUP_010,Detroit Fastener Alliance,PLANT_01,Detroit Advanced Assembly Hub,W05,644,15.41,0.5,10252.4,15.16,W01,W05,4,COMPLIANT
MAT_031,Grade 12.9 Structural Flange Hex Bolt,SUP_010,Detroit Fastener Alliance,PLANT_02,Munich Engineering Works,W05,416,15.41,3.5,7866.56,15.16,W01,W05,6,COMPLIANT
MAT_031,Grade 12.9 Structural Flange Hex Bolt,SUP_010,Detroit Fastener Alliance,PLANT_03,Monterrey Global Production Hub,W05,751,15.41,1.6,12771.11,15.16,W01,W05,4,COMPLIANT
MAT_032,Aerospace Grade Titanium Locknut,SUP_002,Vanguard Industrial Dynamics,PLANT_01,Detroit Advanced Assembly Hub,W05,473,13.27,0.5,6515.96,13.82,W01,W05,6,SUB_MOQ_VIOLATION
MAT_032,Aerospace Grade Titanium Locknut,SUP_002,Vanguard Industrial Dynamics,PLANT_02,Munich Engineering Works,W05,867,13.27,3.5,14532.88,13.82,W01,W05,8,COMPLIANT
MAT_032,Aerospace Grade Titanium Locknut,SUP_002,Vanguard Industrial Dynamics,PLANT_03,Monterrey Global Production Hub,W05,545,13.27,1.6,8108.61,13.82,W01,W05,6,SUB_MOQ_VIOLATION
MAT_032,Aerospace Grade Titanium Locknut,SUP_002,Vanguard Industrial Dynamics,PLANT_04,Tokyo Precision Facility,W05,352,13.27,6.2,6862.59,13.82,W01,W05,9,SUB_MOQ_VIOLATION
MAT_032,Aerospace Grade Titanium Locknut,SUP_002,Vanguard Industrial Dynamics,PLANT_05,Chennai Industrial Complex,W05,643,13.27,6.4,12652.73,13.82,W01,W05,9,SUB_MOQ_VIOLATION
MAT_032,Aerospace Grade Titanium Locknut,SUP_007,Bharat Precision Engineering,PLANT_04,Tokyo Precision Facility,W05,785,13.61,3.65,13540.99,13.82,W01,W05,6,SUB_MOQ_VIOLATION
MAT_032,Aerospace Grade Titanium Locknut,SUP_007,Bharat Precision Engineering,PLANT_05,Chennai Industrial Complex,W05,1432,13.61,0.45,20130.4,13.82,W01,W05,4,COMPLIANT
MAT_032,Aerospace Grade Titanium Locknut,SUP_010,Detroit Fastener Alliance,PLANT_01,Detroit Advanced Assembly Hub,W05,203,14.38,0.5,3017.66,13.82,W02,W05,3,SUB_MOQ_VIOLATION
MAT_032,Aerospace Grade Titanium Locknut,SUP_010,Detroit Fastener Alliance,PLANT_02,Munich Engineering Works,W05,371,14.38,3.5,6640.63,13.82,W01,W05,5,SUB_MOQ_VIOLATION
MAT_032,Aerospace Grade Titanium Locknut,SUP_010,Detroit Fastener Alliance,PLANT_03,Monterrey Global Production Hub,W05,234,14.38,1.6,3734.53,13.82,W02,W05,3,SUB_MOQ_VIOLATION
MAT_033,Stainless Steel A4-80 Socket Cap Screw,SUP_002,Vanguard Industrial Dynamics,PLANT_01,Detroit Advanced Assembly Hub,W05,911,10.01,0.5,9574.19,10.48,W01,W05,5,SUB_MOQ_VIOLATION
MAT_033,Stainless Steel A4-80 Socket Cap Screw,SUP_002,Vanguard Industrial Dynamics,PLANT_02,Munich Engineering Works,W05,635,10.01,3.5,8576.69,10.48,W01,W05,7,SUB_MOQ_VIOLATION
MAT_033,Stainless Steel A4-80 Socket Cap Screw,SUP_002,Vanguard Industrial Dynamics,PLANT_03,Monterrey Global Production Hub,W05,757,10.01,1.6,8788.42,10.48,W01,W05,5,SUB_MOQ_VIOLATION
MAT_033,Stainless Steel A4-80 Socket Cap Screw,SUP_002,Vanguard Industrial Dynamics,PLANT_04,Tokyo Precision Facility,W05,767,10.01,6.2,12430.48,10.48,W01,W05,8,SUB_MOQ_VIOLATION
MAT_033,Stainless Steel A4-80 Socket Cap Screw,SUP_002,Vanguard Industrial Dynamics,PLANT_05,Chennai Industrial Complex,W05,461,10.01,6.4,7564.03,10.48,W01,W05,8,SUB_MOQ_VIOLATION
MAT_033,Stainless Steel A4-80 Socket Cap Screw,SUP_007,Bharat Precision Engineering,PLANT_04,Tokyo Precision Facility,W05,1251,10.35,3.65,17516.24,10.48,W01,W05,9,COMPLIANT
MAT_033,Stainless Steel A4-80 Socket Cap Screw,SUP_007,Bharat Precision Engineering,PLANT_05,Chennai Industrial Complex,W05,752,10.35,0.45,8122.25,10.48,W01,W05,7,SUB_MOQ_VIOLATION
MAT_033,Stainless Steel A4-80 Socket Cap Screw,SUP_010,Detroit Fastener Alliance,PLANT_01,Detroit Advanced Assembly Hub,W05,633,10.68,0.5,7077.39,10.48,W01,W05,6,SUB_MOQ_VIOLATION
MAT_033,Stainless Steel A4-80 Socket Cap Screw,SUP_010,Detroit Fastener Alliance,PLANT_02,Munich Engineering Works,W05,441,10.68,3.5,6255.65,10.48,W01,W05,8,SUB_MOQ_VIOLATION
MAT_033,Stainless Steel A4-80 Socket Cap Screw,SUP_010,Detroit Fastener Alliance,PLANT_03,Monterrey Global Production Hub,W05,526,10.68,1.6,6459.65,10.48,W01,W05,6,SUB_MOQ_VIOLATION
MAT_034,Hardened Belleville Spring Washers,SUP_002,Vanguard Industrial Dynamics,PLANT_01,Detroit Advanced Assembly Hub,W05,818,17.36,0.5,14602.34,18.03,W01,W05,5,SUB_MOQ_VIOLATION
MAT_034,Hardened Belleville Spring Washers,SUP_002,Vanguard Industrial Dynamics,PLANT_02,Munich Engineering Works,W05,1026,17.36,3.5,21406.53,18.03,W01,W05,7,COMPLIANT
MAT_034,Hardened Belleville Spring Washers,SUP_002,Vanguard Industrial Dynamics,PLANT_03,Monterrey Global Production Hub,W05,877,17.36,1.6,16629.82,18.03,W01,W05,5,SUB_MOQ_VIOLATION
MAT_034,Hardened Belleville Spring Washers,SUP_002,Vanguard Industrial Dynamics,PLANT_04,Tokyo Precision Facility,W05,904,17.36,6.2,21307.9,18.03,W01,W05,8,SUB_MOQ_VIOLATION
MAT_034,Hardened Belleville Spring Washers,SUP_002,Vanguard Industrial Dynamics,PLANT_05,Chennai Industrial Complex,W05,579,17.36,6.4,13751.34,18.03,W01,W05,8,SUB_MOQ_VIOLATION
MAT_034,Hardened Belleville Spring Washers,SUP_007,Bharat Precision Engineering,PLANT_04,Tokyo Precision Facility,W05,1415,17.75,3.65,30272.23,18.03,W01,W05,6,COMPLIANT
MAT_034,Hardened Belleville Spring Washers,SUP_007,Bharat Precision Engineering,PLANT_05,Chennai Industrial Complex,W05,905,17.75,0.45,16475.37,18.03,W01,W05,4,SUB_MOQ_VIOLATION
MAT_034,Hardened Belleville Spring Washers,SUP_010,Detroit Fastener Alliance,PLANT_01,Detroit Advanced Assembly Hub,W05,350,18.55,0.5,6675.12,18.03,W01,W05,6,SUB_MOQ_VIOLATION
MAT_034,Hardened Belleville Spring Washers,SUP_010,Detroit Fastener Alliance,PLANT_02,Munich Engineering Works,W05,440,18.55,3.5,9697.59,18.03,W01,W05,8,SUB_MOQ_VIOLATION
MAT_034,Hardened Belleville Spring Washers,SUP_010,Detroit Fastener Alliance,PLANT_03,Monterrey Global Production Hub,W05,376,18.55,1.6,7574.39,18.03,W01,W05,6,SUB_MOQ_VIOLATION
MAT_035,Structural Monobolt Blind Rivet Pack,SUP_002,Vanguard Industrial Dynamics,PLANT_01,Detroit Advanced Assembly Hub,W05,1271,7.59,0.5,10283.2,7.75,W01,W05,6,COMPLIANT
MAT_035,Structural Monobolt Blind Rivet Pack,SUP_002,Vanguard Industrial Dynamics,PLANT_02,Munich Engineering Works,W05,1367,7.59,3.5,15158.48,7.75,W01,W05,8,COMPLIANT
MAT_035,Structural Monobolt Blind Rivet Pack,SUP_002,Vanguard Industrial Dynamics,PLANT_03,Monterrey Global Production Hub,W05,496,7.59,1.6,4562.56,7.75,W01,W05,6,SUB_MOQ_VIOLATION
MAT_035,Structural Monobolt Blind Rivet Pack,SUP_002,Vanguard Industrial Dynamics,PLANT_04,Tokyo Precision Facility,W05,927,7.59,6.2,12786.09,7.75,W01,W05,9,COMPLIANT
MAT_035,Structural Monobolt Blind Rivet Pack,SUP_002,Vanguard Industrial Dynamics,PLANT_05,Chennai Industrial Complex,W05,902,7.59,6.4,12625.98,7.75,W01,W05,9,COMPLIANT
MAT_035,Structural Monobolt Blind Rivet Pack,SUP_007,Bharat Precision Engineering,PLANT_04,Tokyo Precision Facility,W05,1513,7.97,3.65,17578.74,7.75,W01,W05,5,COMPLIANT
MAT_035,Structural Monobolt Blind Rivet Pack,SUP_007,Bharat Precision Engineering,PLANT_05,Chennai Industrial Complex,W05,1472,7.97,0.45,12398.45,7.75,W02,W05,3,COMPLIANT
MAT_035,Structural Monobolt Blind Rivet Pack,SUP_010,Detroit Fastener Alliance,PLANT_01,Detroit Advanced Assembly Hub,W05,959,8.07,0.5,8217.77,7.75,W02,W05,3,SUB_MOQ_VIOLATION
MAT_035,Structural Monobolt Blind Rivet Pack,SUP_010,Detroit Fastener Alliance,PLANT_02,Munich Engineering Works,W05,1031,8.07,3.5,11930.29,7.75,W01,W05,5,COMPLIANT
MAT_035,Structural Monobolt Blind Rivet Pack,SUP_010,Detroit Fastener Alliance,PLANT_03,Monterrey Global Production Hub,W05,375,8.07,1.6,3621.71,7.75,W02,W05,3,SUB_MOQ_VIOLATION
MAT_036,Toray Carbon Fiber Prepreg 3K Twill,SUP_003,Nippon Advanced Metallurgy,PLANT_01,Detroit Advanced Assembly Hub,W05,1404,132.92,5.1,193711.07,137.13,W01,W05,5,COMPLIANT
MAT_036,Toray Carbon Fiber Prepreg 3K Twill,SUP_003,Nippon Advanced Metallurgy,PLANT_02,Munich Engineering Works,W05,468,132.92,6.5,65192.79,137.13,W01,W05,6,SUB_MOQ_VIOLATION
MAT_036,Toray Carbon Fiber Prepreg 3K Twill,SUP_003,Nippon Advanced Metallurgy,PLANT_03,Monterrey Global Production Hub,W05,872,132.92,5.3,120458.73,137.13,W01,W05,6,COMPLIANT
MAT_036,Toray Carbon Fiber Prepreg 3K Twill,SUP_003,Nippon Advanced Metallurgy,PLANT_04,Tokyo Precision Facility,W05,1475,132.92,0.45,196707.41,137.13,W02,W05,3,COMPLIANT
MAT_036,Toray Carbon Fiber Prepreg 3K Twill,SUP_003,Nippon Advanced Metallurgy,PLANT_05,Chennai Industrial Complex,W05,671,132.92,3.6,91645.88,137.13,W01,W05,5,COMPLIANT
MAT_036,Toray Carbon Fiber Prepreg 3K Twill,SUP_006,Saigon Composite Solutions,PLANT_01,Detroit Advanced Assembly Hub,W05,602,135.8,6.5,85593.45,137.13,W01,W05,6,SUB_MOQ_VIOLATION
MAT_036,Toray Carbon Fiber Prepreg 3K Twill,SUP_006,Saigon Composite Solutions,PLANT_02,Munich Engineering Works,W05,200,135.8,7.7,28757.4,137.13,W01,W05,6,SUB_MOQ_VIOLATION
MAT_036,Toray Carbon Fiber Prepreg 3K Twill,SUP_006,Saigon Composite Solutions,PLANT_03,Monterrey Global Production Hub,W05,374,135.8,6.6,53186.4,137.13,W01,W05,6,SUB_MOQ_VIOLATION
MAT_036,Toray Carbon Fiber Prepreg 3K Twill,SUP_006,Saigon Composite Solutions,PLANT_04,Tokyo Precision Facility,W05,632,135.8,1.85,87008.57,137.13,W01,W05,4,SUB_MOQ_VIOLATION
MAT_036,Toray Carbon Fiber Prepreg 3K Twill,SUP_006,Saigon Composite Solutions,PLANT_05,Chennai Industrial Complex,W05,288,135.8,2.1,39673.83,137.13,W01,W05,4,SUB_MOQ_VIOLATION
MAT_037,Structural S-Glass Woven Roving Mat,SUP_003,Nippon Advanced Metallurgy,PLANT_01,Detroit Advanced Assembly Hub,W05,1274,180.77,5.1,236763.06,188.44,W01,W05,5,COMPLIANT
MAT_037,Structural S-Glass Woven Roving Mat,SUP_003,Nippon Advanced Metallurgy,PLANT_02,Munich Engineering Works,W05,577,180.77,6.5,108058.54,188.44,W01,W05,6,SUB_MOQ_VIOLATION
MAT_037,Structural S-Glass Woven Roving Mat,SUP_003,Nippon Advanced Metallurgy,PLANT_03,Monterrey Global Production Hub,W05,1030,180.77,5.3,191568.37,188.44,W01,W05,6,SUB_MOQ_VIOLATION
MAT_037,Structural S-Glass Woven Roving Mat,SUP_003,Nippon Advanced Metallurgy,PLANT_04,Tokyo Precision Facility,W05,590,180.77,0.45,106919.8,188.44,W02,W05,3,SUB_MOQ_VIOLATION
MAT_037,Structural S-Glass Woven Roving Mat,SUP_003,Nippon Advanced Metallurgy,PLANT_05,Chennai Industrial Complex,W05,1270,180.77,3.6,234199.68,188.44,W01,W05,5,COMPLIANT
MAT_037,Structural S-Glass Woven Roving Mat,SUP_006,Saigon Composite Solutions,PLANT_05,Chennai Industrial Complex,W05,883,190.52,2.1,170031.45,188.44,W01,W05,5,COMPLIANT
MAT_037,Structural S-Glass Woven Roving Mat,SUP_008,Taiwan Micro-Silicon Ltd,PLANT_01,Detroit Advanced Assembly Hub,W05,885,191.44,5.2,174063.76,188.44,W01,W05,9,COMPLIANT
MAT_037,Structural S-Glass Woven Roving Mat,SUP_008,Taiwan Micro-Silicon Ltd,PLANT_02,Munich Engineering Works,W05,401,191.44,6.5,79369.98,188.44,W01,W05,9,COMPLIANT
MAT_037,Structural S-Glass Woven Roving Mat,SUP_008,Taiwan Micro-Silicon Ltd,PLANT_03,Monterrey Global Production Hub,W05,715,191.44,5.4,140829.18,188.44,W01,W05,9,COMPLIANT
MAT_037,Structural S-Glass Woven Roving Mat,SUP_008,Taiwan Micro-Silicon Ltd,PLANT_04,Tokyo Precision Facility,W05,410,191.44,0.9,78859.4,188.44,W01,W05,6,COMPLIANT
MAT_038,Nomex Honeycomb Structural Core 1/8,SUP_003,Nippon Advanced Metallurgy,PLANT_01,Detroit Advanced Assembly Hub,W05,1003,139.23,5.1,144827.94,149.43,W01,W05,5,COMPLIANT
MAT_038,Nomex Honeycomb Structural Core 1/8,SUP_003,Nippon Advanced Metallurgy,PLANT_02,Munich Engineering Works,W05,1353,139.23,6.5,197169.78,149.43,W01,W05,6,COMPLIANT
MAT_038,Nomex Honeycomb Structural Core 1/8,SUP_003,Nippon Advanced Metallurgy,PLANT_03,Monterrey Global Production Hub,W05,1110,139.23,5.3,160457.21,149.43,W01,W05,6,COMPLIANT
MAT_038,Nomex Honeycomb Structural Core 1/8,SUP_003,Nippon Advanced Metallurgy,PLANT_04,Tokyo Precision Facility,W05,945,139.23,0.45,131982.24,149.43,W02,W05,3,COMPLIANT
MAT_038,Nomex Honeycomb Structural Core 1/8,SUP_003,Nippon Advanced Metallurgy,PLANT_05,Chennai Industrial Complex,W05,779,139.23,3.6,111260.29,149.43,W01,W05,5,COMPLIANT
MAT_038,Nomex Honeycomb Structural Core 1/8,SUP_006,Saigon Composite Solutions,PLANT_02,Munich Engineering Works,W05,865,146.25,7.7,133169.83,149.43,W01,W05,9,SUB_MOQ_VIOLATION
MAT_038,Nomex Honeycomb Structural Core 1/8,SUP_006,Saigon Composite Solutions,PLANT_03,Monterrey Global Production Hub,W05,571,146.25,6.6,87246.78,149.43,W01,W05,9,SUB_MOQ_VIOLATION
MAT_038,Nomex Honeycomb Structural Core 1/8,SUP_006,Saigon Composite Solutions,PLANT_04,Tokyo Precision Facility,W05,604,146.25,1.85,89468.69,149.43,W01,W05,7,SUB_MOQ_VIOLATION
MAT_038,Nomex Honeycomb Structural Core 1/8,SUP_006,Saigon Composite Solutions,PLANT_05,Chennai Industrial Complex,W05,498,146.25,2.1,73882.75,149.43,W01,W05,7,SUB_MOQ_VIOLATION
MAT_038,Nomex Honeycomb Structural Core 1/8,SUP_008,Taiwan Micro-Silicon Ltd,PLANT_01,Detroit Advanced Assembly Hub,W05,642,152.45,5.2,101140.36,149.43,W01,W05,10,COMPLIANT
MAT_038,Nomex Honeycomb Structural Core 1/8,SUP_008,Taiwan Micro-Silicon Ltd,PLANT_03,Monterrey Global Production Hub,W05,139,152.45,5.4,21941.15,149.43,W01,W05,10,SUB_MOQ_VIOLATION
MAT_039,Basalt Fiber High-Temp Insulation Roll,SUP_003,Nippon Advanced Metallurgy,PLANT_01,Detroit Advanced Assembly Hub,W05,1345,183.62,5.1,253800.09,194.42,W01,W05,6,COMPLIANT
MAT_039,Basalt Fiber High-Temp Insulation Roll,SUP_003,Nippon Advanced Metallurgy,PLANT_02,Munich Engineering Works,W05,1301,183.62,6.5,247279.58,194.42,W01,W05,7,COMPLIANT
MAT_039,Basalt Fiber High-Temp Insulation Roll,SUP_003,Nippon Advanced Metallurgy,PLANT_03,Monterrey Global Production Hub,W05,1278,183.62,5.3,241420.87,194.42,W01,W05,7,COMPLIANT
MAT_039,Basalt Fiber High-Temp Insulation Roll,SUP_003,Nippon Advanced Metallurgy,PLANT_04,Tokyo Precision Facility,W05,647,183.62,0.45,119047.27,194.42,W01,W05,4,SUB_MOQ_VIOLATION
MAT_039,Basalt Fiber High-Temp Insulation Roll,SUP_003,Nippon Advanced Metallurgy,PLANT_05,Chennai Industrial Complex,W05,1494,183.62,3.6,279650.51,194.42,W01,W05,6,COMPLIANT
MAT_039,Basalt Fiber High-Temp Insulation Roll,SUP_006,Saigon Composite Solutions,PLANT_02,Munich Engineering Works,W05,424,193.95,7.7,85600.42,194.42,W01,W05,9,COMPLIANT
MAT_039,Basalt Fiber High-Temp Insulation Roll,SUP_006,Saigon Composite Solutions,PLANT_03,Monterrey Global Production Hub,W05,688,193.95,6.6,137998.45,194.42,W01,W05,9,COMPLIANT
MAT_039,Basalt Fiber High-Temp Insulation Roll,SUP_006,Saigon Composite Solutions,PLANT_04,Tokyo Precision Facility,W05,348,193.95,1.85,68187.35,194.42,W01,W05,7,COMPLIANT
MAT_039,Basalt Fiber High-Temp Insulation Roll,SUP_006,Saigon Composite Solutions,PLANT_05,Chennai Industrial Complex,W05,804,193.95,2.1,157683.01,194.42,W01,W05,7,COMPLIANT
MAT_039,Basalt Fiber High-Temp Insulation Roll,SUP_008,Taiwan Micro-Silicon Ltd,PLANT_01,Detroit Advanced Assembly Hub,W05,724,198.21,5.2,147299.35,194.42,W01,W05,8,SUB_MOQ_VIOLATION
MAT_039,Basalt Fiber High-Temp Insulation Roll,SUP_008,Taiwan Micro-Silicon Ltd,PLANT_02,Munich Engineering Works,W05,276,198.21,6.5,56469.25,194.42,W01,W05,8,SUB_MOQ_VIOLATION
MAT_040,High-Modulus Epoxy Resin Infusion Matrix,SUP_003,Nippon Advanced Metallurgy,PLANT_01,Detroit Advanced Assembly Hub,W05,390,140.07,5.1,56665.66,141.81,W01,W05,8,SUB_MOQ_VIOLATION
MAT_040,High-Modulus Epoxy Resin Infusion Matrix,SUP_003,Nippon Advanced Metallurgy,PLANT_02,Munich Engineering Works,W05,583,140.07,6.5,85435.65,141.81,W01,W05,9,SUB_MOQ_VIOLATION
MAT_040,High-Modulus Epoxy Resin Infusion Matrix,SUP_003,Nippon Advanced Metallurgy,PLANT_03,Monterrey Global Production Hub,W05,656,140.07,5.3,95359.81,141.81,W01,W05,9,SUB_MOQ_VIOLATION
MAT_040,High-Modulus Epoxy Resin Infusion Matrix,SUP_003,Nippon Advanced Metallurgy,PLANT_04,Tokyo Precision Facility,W05,440,140.07,0.45,61778.21,141.81,W01,W05,6,SUB_MOQ_VIOLATION
MAT_040,High-Modulus Epoxy Resin Infusion Matrix,SUP_003,Nippon Advanced Metallurgy,PLANT_05,Chennai Industrial Complex,W05,484,140.07,3.6,69496.05,141.81,W01,W05,8,SUB_MOQ_VIOLATION
MAT_040,High-Modulus Epoxy Resin Infusion Matrix,SUP_006,Saigon Composite Solutions,PLANT_03,Monterrey Global Production Hub,W05,430,140.83,6.6,63362.47,141.81,W01,W05,6,SUB_MOQ_VIOLATION
MAT_040,High-Modulus Epoxy Resin Infusion Matrix,SUP_006,Saigon Composite Solutions,PLANT_04,Tokyo Precision Facility,W05,318,140.83,1.85,45423.6,141.81,W01,W05,4,SUB_MOQ_VIOLATION
MAT_040,High-Modulus Epoxy Resin Infusion Matrix,SUP_006,Saigon Composite Solutions,PLANT_05,Chennai Industrial Complex,W05,350,140.83,2.1,50065.52,141.81,W01,W05,4,SUB_MOQ_VIOLATION
MAT_040,High-Modulus Epoxy Resin Infusion Matrix,SUP_008,Taiwan Micro-Silicon Ltd,PLANT_01,Detroit Advanced Assembly Hub,W05,283,148.12,5.2,43337.43,141.81,W01,W05,6,SUB_MOQ_VIOLATION
MAT_040,High-Modulus Epoxy Resin Infusion Matrix,SUP_008,Taiwan Micro-Silicon Ltd,PLANT_02,Munich Engineering Works,W05,422,148.12,6.5,65265.1,141.81,W01,W05,6,SUB_MOQ_VIOLATION
MAT_040,High-Modulus Epoxy Resin Infusion Matrix,SUP_008,Taiwan Micro-Silicon Ltd,PLANT_03,Monterrey Global Production Hub,W05,45,148.12,5.4,6945.24,141.81,W01,W05,6,SUB_MOQ_VIOLATION
MAT_001,High-Tensile Structural Steel I-Beam,SUP_001,Apex Precision Metals GmbH,PLANT_02,Munich Engineering Works,W06,460,17.91,0.45,8449.27,18.41,W01,W06,5,SUB_MOQ_VIOLATION
MAT_001,High-Tensile Structural Steel I-Beam,SUP_001,Apex Precision Metals GmbH,PLANT_05,Chennai Industrial Complex,W06,379,17.91,5.1,8726.77,18.41,W01,W06,7,SUB_MOQ_VIOLATION
MAT_001,High-Tensile Structural Steel I-Beam,SUP_002,Vanguard Industrial Dynamics,PLANT_01,Detroit Advanced Assembly Hub,W06,551,18.86,0.5,10675.3,18.41,W03,W06,3,COMPLIANT
MAT_001,High-Tensile Structural Steel I-Beam,SUP_002,Vanguard Industrial Dynamics,PLANT_02,Munich Engineering Works,W06,34,18.86,3.5,749.28,18.41,W01,W06,5,SUB_MOQ_VIOLATION
MAT_001,High-Tensile Structural Steel I-Beam,SUP_002,Vanguard Industrial Dynamics,PLANT_03,Monterrey Global Production Hub,W06,593,18.86,1.6,12138.3,18.41,W03,W06,3,COMPLIANT
MAT_001,High-Tensile Structural Steel I-Beam,SUP_002,Vanguard Industrial Dynamics,PLANT_04,Tokyo Precision Facility,W06,310,18.86,6.2,7769.35,18.41,W01,W06,6,COMPLIANT
MAT_001,High-Tensile Structural Steel I-Beam,SUP_005,MexSteel & Polymer Fabrica,PLANT_01,Detroit Advanced Assembly Hub,W06,272,18.64,1.7,5524.14,18.41,W02,W06,4,SUB_MOQ_VIOLATION
MAT_001,High-Tensile Structural Steel I-Beam,SUP_005,MexSteel & Polymer Fabrica,PLANT_03,Monterrey Global Production Hub,W06,854,18.64,0.45,16297.71,18.41,W02,W06,4,COMPLIANT
MAT_001,High-Tensile Structural Steel I-Beam,SUP_007,Bharat Precision Engineering,PLANT_02,Munich Engineering Works,W06,286,20.15,5.05,7214.51,18.41,W01,W06,8,SUB_MOQ_VIOLATION
MAT_001,High-Tensile Structural Steel I-Beam,SUP_007,Bharat Precision Engineering,PLANT_04,Tokyo Precision Facility,W06,411,20.15,3.65,9781.09,18.41,W01,W06,8,SUB_MOQ_VIOLATION
MAT_001,High-Tensile Structural Steel I-Beam,SUP_007,Bharat Precision Engineering,PLANT_05,Chennai Industrial Complex,W06,503,20.15,0.45,10356.44,18.41,W01,W06,6,SUB_MOQ_VIOLATION
MAT_002,Cold-Rolled Carbon Steel Sheet 2mm,SUP_001,Apex Precision Metals GmbH,PLANT_02,Munich Engineering Works,W06,437,8.77,0.45,4026.93,8.89,W01,W06,7,SUB_MOQ_VIOLATION
MAT_002,Cold-Rolled Carbon Steel Sheet 2mm,SUP_001,Apex Precision Metals GmbH,PLANT_05,Chennai Industrial Complex,W06,785,8.77,5.1,10893.5,8.89,W01,W06,9,COMPLIANT
MAT_002,Cold-Rolled Carbon Steel Sheet 2mm,SUP_002,Vanguard Industrial Dynamics,PLANT_01,Detroit Advanced Assembly Hub,W06,1412,8.92,0.5,13299.16,8.89,W02,W06,4,COMPLIANT
MAT_002,Cold-Rolled Carbon Steel Sheet 2mm,SUP_002,Vanguard Industrial Dynamics,PLANT_02,Munich Engineering Works,W06,279,8.92,3.5,3468.16,8.89,W01,W06,6,SUB_MOQ_VIOLATION
MAT_002,Cold-Rolled Carbon Steel Sheet 2mm,SUP_002,Vanguard Industrial Dynamics,PLANT_03,Monterrey Global Production Hub,W06,678,8.92,1.6,7134.03,8.89,W02,W06,4,SUB_MOQ_VIOLATION
MAT_002,Cold-Rolled Carbon Steel Sheet 2mm,SUP_002,Vanguard Industrial Dynamics,PLANT_04,Tokyo Precision Facility,W06,753,8.92,6.2,11381.73,8.89,W01,W06,7,SUB_MOQ_VIOLATION
MAT_002,Cold-Rolled Carbon Steel Sheet 2mm,SUP_005,MexSteel & Polymer Fabrica,PLANT_01,Detroit Advanced Assembly Hub,W06,941,9.48,1.7,10522.62,8.89,W01,W06,5,COMPLIANT
MAT_002,Cold-Rolled Carbon Steel Sheet 2mm,SUP_005,MexSteel & Polymer Fabrica,PLANT_03,Monterrey Global Production Hub,W06,976,9.48,0.45,9690.29,8.89,W01,W06,5,COMPLIANT
MAT_002,Cold-Rolled Carbon Steel Sheet 2mm,SUP_007,Bharat Precision Engineering,PLANT_04,Tokyo Precision Facility,W06,1461,9.39,3.65,19054.57,8.89,W01,W06,8,COMPLIANT
MAT_002,Cold-Rolled Carbon Steel Sheet 2mm,SUP_007,Bharat Precision Engineering,PLANT_05,Chennai Industrial Complex,W06,1525,9.39,0.45,15002.06,8.89,W01,W06,6,COMPLIANT
MAT_003,Austenitic Stainless Steel 316L Plate,SUP_001,Apex Precision Metals GmbH,PLANT_02,Munich Engineering Works,W06,700,12.58,0.45,9122.95,12.76,W02,W06,4,COMPLIANT
MAT_003,Austenitic Stainless Steel 316L Plate,SUP_001,Apex Precision Metals GmbH,PLANT_05,Chennai Industrial Complex,W06,374,12.58,5.1,6604.54,12.76,W01,W06,6,SUB_MOQ_VIOLATION
MAT_003,Austenitic Stainless Steel 316L Plate,SUP_002,Vanguard Industrial Dynamics,PLANT_01,Detroit Advanced Assembly Hub,W06,1120,13.05,0.5,15178.71,12.76,W02,W06,4,COMPLIANT
MAT_003,Austenitic Stainless Steel 316L Plate,SUP_002,Vanguard Industrial Dynamics,PLANT_02,Munich Engineering Works,W06,345,13.05,3.5,5707.27,12.76,W01,W06,6,COMPLIANT
MAT_003,Austenitic Stainless Steel 316L Plate,SUP_002,Vanguard Industrial Dynamics,PLANT_03,Monterrey Global Production Hub,W06,297,13.05,1.6,4353.39,12.76,W02,W06,4,COMPLIANT
MAT_003,Austenitic Stainless Steel 316L Plate,SUP_002,Vanguard Industrial Dynamics,PLANT_04,Tokyo Precision Facility,W06,399,13.05,6.2,7673.82,12.76,W01,W06,7,COMPLIANT
MAT_003,Austenitic Stainless Steel 316L Plate,SUP_005,MexSteel & Polymer Fabrica,PLANT_01,Detroit Advanced Assembly Hub,W06,747,13.6,1.7,11426.04,12.76,W01,W06,5,COMPLIANT
MAT_003,Austenitic Stainless Steel 316L Plate,SUP_005,MexSteel & Polymer Fabrica,PLANT_03,Monterrey Global Production Hub,W06,577,13.6,0.45,8104.6,12.76,W01,W06,5,COMPLIANT
MAT_003,Austenitic Stainless Steel 316L Plate,SUP_007,Bharat Precision Engineering,PLANT_04,Tokyo Precision Facility,W06,809,13.69,3.65,14034.3,12.76,W01,W06,8,COMPLIANT
MAT_003,Austenitic Stainless Steel 316L Plate,SUP_007,Bharat Precision Engineering,PLANT_05,Chennai Industrial Complex,W06,758,13.69,0.45,10724.34,12.76,W01,W06,6,COMPLIANT
MAT_004,Galvanized Structural Angle Steel,SUP_001,Apex Precision Metals GmbH,PLANT_02,Munich Engineering Works,W06,928,11.45,0.45,11045.58,11.96,W02,W06,4,COMPLIANT
MAT_004,Galvanized Structural Angle Steel,SUP_001,Apex Precision Metals GmbH,PLANT_05,Chennai Industrial Complex,W06,274,11.45,5.1,4542.97,11.96,W01,W06,6,SUB_MOQ_VIOLATION
MAT_004,Galvanized Structural Angle Steel,SUP_002,Vanguard Industrial Dynamics,PLANT_01,Detroit Advanced Assembly Hub,W06,503,11.89,0.5,6228.21,11.96,W03,W06,3,SUB_MOQ_VIOLATION
MAT_004,Galvanized Structural Angle Steel,SUP_002,Vanguard Industrial Dynamics,PLANT_02,Munich Engineering Works,W06,500,11.89,3.5,7691.92,11.96,W01,W06,5,SUB_MOQ_VIOLATION
MAT_004,Galvanized Structural Angle Steel,SUP_002,Vanguard Industrial Dynamics,PLANT_03,Monterrey Global Production Hub,W06,423,11.89,1.6,5706.27,11.96,W03,W06,3,SUB_MOQ_VIOLATION
MAT_004,Galvanized Structural Angle Steel,SUP_002,Vanguard Industrial Dynamics,PLANT_04,Tokyo Precision Facility,W06,459,11.89,6.2,8294.63,11.96,W01,W06,6,SUB_MOQ_VIOLATION
MAT_004,Galvanized Structural Angle Steel,SUP_005,MexSteel & Polymer Fabrica,PLANT_01,Detroit Advanced Assembly Hub,W06,349,12.54,1.7,4974.32,11.96,W01,W06,7,SUB_MOQ_VIOLATION
MAT_004,Galvanized Structural Angle Steel,SUP_005,MexSteel & Polymer Fabrica,PLANT_03,Monterrey Global Production Hub,W06,517,12.54,0.45,6715.83,11.96,W01,W06,7,SUB_MOQ_VIOLATION
MAT_004,Galvanized Structural Angle Steel,SUP_005,MexSteel & Polymer Fabrica,PLANT_04,Tokyo Precision Facility,W06,134,12.54,6.45,2538.58,11.96,W01,W06,10,SUB_MOQ_VIOLATION
MAT_004,Galvanized Structural Angle Steel,SUP_007,Bharat Precision Engineering,PLANT_04,Tokyo Precision Facility,W06,1382,13.19,3.65,23269.51,11.96,W01,W06,6,COMPLIANT
MAT_004,Galvanized Structural Angle Steel,SUP_007,Bharat Precision Engineering,PLANT_05,Chennai Industrial Complex,W06,640,13.19,0.45,8736.42,11.96,W02,W06,4,SUB_MOQ_VIOLATION
MAT_005,Hardox 450 Wear-Resistant Steel,SUP_001,Apex Precision Metals GmbH,PLANT_01,Detroit Advanced Assembly Hub,W06,902,18.57,3.4,19812.55,19.92,W01,W06,7,SUB_MOQ_VIOLATION
MAT_005,Hardox 450 Wear-Resistant Steel,SUP_001,Apex Precision Metals GmbH,PLANT_02,Munich Engineering Works,W06,1539,18.57,0.45,29271.59,19.92,W01,W06,6,COMPLIANT
MAT_005,Hardox 450 Wear-Resistant Steel,SUP_001,Apex Precision Metals GmbH,PLANT_04,Tokyo Precision Facility,W06,686,18.57,7.6,17953.41,19.92,W01,W06,9,SUB_MOQ_VIOLATION
MAT_005,Hardox 450 Wear-Resistant Steel,SUP_001,Apex Precision Metals GmbH,PLANT_05,Chennai Industrial Complex,W06,627,18.57,5.1,14844.17,19.92,W01,W06,8,SUB_MOQ_VIOLATION
MAT_005,Hardox 450 Wear-Resistant Steel,SUP_002,Vanguard Industrial Dynamics,PLANT_01,Detroit Advanced Assembly Hub,W06,1603,19.84,0.5,32609.09,19.92,W03,W06,3,COMPLIANT
MAT_005,Hardox 450 Wear-Resistant Steel,SUP_002,Vanguard Industrial Dynamics,PLANT_02,Munich Engineering Works,W06,758,19.84,3.5,17691.95,19.92,W01,W06,5,SUB_MOQ_VIOLATION
MAT_005,Hardox 450 Wear-Resistant Steel,SUP_002,Vanguard Industrial Dynamics,PLANT_03,Monterrey Global Production Hub,W06,745,19.84,1.6,15982.88,19.92,W03,W06,3,SUB_MOQ_VIOLATION
MAT_005,Hardox 450 Wear-Resistant Steel,SUP_005,MexSteel & Polymer Fabrica,PLANT_03,Monterrey Global Production Hub,W06,1514,20.42,0.45,31587.37,19.92,W03,W06,3,COMPLIANT
MAT_005,Hardox 450 Wear-Resistant Steel,SUP_007,Bharat Precision Engineering,PLANT_04,Tokyo Precision Facility,W06,1527,21.74,3.65,38769.77,19.92,W01,W06,7,COMPLIANT
MAT_005,Hardox 450 Wear-Resistant Steel,SUP_007,Bharat Precision Engineering,PLANT_05,Chennai Industrial Complex,W06,1396,21.74,0.45,30974.36,19.92,W01,W06,5,COMPLIANT
MAT_006,Aerospace Grade 7075-T6 Billet,SUP_001,Apex Precision Metals GmbH,PLANT_01,Detroit Advanced Assembly Hub,W06,1075,36.46,3.4,42850.3,37.01,W01,W06,6,SUB_MOQ_VIOLATION
MAT_006,Aerospace Grade 7075-T6 Billet,SUP_001,Apex Precision Metals GmbH,PLANT_02,Munich Engineering Works,W06,451,36.46,0.45,16641.61,37.01,W01,W06,5,SUB_MOQ_VIOLATION
MAT_006,Aerospace Grade 7075-T6 Billet,SUP_001,Apex Precision Metals GmbH,PLANT_03,Monterrey Global Production Hub,W06,509,36.46,4.8,20982.77,37.01,W01,W06,7,SUB_MOQ_VIOLATION
MAT_006,Aerospace Grade 7075-T6 Billet,SUP_001,Apex Precision Metals GmbH,PLANT_04,Tokyo Precision Facility,W06,1046,36.46,7.6,46104.38,37.01,W01,W06,8,SUB_MOQ_VIOLATION
MAT_006,Aerospace Grade 7075-T6 Billet,SUP_001,Apex Precision Metals GmbH,PLANT_05,Chennai Industrial Complex,W06,628,36.46,5.1,26083.06,37.01,W01,W06,7,SUB_MOQ_VIOLATION
MAT_006,Aerospace Grade 7075-T6 Billet,SUP_003,Nippon Advanced Metallurgy,PLANT_02,Munich Engineering Works,W06,340,37.9,6.5,15101.77,37.01,W01,W06,8,SUB_MOQ_VIOLATION
MAT_006,Aerospace Grade 7075-T6 Billet,SUP_003,Nippon Advanced Metallurgy,PLANT_04,Tokyo Precision Facility,W06,1570,37.9,0.45,60194.16,37.01,W01,W06,5,COMPLIANT
MAT_006,Aerospace Grade 7075-T6 Billet,SUP_003,Nippon Advanced Metallurgy,PLANT_05,Chennai Industrial Complex,W06,941,37.9,3.6,39068.1,37.01,W01,W06,7,SUB_MOQ_VIOLATION
MAT_006,Aerospace Grade 7075-T6 Billet,SUP_005,MexSteel & Polymer Fabrica,PLANT_01,Detroit Advanced Assembly Hub,W06,811,38.93,1.7,32950.12,37.01,W02,W06,4,SUB_MOQ_VIOLATION
MAT_006,Aerospace Grade 7075-T6 Billet,SUP_005,MexSteel & Polymer Fabrica,PLANT_03,Monterrey Global Production Hub,W06,944,38.93,0.45,37192.44,37.01,W02,W06,4,SUB_MOQ_VIOLATION
MAT_007,Structural Aluminum 6061-T6 Extrusion,SUP_001,Apex Precision Metals GmbH,PLANT_01,Detroit Advanced Assembly Hub,W06,1313,43.44,3.4,61510.29,44.33,W01,W06,6,COMPLIANT
MAT_007,Structural Aluminum 6061-T6 Extrusion,SUP_001,Apex Precision Metals GmbH,PLANT_02,Munich Engineering Works,W06,482,43.44,0.45,21172.54,44.33,W01,W06,5,SUB_MOQ_VIOLATION
MAT_007,Structural Aluminum 6061-T6 Extrusion,SUP_001,Apex Precision Metals GmbH,PLANT_03,Monterrey Global Production Hub,W06,494,43.44,4.8,23840.21,44.33,W01,W06,7,SUB_MOQ_VIOLATION
MAT_007,Structural Aluminum 6061-T6 Extrusion,SUP_001,Apex Precision Metals GmbH,PLANT_04,Tokyo Precision Facility,W06,802,43.44,7.6,40908.56,44.33,W01,W06,8,COMPLIANT
MAT_007,Structural Aluminum 6061-T6 Extrusion,SUP_001,Apex Precision Metals GmbH,PLANT_05,Chennai Industrial Complex,W06,724,43.44,5.1,35150.24,44.33,W01,W06,7,SUB_MOQ_VIOLATION
MAT_007,Structural Aluminum 6061-T6 Extrusion,SUP_003,Nippon Advanced Metallurgy,PLANT_02,Munich Engineering Works,W06,238,44.61,6.5,12143.74,44.33,W01,W06,9,SUB_MOQ_VIOLATION
MAT_007,Structural Aluminum 6061-T6 Extrusion,SUP_003,Nippon Advanced Metallurgy,PLANT_04,Tokyo Precision Facility,W06,1488,44.61,0.45,67071.81,44.33,W01,W06,6,COMPLIANT
MAT_007,Structural Aluminum 6061-T6 Extrusion,SUP_003,Nippon Advanced Metallurgy,PLANT_05,Chennai Industrial Complex,W06,1345,44.61,3.6,64835.22,44.33,W01,W06,8,COMPLIANT
MAT_007,Structural Aluminum 6061-T6 Extrusion,SUP_005,MexSteel & Polymer Fabrica,PLANT_01,Detroit Advanced Assembly Hub,W06,647,46.13,1.7,30936.44,44.33,W03,W06,3,COMPLIANT
MAT_007,Structural Aluminum 6061-T6 Extrusion,SUP_005,MexSteel & Polymer Fabrica,PLANT_03,Monterrey Global Production Hub,W06,918,46.13,0.45,42751.12,44.33,W03,W06,3,COMPLIANT
MAT_008,Marine Grade 5083-H116 Plate,SUP_001,Apex Precision Metals GmbH,PLANT_01,Detroit Advanced Assembly Hub,W06,474,15.98,3.4,9179.92,16.96,W02,W06,4,COMPLIANT
MAT_008,Marine Grade 5083-H116 Plate,SUP_001,Apex Precision Metals GmbH,PLANT_02,Munich Engineering Works,W06,843,15.98,0.45,13853.78,16.96,W03,W06,3,COMPLIANT
MAT_008,Marine Grade 5083-H116 Plate,SUP_001,Apex Precision Metals GmbH,PLANT_03,Monterrey Global Production Hub,W06,358,15.98,4.8,7443.19,16.96,W01,W06,5,COMPLIANT
MAT_008,Marine Grade 5083-H116 Plate,SUP_001,Apex Precision Metals GmbH,PLANT_04,Tokyo Precision Facility,W06,351,15.98,7.6,8268.09,16.96,W01,W06,6,COMPLIANT
MAT_008,Marine Grade 5083-H116 Plate,SUP_001,Apex Precision Metals GmbH,PLANT_05,Chennai Industrial Complex,W06,445,15.98,5.1,9387.35,16.96,W01,W06,5,COMPLIANT
MAT_008,Marine Grade 5083-H116 Plate,SUP_003,Nippon Advanced Metallurgy,PLANT_04,Tokyo Precision Facility,W06,623,17.32,0.45,11077.11,16.96,W01,W06,6,COMPLIANT
MAT_008,Marine Grade 5083-H116 Plate,SUP_003,Nippon Advanced Metallurgy,PLANT_05,Chennai Industrial Complex,W06,792,17.32,3.6,16561.95,16.96,W01,W06,8,COMPLIANT
MAT_008,Marine Grade 5083-H116 Plate,SUP_005,MexSteel & Polymer Fabrica,PLANT_01,Detroit Advanced Assembly Hub,W06,290,17.33,1.7,5524.79,16.96,W01,W06,6,SUB_MOQ_VIOLATION
MAT_008,Marine Grade 5083-H116 Plate,SUP_005,MexSteel & Polymer Fabrica,PLANT_02,Munich Engineering Works,W06,517,17.33,4.9,11488.46,16.96,W01,W06,8,SUB_MOQ_VIOLATION
MAT_008,Marine Grade 5083-H116 Plate,SUP_005,MexSteel & Polymer Fabrica,PLANT_03,Monterrey Global Production Hub,W06,475,17.33,0.45,8442.12,16.96,W01,W06,6,SUB_MOQ_VIOLATION
MAT_009,Die-Cast Aluminum A380 Ingot,SUP_001,Apex Precision Metals GmbH,PLANT_01,Detroit Advanced Assembly Hub,W06,706,27.55,3.4,21846.68,28.35,W02,W06,4,SUB_MOQ_VIOLATION
MAT_009,Die-Cast Aluminum A380 Ingot,SUP_001,Apex Precision Metals GmbH,PLANT_02,Munich Engineering Works,W06,1177,27.55,0.45,32959.92,28.35,W03,W06,3,COMPLIANT
MAT_009,Die-Cast Aluminum A380 Ingot,SUP_001,Apex Precision Metals GmbH,PLANT_03,Monterrey Global Production Hub,W06,690,27.55,4.8,22308.56,28.35,W01,W06,5,SUB_MOQ_VIOLATION
MAT_009,Die-Cast Aluminum A380 Ingot,SUP_001,Apex Precision Metals GmbH,PLANT_04,Tokyo Precision Facility,W06,263,27.55,7.6,9237.42,28.35,W01,W06,6,SUB_MOQ_VIOLATION
MAT_009,Die-Cast Aluminum A380 Ingot,SUP_001,Apex Precision Metals GmbH,PLANT_05,Chennai Industrial Complex,W06,662,27.55,5.1,21597.97,28.35,W01,W06,5,SUB_MOQ_VIOLATION
MAT_009,Die-Cast Aluminum A380 Ingot,SUP_003,Nippon Advanced Metallurgy,PLANT_02,Munich Engineering Works,W06,529,27.71,6.5,18092.3,28.35,W01,W06,9,COMPLIANT
MAT_009,Die-Cast Aluminum A380 Ingot,SUP_003,Nippon Advanced Metallurgy,PLANT_04,Tokyo Precision Facility,W06,613,27.71,0.45,17267.71,28.35,W01,W06,6,COMPLIANT
MAT_009,Die-Cast Aluminum A380 Ingot,SUP_003,Nippon Advanced Metallurgy,PLANT_05,Chennai Industrial Complex,W06,1544,27.71,3.6,48326.99,28.35,W01,W06,8,COMPLIANT
MAT_009,Die-Cast Aluminum A380 Ingot,SUP_005,MexSteel & Polymer Fabrica,PLANT_01,Detroit Advanced Assembly Hub,W06,317,29.65,1.7,9942.03,28.35,W01,W06,7,SUB_MOQ_VIOLATION
MAT_009,Die-Cast Aluminum A380 Ingot,SUP_005,MexSteel & Polymer Fabrica,PLANT_03,Monterrey Global Production Hub,W06,1465,29.65,0.45,44108.54,28.35,W01,W06,7,COMPLIANT
MAT_010,Alloy 2024-T3 Precision Sheet,SUP_001,Apex Precision Metals GmbH,PLANT_01,Detroit Advanced Assembly Hub,W06,1443,14.39,3.4,25673.46,15.01,W01,W06,5,COMPLIANT
MAT_010,Alloy 2024-T3 Precision Sheet,SUP_001,Apex Precision Metals GmbH,PLANT_02,Munich Engineering Works,W06,1125,14.39,0.45,16688.17,15.01,W02,W06,4,COMPLIANT
MAT_010,Alloy 2024-T3 Precision Sheet,SUP_001,Apex Precision Metals GmbH,PLANT_04,Tokyo Precision Facility,W06,322,14.39,7.6,7082.54,15.01,W01,W06,7,SUB_MOQ_VIOLATION
MAT_010,Alloy 2024-T3 Precision Sheet,SUP_001,Apex Precision Metals GmbH,PLANT_05,Chennai Industrial Complex,W06,950,14.39,5.1,18506.14,15.01,W01,W06,6,COMPLIANT
MAT_010,Alloy 2024-T3 Precision Sheet,SUP_003,Nippon Advanced Metallurgy,PLANT_04,Tokyo Precision Facility,W06,410,15.26,0.45,6439.84,15.01,W02,W06,4,SUB_MOQ_VIOLATION
MAT_010,Alloy 2024-T3 Precision Sheet,SUP_003,Nippon Advanced Metallurgy,PLANT_05,Chennai Industrial Complex,W06,1208,15.26,3.6,22791.93,15.01,W01,W06,6,COMPLIANT
MAT_010,Alloy 2024-T3 Precision Sheet,SUP_005,MexSteel & Polymer Fabrica,PLANT_01,Detroit Advanced Assembly Hub,W06,1003,15.42,1.7,17168.96,15.01,W01,W06,5,COMPLIANT
MAT_010,Alloy 2024-T3 Precision Sheet,SUP_005,MexSteel & Polymer Fabrica,PLANT_02,Munich Engineering Works,W06,721,15.42,4.9,14658.64,15.01,W01,W06,7,SUB_MOQ_VIOLATION
MAT_010,Alloy 2024-T3 Precision Sheet,SUP_005,MexSteel & Polymer Fabrica,PLANT_03,Monterrey Global Production Hub,W06,749,15.42,0.45,11887.74,15.01,W01,W06,5,SUB_MOQ_VIOLATION
MAT_010,Alloy 2024-T3 Precision Sheet,SUP_012,Monterrey Die & Mold S.A.,PLANT_02,Munich Engineering Works,W06,60,15.89,4.9,1248.86,15.01,W01,W06,8,SUB_MOQ_VIOLATION
MAT_010,Alloy 2024-T3 Precision Sheet,SUP_012,Monterrey Die & Mold S.A.,PLANT_03,Monterrey Global Production Hub,W06,440,15.89,0.45,7188.46,15.01,W01,W06,6,SUB_MOQ_VIOLATION
MAT_011,Engineered Polyamide PA66-GF30 Resin,SUP_002,Vanguard Industrial Dynamics,PLANT_01,Detroit Advanced Assembly Hub,W06,1366,10.91,0.5,15583.66,11.68,W01,W06,5,COMPLIANT
MAT_011,Engineered Polyamide PA66-GF30 Resin,SUP_002,Vanguard Industrial Dynamics,PLANT_02,Munich Engineering Works,W06,680,10.91,3.5,9792.17,11.68,W01,W06,7,SUB_MOQ_VIOLATION
MAT_011,Engineered Polyamide PA66-GF30 Resin,SUP_002,Vanguard Industrial Dynamics,PLANT_03,Monterrey Global Production Hub,W06,783,10.91,1.6,9798.33,11.68,W01,W06,5,SUB_MOQ_VIOLATION
MAT_011,Engineered Polyamide PA66-GF30 Resin,SUP_002,Vanguard Industrial Dynamics,PLANT_05,Chennai Industrial Complex,W06,474,10.91,6.4,8209.3,11.68,W01,W06,8,SUB_MOQ_VIOLATION
MAT_011,Engineered Polyamide PA66-GF30 Resin,SUP_004,Hansol High-Tech Components,PLANT_02,Munich Engineering Works,W06,434,11.47,6.55,7828.97,11.68,W01,W06,9,SUB_MOQ_VIOLATION
MAT_011,Engineered Polyamide PA66-GF30 Resin,SUP_004,Hansol High-Tech Components,PLANT_04,Tokyo Precision Facility,W06,1603,11.47,0.85,19743.54,11.68,W01,W06,6,COMPLIANT
MAT_011,Engineered Polyamide PA66-GF30 Resin,SUP_004,Hansol High-Tech Components,PLANT_05,Chennai Industrial Complex,W06,1653,11.47,3.55,24829.86,11.68,W01,W06,8,COMPLIANT
MAT_011,Engineered Polyamide PA66-GF30 Resin,SUP_005,MexSteel & Polymer Fabrica,PLANT_01,Detroit Advanced Assembly Hub,W06,873,12.28,1.7,12207.48,11.68,W01,W06,6,SUB_MOQ_VIOLATION
MAT_011,Engineered Polyamide PA66-GF30 Resin,SUP_005,MexSteel & Polymer Fabrica,PLANT_03,Monterrey Global Production Hub,W06,501,12.28,0.45,6374.67,11.68,W01,W06,6,SUB_MOQ_VIOLATION
MAT_011,Engineered Polyamide PA66-GF30 Resin,SUP_006,Saigon Composite Solutions,PLANT_04,Tokyo Precision Facility,W06,901,12.47,1.85,12908.62,11.68,W01,W06,7,SUB_MOQ_VIOLATION
MAT_011,Engineered Polyamide PA66-GF30 Resin,SUP_006,Saigon Composite Solutions,PLANT_05,Chennai Industrial Complex,W06,456,12.47,2.1,6638.5,11.68,W01,W06,7,SUB_MOQ_VIOLATION
MAT_012,High-Density Polyethylene HDPE Copolymer,SUP_002,Vanguard Industrial Dynamics,PLANT_01,Detroit Advanced Assembly Hub,W06,742,18.72,0.5,14252.01,19.14,W01,W06,6,COMPLIANT
MAT_012,High-Density Polyethylene HDPE Copolymer,SUP_002,Vanguard Industrial Dynamics,PLANT_02,Munich Engineering Works,W06,399,18.72,3.5,8858.23,19.14,W01,W06,8,SUB_MOQ_VIOLATION
MAT_012,High-Density Polyethylene HDPE Copolymer,SUP_002,Vanguard Industrial Dynamics,PLANT_03,Monterrey Global Production Hub,W06,272,18.72,1.6,5523.59,19.14,W01,W06,6,SUB_MOQ_VIOLATION
MAT_012,High-Density Polyethylene HDPE Copolymer,SUP_002,Vanguard Industrial Dynamics,PLANT_05,Chennai Industrial Complex,W06,63,18.72,6.4,1581.19,19.14,W01,W06,9,SUB_MOQ_VIOLATION
MAT_012,High-Density Polyethylene HDPE Copolymer,SUP_004,Hansol High-Tech Components,PLANT_04,Tokyo Precision Facility,W06,422,18.6,0.85,8200.12,19.14,W01,W06,6,SUB_MOQ_VIOLATION
MAT_012,High-Density Polyethylene HDPE Copolymer,SUP_004,Hansol High-Tech Components,PLANT_05,Chennai Industrial Complex,W06,715,18.6,3.55,15830.16,19.14,W01,W06,8,SUB_MOQ_VIOLATION
MAT_012,High-Density Polyethylene HDPE Copolymer,SUP_005,MexSteel & Polymer Fabrica,PLANT_01,Detroit Advanced Assembly Hub,W06,454,20.39,1.7,10039.46,19.14,W01,W06,7,SUB_MOQ_VIOLATION
MAT_012,High-Density Polyethylene HDPE Copolymer,SUP_005,MexSteel & Polymer Fabrica,PLANT_02,Munich Engineering Works,W06,244,20.39,4.9,6179.36,19.14,W01,W06,9,SUB_MOQ_VIOLATION
MAT_012,High-Density Polyethylene HDPE Copolymer,SUP_005,MexSteel & Polymer Fabrica,PLANT_03,Monterrey Global Production Hub,W06,425,20.39,0.45,8860.54,19.14,W01,W06,7,SUB_MOQ_VIOLATION
MAT_012,High-Density Polyethylene HDPE Copolymer,SUP_005,MexSteel & Polymer Fabrica,PLANT_04,Tokyo Precision Facility,W06,76,20.39,6.45,2040.11,19.14,W01,W06,10,SUB_MOQ_VIOLATION
MAT_012,High-Density Polyethylene HDPE Copolymer,SUP_006,Saigon Composite Solutions,PLANT_04,Tokyo Precision Facility,W06,122,20.75,1.85,2766.01,19.14,W02,W06,4,SUB_MOQ_VIOLATION
MAT_012,High-Density Polyethylene HDPE Copolymer,SUP_006,Saigon Composite Solutions,PLANT_05,Chennai Industrial Complex,W06,273,20.75,2.1,6246.61,19.14,W02,W06,4,COMPLIANT
MAT_013,Polycarbonate Optical-Grade Pellets,SUP_002,Vanguard Industrial Dynamics,PLANT_01,Detroit Advanced Assembly Hub,W06,361,6.41,0.5,2492.85,6.69,W01,W06,5,COMPLIANT
MAT_013,Polycarbonate Optical-Grade Pellets,SUP_002,Vanguard Industrial Dynamics,PLANT_02,Munich Engineering Works,W06,726,6.41,3.5,7190.5,6.69,W01,W06,7,COMPLIANT
MAT_013,Polycarbonate Optical-Grade Pellets,SUP_002,Vanguard Industrial Dynamics,PLANT_03,Monterrey Global Production Hub,W06,574,6.41,1.6,4594.7,6.69,W01,W06,5,COMPLIANT
MAT_013,Polycarbonate Optical-Grade Pellets,SUP_002,Vanguard Industrial Dynamics,PLANT_05,Chennai Industrial Complex,W06,343,6.41,6.4,4393.32,6.69,W01,W06,8,COMPLIANT
MAT_013,Polycarbonate Optical-Grade Pellets,SUP_004,Hansol High-Tech Components,PLANT_02,Munich Engineering Works,W06,3,6.62,6.55,43.2,6.69,W01,W06,8,SUB_MOQ_VIOLATION
MAT_013,Polycarbonate Optical-Grade Pellets,SUP_004,Hansol High-Tech Components,PLANT_04,Tokyo Precision Facility,W06,931,6.62,0.85,6956.81,6.69,W01,W06,5,SUB_MOQ_VIOLATION
MAT_013,Polycarbonate Optical-Grade Pellets,SUP_004,Hansol High-Tech Components,PLANT_05,Chennai Industrial Complex,W06,1288,6.62,3.55,13096.32,6.69,W01,W06,7,COMPLIANT
MAT_013,Polycarbonate Optical-Grade Pellets,SUP_005,MexSteel & Polymer Fabrica,PLANT_01,Detroit Advanced Assembly Hub,W06,261,6.86,1.7,2236.21,6.69,W01,W06,6,COMPLIANT
MAT_013,Polycarbonate Optical-Grade Pellets,SUP_005,MexSteel & Polymer Fabrica,PLANT_02,Munich Engineering Works,W06,522,6.86,4.9,6140.37,6.69,W01,W06,8,COMPLIANT
MAT_013,Polycarbonate Optical-Grade Pellets,SUP_005,MexSteel & Polymer Fabrica,PLANT_03,Monterrey Global Production Hub,W06,415,6.86,0.45,3036.43,6.69,W01,W06,6,COMPLIANT
MAT_013,Polycarbonate Optical-Grade Pellets,SUP_006,Saigon Composite Solutions,PLANT_04,Tokyo Precision Facility,W06,459,7.43,1.85,4256.74,6.69,W01,W06,5,SUB_MOQ_VIOLATION
MAT_013,Polycarbonate Optical-Grade Pellets,SUP_006,Saigon Composite Solutions,PLANT_05,Chennai Industrial Complex,W06,291,7.43,2.1,2776.09,6.69,W01,W06,5,SUB_MOQ_VIOLATION
MAT_014,Polyether Ether Ketone PEEK Polymer,SUP_002,Vanguard Industrial Dynamics,PLANT_01,Detroit Advanced Assembly Hub,W06,419,10.82,0.5,4744.21,11.17,W02,W06,4,COMPLIANT
MAT_014,Polyether Ether Ketone PEEK Polymer,SUP_002,Vanguard Industrial Dynamics,PLANT_02,Munich Engineering Works,W06,1069,10.82,3.5,15303.07,11.17,W01,W06,6,COMPLIANT
MAT_014,Polyether Ether Ketone PEEK Polymer,SUP_002,Vanguard Industrial Dynamics,PLANT_03,Monterrey Global Production Hub,W06,1328,10.82,1.6,16496.87,11.17,W02,W06,4,COMPLIANT
MAT_014,Polyether Ether Ketone PEEK Polymer,SUP_002,Vanguard Industrial Dynamics,PLANT_05,Chennai Industrial Complex,W06,425,10.82,6.4,7325.11,11.17,W01,W06,7,COMPLIANT
MAT_014,Polyether Ether Ketone PEEK Polymer,SUP_004,Hansol High-Tech Components,PLANT_04,Tokyo Precision Facility,W06,1007,10.94,0.85,11869.46,11.17,W01,W06,6,COMPLIANT
MAT_014,Polyether Ether Ketone PEEK Polymer,SUP_004,Hansol High-Tech Components,PLANT_05,Chennai Industrial Complex,W06,1218,10.94,3.55,17654.91,11.17,W01,W06,8,COMPLIANT
MAT_014,Polyether Ether Ketone PEEK Polymer,SUP_005,MexSteel & Polymer Fabrica,PLANT_01,Detroit Advanced Assembly Hub,W06,343,11.43,1.7,4502.28,11.17,W01,W06,5,SUB_MOQ_VIOLATION
MAT_014,Polyether Ether Ketone PEEK Polymer,SUP_005,MexSteel & Polymer Fabrica,PLANT_02,Munich Engineering Works,W06,874,11.43,4.9,14278.14,11.17,W01,W06,7,COMPLIANT
MAT_014,Polyether Ether Ketone PEEK Polymer,SUP_005,MexSteel & Polymer Fabrica,PLANT_03,Monterrey Global Production Hub,W06,1087,11.43,0.45,12910.59,11.17,W01,W06,5,COMPLIANT
MAT_014,Polyether Ether Ketone PEEK Polymer,SUP_006,Saigon Composite Solutions,PLANT_04,Tokyo Precision Facility,W06,591,12.23,1.85,8324.94,11.17,W01,W06,5,COMPLIANT
MAT_014,Polyether Ether Ketone PEEK Polymer,SUP_006,Saigon Composite Solutions,PLANT_05,Chennai Industrial Complex,W06,290,12.23,2.1,4158.51,11.17,W01,W06,5,COMPLIANT
MAT_015,Thermoplastic Polyurethane TPU Elastomer,SUP_002,Vanguard Industrial Dynamics,PLANT_01,Detroit Advanced Assembly Hub,W06,1281,21.33,0.5,27956.37,22.9,W01,W06,7,COMPLIANT
MAT_015,Thermoplastic Polyurethane TPU Elastomer,SUP_002,Vanguard Industrial Dynamics,PLANT_02,Munich Engineering Works,W06,488,21.33,3.5,12112.82,22.9,W01,W06,9,SUB_MOQ_VIOLATION
MAT_015,Thermoplastic Polyurethane TPU Elastomer,SUP_002,Vanguard Industrial Dynamics,PLANT_03,Monterrey Global Production Hub,W06,983,21.33,1.6,22545.92,22.9,W01,W06,7,COMPLIANT
MAT_015,Thermoplastic Polyurethane TPU Elastomer,SUP_002,Vanguard Industrial Dynamics,PLANT_04,Tokyo Precision Facility,W06,259,21.33,6.2,7140.73,22.9,W01,W06,10,SUB_MOQ_VIOLATION
MAT_015,Thermoplastic Polyurethane TPU Elastomer,SUP_002,Vanguard Industrial Dynamics,PLANT_05,Chennai Industrial Complex,W06,425,21.33,6.4,11786.36,22.9,W01,W06,10,SUB_MOQ_VIOLATION
MAT_015,Thermoplastic Polyurethane TPU Elastomer,SUP_004,Hansol High-Tech Components,PLANT_04,Tokyo Precision Facility,W06,527,22.76,0.85,12433.5,22.9,W03,W06,3,COMPLIANT
MAT_015,Thermoplastic Polyurethane TPU Elastomer,SUP_004,Hansol High-Tech Components,PLANT_05,Chennai Industrial Complex,W06,863,22.76,3.55,22704.48,22.9,W01,W06,5,COMPLIANT
MAT_015,Thermoplastic Polyurethane TPU Elastomer,SUP_005,MexSteel & Polymer Fabrica,PLANT_01,Detroit Advanced Assembly Hub,W06,575,23.46,1.7,14476.06,22.9,W01,W06,7,SUB_MOQ_VIOLATION
MAT_015,Thermoplastic Polyurethane TPU Elastomer,SUP_005,MexSteel & Polymer Fabrica,PLANT_02,Munich Engineering Works,W06,219,23.46,4.9,6215.66,22.9,W01,W06,9,SUB_MOQ_VIOLATION
MAT_015,Thermoplastic Polyurethane TPU Elastomer,SUP_005,MexSteel & Polymer Fabrica,PLANT_03,Monterrey Global Production Hub,W06,442,23.46,0.45,10562.24,22.9,W01,W06,7,SUB_MOQ_VIOLATION
MAT_016,Quad-Core Embedded Controller SoC,SUP_003,Nippon Advanced Metallurgy,PLANT_01,Detroit Advanced Assembly Hub,W06,1526,212.57,5.1,332221.01,227.56,W01,W06,5,COMPLIANT
MAT_016,Quad-Core Embedded Controller SoC,SUP_003,Nippon Advanced Metallurgy,PLANT_02,Munich Engineering Works,W06,1374,212.57,6.5,300892.65,227.56,W01,W06,6,COMPLIANT
MAT_016,Quad-Core Embedded Controller SoC,SUP_003,Nippon Advanced Metallurgy,PLANT_03,Monterrey Global Production Hub,W06,1620,212.57,5.3,352962.47,227.56,W01,W06,6,COMPLIANT
MAT_016,Quad-Core Embedded Controller SoC,SUP_003,Nippon Advanced Metallurgy,PLANT_04,Tokyo Precision Facility,W06,669,212.57,0.45,142437.95,227.56,W03,W06,3,SUB_MOQ_VIOLATION
MAT_016,Quad-Core Embedded Controller SoC,SUP_003,Nippon Advanced Metallurgy,PLANT_05,Chennai Industrial Complex,W06,757,212.57,3.6,163662.31,227.56,W01,W06,5,COMPLIANT
MAT_016,Quad-Core Embedded Controller SoC,SUP_004,Hansol High-Tech Components,PLANT_01,Detroit Advanced Assembly Hub,W06,752,222.17,5.15,170885.54,227.56,W01,W06,9,COMPLIANT
MAT_016,Quad-Core Embedded Controller SoC,SUP_004,Hansol High-Tech Components,PLANT_02,Munich Engineering Works,W06,676,222.17,6.55,154729.08,227.56,W01,W06,9,SUB_MOQ_VIOLATION
MAT_016,Quad-Core Embedded Controller SoC,SUP_004,Hansol High-Tech Components,PLANT_03,Monterrey Global Production Hub,W06,798,222.17,5.35,181547.31,227.56,W01,W06,9,COMPLIANT
MAT_016,Quad-Core Embedded Controller SoC,SUP_004,Hansol High-Tech Components,PLANT_04,Tokyo Precision Facility,W06,329,222.17,0.85,73449.41,227.56,W01,W06,6,SUB_MOQ_VIOLATION
MAT_016,Quad-Core Embedded Controller SoC,SUP_004,Hansol High-Tech Components,PLANT_05,Chennai Industrial Complex,W06,373,222.17,3.55,84170.99,227.56,W01,W06,8,SUB_MOQ_VIOLATION
MAT_017,Industrial Power Management Module,SUP_003,Nippon Advanced Metallurgy,PLANT_01,Detroit Advanced Assembly Hub,W06,754,113.98,5.1,89800.61,118.85,W01,W06,9,SUB_MOQ_VIOLATION
MAT_017,Industrial Power Management Module,SUP_003,Nippon Advanced Metallurgy,PLANT_02,Munich Engineering Works,W06,816,113.98,6.5,98311.68,118.85,W01,W06,10,SUB_MOQ_VIOLATION
MAT_017,Industrial Power Management Module,SUP_003,Nippon Advanced Metallurgy,PLANT_03,Monterrey Global Production Hub,W06,1193,113.98,5.3,142348.75,118.85,W01,W06,10,COMPLIANT
MAT_017,Industrial Power Management Module,SUP_003,Nippon Advanced Metallurgy,PLANT_04,Tokyo Precision Facility,W06,906,113.98,0.45,103723.93,118.85,W01,W06,7,SUB_MOQ_VIOLATION
MAT_017,Industrial Power Management Module,SUP_003,Nippon Advanced Metallurgy,PLANT_05,Chennai Industrial Complex,W06,1453,113.98,3.6,170862.55,118.85,W01,W06,9,COMPLIANT
MAT_017,Industrial Power Management Module,SUP_004,Hansol High-Tech Components,PLANT_01,Detroit Advanced Assembly Hub,W06,355,121.21,5.15,44842.64,118.85,W01,W06,8,COMPLIANT
MAT_017,Industrial Power Management Module,SUP_004,Hansol High-Tech Components,PLANT_02,Munich Engineering Works,W06,384,121.21,6.55,49059.84,118.85,W01,W06,8,COMPLIANT
MAT_017,Industrial Power Management Module,SUP_004,Hansol High-Tech Components,PLANT_03,Monterrey Global Production Hub,W06,562,121.21,5.35,71076.1,118.85,W01,W06,8,COMPLIANT
MAT_017,Industrial Power Management Module,SUP_004,Hansol High-Tech Components,PLANT_04,Tokyo Precision Facility,W06,427,121.21,0.85,52065.91,118.85,W01,W06,5,COMPLIANT
MAT_017,Industrial Power Management Module,SUP_004,Hansol High-Tech Components,PLANT_05,Chennai Industrial Complex,W06,684,121.21,3.55,85315.88,118.85,W01,W06,7,COMPLIANT
MAT_018,Multi-Layer High-Frequency PCB Array,SUP_003,Nippon Advanced Metallurgy,PLANT_01,Detroit Advanced Assembly Hub,W06,729,230.16,5.1,171561.0,242.4,W01,W06,6,SUB_MOQ_VIOLATION
MAT_018,Multi-Layer High-Frequency PCB Array,SUP_003,Nippon Advanced Metallurgy,PLANT_02,Munich Engineering Works,W06,1216,230.16,6.5,287776.19,242.4,W01,W06,7,COMPLIANT
MAT_018,Multi-Layer High-Frequency PCB Array,SUP_003,Nippon Advanced Metallurgy,PLANT_03,Monterrey Global Production Hub,W06,532,230.16,5.3,125168.18,242.4,W01,W06,7,SUB_MOQ_VIOLATION
MAT_018,Multi-Layer High-Frequency PCB Array,SUP_003,Nippon Advanced Metallurgy,PLANT_04,Tokyo Precision Facility,W06,592,230.16,0.45,136604.14,242.4,W02,W06,4,SUB_MOQ_VIOLATION
MAT_018,Multi-Layer High-Frequency PCB Array,SUP_003,Nippon Advanced Metallurgy,PLANT_05,Chennai Industrial Complex,W06,1167,230.16,3.6,272802.6,242.4,W01,W06,6,COMPLIANT
MAT_018,Multi-Layer High-Frequency PCB Array,SUP_004,Hansol High-Tech Components,PLANT_01,Detroit Advanced Assembly Hub,W06,507,239.2,5.15,123826.81,242.4,W01,W06,8,SUB_MOQ_VIOLATION
MAT_018,Multi-Layer High-Frequency PCB Array,SUP_004,Hansol High-Tech Components,PLANT_02,Munich Engineering Works,W06,845,239.2,6.55,207661.21,242.4,W01,W06,8,SUB_MOQ_VIOLATION
MAT_018,Multi-Layer High-Frequency PCB Array,SUP_004,Hansol High-Tech Components,PLANT_03,Monterrey Global Production Hub,W06,369,239.2,5.35,90339.22,242.4,W01,W06,8,SUB_MOQ_VIOLATION
MAT_018,Multi-Layer High-Frequency PCB Array,SUP_004,Hansol High-Tech Components,PLANT_04,Tokyo Precision Facility,W06,412,239.2,0.85,98814.18,242.4,W01,W06,5,SUB_MOQ_VIOLATION
MAT_018,Multi-Layer High-Frequency PCB Array,SUP_004,Hansol High-Tech Components,PLANT_05,Chennai Industrial Complex,W06,811,239.2,3.55,196865.4,242.4,W01,W06,7,SUB_MOQ_VIOLATION
MAT_019,Precision MEMS IMU Sensor Package,SUP_003,Nippon Advanced Metallurgy,PLANT_01,Detroit Advanced Assembly Hub,W06,1416,307.13,5.1,442017.77,316.16,W01,W06,8,COMPLIANT
MAT_019,Precision MEMS IMU Sensor Package,SUP_003,Nippon Advanced Metallurgy,PLANT_02,Munich Engineering Works,W06,1156,307.13,6.5,362681.73,316.16,W01,W06,9,COMPLIANT
MAT_019,Precision MEMS IMU Sensor Package,SUP_003,Nippon Advanced Metallurgy,PLANT_03,Monterrey Global Production Hub,W06,1186,307.13,5.3,370392.01,316.16,W01,W06,9,COMPLIANT
MAT_019,Precision MEMS IMU Sensor Package,SUP_003,Nippon Advanced Metallurgy,PLANT_04,Tokyo Precision Facility,W06,1058,307.13,0.45,325370.43,316.16,W01,W06,6,COMPLIANT
MAT_019,Precision MEMS IMU Sensor Package,SUP_003,Nippon Advanced Metallurgy,PLANT_05,Chennai Industrial Complex,W06,597,307.13,3.6,185493.38,316.16,W01,W06,8,SUB_MOQ_VIOLATION
MAT_019,Precision MEMS IMU Sensor Package,SUP_004,Hansol High-Tech Components,PLANT_01,Detroit Advanced Assembly Hub,W06,1112,310.88,5.15,351526.49,316.16,W01,W06,8,COMPLIANT
MAT_019,Precision MEMS IMU Sensor Package,SUP_004,Hansol High-Tech Components,PLANT_02,Munich Engineering Works,W06,909,310.88,6.55,288416.9,316.16,W01,W06,8,COMPLIANT
MAT_019,Precision MEMS IMU Sensor Package,SUP_004,Hansol High-Tech Components,PLANT_03,Monterrey Global Production Hub,W06,931,310.88,5.35,294561.92,316.16,W01,W06,8,COMPLIANT
MAT_019,Precision MEMS IMU Sensor Package,SUP_004,Hansol High-Tech Components,PLANT_04,Tokyo Precision Facility,W06,831,310.88,0.85,259097.51,316.16,W01,W06,5,COMPLIANT
MAT_019,Precision MEMS IMU Sensor Package,SUP_004,Hansol High-Tech Components,PLANT_05,Chennai Industrial Complex,W06,469,310.88,3.55,147480.25,316.16,W01,W06,7,SUB_MOQ_VIOLATION
MAT_020,Fiber-Optic Gigabit Transceiver Subassembly,SUP_003,Nippon Advanced Metallurgy,PLANT_01,Detroit Advanced Assembly Hub,W06,1296,44.87,5.1,64776.11,47.18,W01,W06,7,COMPLIANT
MAT_020,Fiber-Optic Gigabit Transceiver Subassembly,SUP_003,Nippon Advanced Metallurgy,PLANT_02,Munich Engineering Works,W06,675,44.87,6.5,34680.91,47.18,W01,W06,8,SUB_MOQ_VIOLATION
MAT_020,Fiber-Optic Gigabit Transceiver Subassembly,SUP_003,Nippon Advanced Metallurgy,PLANT_03,Monterrey Global Production Hub,W06,1137,44.87,5.3,57062.35,47.18,W01,W06,8,COMPLIANT
MAT_020,Fiber-Optic Gigabit Transceiver Subassembly,SUP_003,Nippon Advanced Metallurgy,PLANT_04,Tokyo Precision Facility,W06,1046,44.87,0.45,47392.94,47.18,W01,W06,5,COMPLIANT
MAT_020,Fiber-Optic Gigabit Transceiver Subassembly,SUP_003,Nippon Advanced Metallurgy,PLANT_05,Chennai Industrial Complex,W06,1246,44.87,3.6,60385.86,47.18,W01,W06,7,COMPLIANT
MAT_020,Fiber-Optic Gigabit Transceiver Subassembly,SUP_004,Hansol High-Tech Components,PLANT_01,Detroit Advanced Assembly Hub,W06,939,47.81,5.15,49713.55,47.18,W01,W06,6,COMPLIANT
MAT_020,Fiber-Optic Gigabit Transceiver Subassembly,SUP_004,Hansol High-Tech Components,PLANT_02,Munich Engineering Works,W06,489,47.81,6.55,26575.52,47.18,W01,W06,6,SUB_MOQ_VIOLATION
MAT_020,Fiber-Optic Gigabit Transceiver Subassembly,SUP_004,Hansol High-Tech Components,PLANT_03,Monterrey Global Production Hub,W06,824,47.81,5.35,43783.64,47.18,W01,W06,6,COMPLIANT
MAT_020,Fiber-Optic Gigabit Transceiver Subassembly,SUP_004,Hansol High-Tech Components,PLANT_04,Tokyo Precision Facility,W06,757,47.81,0.85,36848.27,47.18,W03,W06,3,COMPLIANT
MAT_020,Fiber-Optic Gigabit Transceiver Subassembly,SUP_004,Hansol High-Tech Components,PLANT_05,Chennai Industrial Complex,W06,902,47.81,3.55,46334.94,47.18,W01,W06,5,COMPLIANT
MAT_021,Angular Contact Spindle Bearing 7008,SUP_003,Nippon Advanced Metallurgy,PLANT_01,Detroit Advanced Assembly Hub,W06,868,116.17,5.1,105275.7,120.34,W01,W06,9,SUB_MOQ_VIOLATION
MAT_021,Angular Contact Spindle Bearing 7008,SUP_003,Nippon Advanced Metallurgy,PLANT_02,Munich Engineering Works,W06,1254,116.17,6.5,153828.18,120.34,W01,W06,10,COMPLIANT
MAT_021,Angular Contact Spindle Bearing 7008,SUP_003,Nippon Advanced Metallurgy,PLANT_03,Monterrey Global Production Hub,W06,354,116.17,5.3,42996.74,120.34,W01,W06,10,SUB_MOQ_VIOLATION
MAT_021,Angular Contact Spindle Bearing 7008,SUP_003,Nippon Advanced Metallurgy,PLANT_04,Tokyo Precision Facility,W06,1236,116.17,0.45,144180.8,120.34,W01,W06,7,COMPLIANT
MAT_021,Angular Contact Spindle Bearing 7008,SUP_003,Nippon Advanced Metallurgy,PLANT_05,Chennai Industrial Complex,W06,549,116.17,3.6,65742.95,120.34,W01,W06,9,SUB_MOQ_VIOLATION
MAT_021,Angular Contact Spindle Bearing 7008,SUP_011,Shinshu Bearing & Motion Systems,PLANT_01,Detroit Advanced Assembly Hub,W06,655,118.13,5.1,80702.09,120.34,W01,W06,7,COMPLIANT
MAT_021,Angular Contact Spindle Bearing 7008,SUP_011,Shinshu Bearing & Motion Systems,PLANT_02,Munich Engineering Works,W06,946,118.13,6.5,117899.98,120.34,W01,W06,8,COMPLIANT
MAT_021,Angular Contact Spindle Bearing 7008,SUP_011,Shinshu Bearing & Motion Systems,PLANT_03,Monterrey Global Production Hub,W06,267,118.13,5.3,32959.51,120.34,W01,W06,8,SUB_MOQ_VIOLATION
MAT_021,Angular Contact Spindle Bearing 7008,SUP_011,Shinshu Bearing & Motion Systems,PLANT_04,Tokyo Precision Facility,W06,933,118.13,0.45,110596.01,120.34,W01,W06,5,COMPLIANT
MAT_021,Angular Contact Spindle Bearing 7008,SUP_011,Shinshu Bearing & Motion Systems,PLANT_05,Chennai Industrial Complex,W06,414,118.13,3.6,50407.18,120.34,W01,W06,7,SUB_MOQ_VIOLATION
MAT_022,Double-Row Tapered Roller Bearing,SUP_003,Nippon Advanced Metallurgy,PLANT_01,Detroit Advanced Assembly Hub,W06,956,103.66,5.1,104023.5,106.66,W01,W06,8,COMPLIANT
MAT_022,Double-Row Tapered Roller Bearing,SUP_003,Nippon Advanced Metallurgy,PLANT_02,Munich Engineering Works,W06,1120,103.66,6.5,123357.17,106.66,W01,W06,9,COMPLIANT
MAT_022,Double-Row Tapered Roller Bearing,SUP_003,Nippon Advanced Metallurgy,PLANT_03,Monterrey Global Production Hub,W06,1419,103.66,5.3,154614.24,106.66,W01,W06,9,COMPLIANT
MAT_022,Double-Row Tapered Roller Bearing,SUP_003,Nippon Advanced Metallurgy,PLANT_04,Tokyo Precision Facility,W06,392,103.66,0.45,40769.48,106.66,W01,W06,6,SUB_MOQ_VIOLATION
MAT_022,Double-Row Tapered Roller Bearing,SUP_003,Nippon Advanced Metallurgy,PLANT_05,Chennai Industrial Complex,W06,1204,103.66,3.6,129194.67,106.66,W01,W06,8,COMPLIANT
MAT_022,Double-Row Tapered Roller Bearing,SUP_011,Shinshu Bearing & Motion Systems,PLANT_01,Detroit Advanced Assembly Hub,W06,783,105.28,5.1,86377.87,106.66,W01,W06,8,SUB_MOQ_VIOLATION
MAT_022,Double-Row Tapered Roller Bearing,SUP_011,Shinshu Bearing & Motion Systems,PLANT_02,Munich Engineering Works,W06,916,105.28,6.5,102412.84,106.66,W01,W06,9,SUB_MOQ_VIOLATION
MAT_022,Double-Row Tapered Roller Bearing,SUP_011,Shinshu Bearing & Motion Systems,PLANT_03,Monterrey Global Production Hub,W06,1161,105.28,5.3,128383.38,106.66,W01,W06,9,COMPLIANT
MAT_022,Double-Row Tapered Roller Bearing,SUP_011,Shinshu Bearing & Motion Systems,PLANT_04,Tokyo Precision Facility,W06,320,105.28,0.45,33875.89,106.66,W01,W06,6,SUB_MOQ_VIOLATION
MAT_022,Double-Row Tapered Roller Bearing,SUP_011,Shinshu Bearing & Motion Systems,PLANT_05,Chennai Industrial Complex,W06,986,105.28,3.6,107301.24,106.66,W01,W06,8,SUB_MOQ_VIOLATION
MAT_023,Deep-Groove Ceramic Hybrid Bearing,SUP_003,Nippon Advanced Metallurgy,PLANT_01,Detroit Advanced Assembly Hub,W06,1292,57.2,5.1,80499.7,61.21,W01,W06,6,COMPLIANT
MAT_023,Deep-Groove Ceramic Hybrid Bearing,SUP_003,Nippon Advanced Metallurgy,PLANT_02,Munich Engineering Works,W06,1121,57.2,6.5,71433.18,61.21,W01,W06,7,COMPLIANT
MAT_023,Deep-Groove Ceramic Hybrid Bearing,SUP_003,Nippon Advanced Metallurgy,PLANT_03,Monterrey Global Production Hub,W06,1057,57.2,5.3,66031.88,61.21,W01,W06,7,COMPLIANT
MAT_023,Deep-Groove Ceramic Hybrid Bearing,SUP_003,Nippon Advanced Metallurgy,PLANT_04,Tokyo Precision Facility,W06,1429,57.2,0.45,82408.95,61.21,W02,W06,4,COMPLIANT
MAT_023,Deep-Groove Ceramic Hybrid Bearing,SUP_003,Nippon Advanced Metallurgy,PLANT_05,Chennai Industrial Complex,W06,1281,57.2,3.6,77910.34,61.21,W01,W06,6,COMPLIANT
MAT_023,Deep-Groove Ceramic Hybrid Bearing,SUP_011,Shinshu Bearing & Motion Systems,PLANT_01,Detroit Advanced Assembly Hub,W06,759,60.49,5.1,49774.28,61.21,W01,W06,5,COMPLIANT
MAT_023,Deep-Groove Ceramic Hybrid Bearing,SUP_011,Shinshu Bearing & Motion Systems,PLANT_02,Munich Engineering Works,W06,659,60.49,6.5,44119.61,61.21,W01,W06,6,COMPLIANT
MAT_023,Deep-Groove Ceramic Hybrid Bearing,SUP_011,Shinshu Bearing & Motion Systems,PLANT_03,Monterrey Global Production Hub,W06,620,60.49,5.3,40822.04,61.21,W01,W06,6,COMPLIANT
MAT_023,Deep-Groove Ceramic Hybrid Bearing,SUP_011,Shinshu Bearing & Motion Systems,PLANT_04,Tokyo Precision Facility,W06,840,60.49,0.45,51160.96,61.21,W03,W06,3,COMPLIANT
MAT_023,Deep-Groove Ceramic Hybrid Bearing,SUP_011,Shinshu Bearing & Motion Systems,PLANT_05,Chennai Industrial Complex,W06,753,60.49,3.6,48232.85,61.21,W01,W06,5,COMPLIANT
MAT_024,Sealed Spherical Roller Bearing 22210,SUP_003,Nippon Advanced Metallurgy,PLANT_01,Detroit Advanced Assembly Hub,W06,1271,37.17,5.1,53716.72,37.75,W01,W06,9,COMPLIANT
MAT_024,Sealed Spherical Roller Bearing 22210,SUP_003,Nippon Advanced Metallurgy,PLANT_02,Munich Engineering Works,W06,460,37.17,6.5,20070.73,37.75,W01,W06,10,SUB_MOQ_VIOLATION
MAT_024,Sealed Spherical Roller Bearing 22210,SUP_003,Nippon Advanced Metallurgy,PLANT_03,Monterrey Global Production Hub,W06,637,37.17,5.3,27036.4,37.75,W01,W06,10,SUB_MOQ_VIOLATION
MAT_024,Sealed Spherical Roller Bearing 22210,SUP_003,Nippon Advanced Metallurgy,PLANT_04,Tokyo Precision Facility,W06,1181,37.17,0.45,44444.27,37.75,W01,W06,7,COMPLIANT
MAT_024,Sealed Spherical Roller Bearing 22210,SUP_003,Nippon Advanced Metallurgy,PLANT_05,Chennai Industrial Complex,W06,1360,37.17,3.6,55430.89,37.75,W01,W06,9,COMPLIANT
MAT_024,Sealed Spherical Roller Bearing 22210,SUP_011,Shinshu Bearing & Motion Systems,PLANT_01,Detroit Advanced Assembly Hub,W06,847,38.02,5.1,36531.26,37.75,W01,W06,5,SUB_MOQ_VIOLATION
MAT_024,Sealed Spherical Roller Bearing 22210,SUP_011,Shinshu Bearing & Motion Systems,PLANT_02,Munich Engineering Works,W06,306,38.02,6.5,13640.93,37.75,W01,W06,6,SUB_MOQ_VIOLATION
MAT_024,Sealed Spherical Roller Bearing 22210,SUP_011,Shinshu Bearing & Motion Systems,PLANT_03,Monterrey Global Production Hub,W06,424,38.02,5.3,18385.01,37.75,W01,W06,6,SUB_MOQ_VIOLATION
MAT_024,Sealed Spherical Roller Bearing 22210,SUP_011,Shinshu Bearing & Motion Systems,PLANT_04,Tokyo Precision Facility,W06,788,38.02,0.45,30298.97,37.75,W03,W06,3,SUB_MOQ_VIOLATION
MAT_024,Sealed Spherical Roller Bearing 22210,SUP_011,Shinshu Bearing & Motion Systems,PLANT_05,Chennai Industrial Complex,W06,906,38.02,3.6,37724.37,37.75,W01,W06,5,SUB_MOQ_VIOLATION
MAT_025,High-Speed Miniature Precision Bearing,SUP_003,Nippon Advanced Metallurgy,PLANT_01,Detroit Advanced Assembly Hub,W06,1102,131.11,5.1,150068.01,139.57,W01,W06,8,COMPLIANT
MAT_025,High-Speed Miniature Precision Bearing,SUP_003,Nippon Advanced Metallurgy,PLANT_02,Munich Engineering Works,W06,1557,131.11,6.5,214319.32,139.57,W01,W06,9,COMPLIANT
MAT_025,High-Speed Miniature Precision Bearing,SUP_003,Nippon Advanced Metallurgy,PLANT_03,Monterrey Global Production Hub,W06,1171,131.11,5.3,159676.09,139.57,W01,W06,9,COMPLIANT
MAT_025,High-Speed Miniature Precision Bearing,SUP_003,Nippon Advanced Metallurgy,PLANT_04,Tokyo Precision Facility,W06,916,131.11,0.45,120474.75,139.57,W01,W06,6,SUB_MOQ_VIOLATION
MAT_025,High-Speed Miniature Precision Bearing,SUP_003,Nippon Advanced Metallurgy,PLANT_05,Chennai Industrial Complex,W06,1135,131.11,3.6,152841.97,139.57,W01,W06,8,COMPLIANT
MAT_025,High-Speed Miniature Precision Bearing,SUP_011,Shinshu Bearing & Motion Systems,PLANT_01,Detroit Advanced Assembly Hub,W06,675,135.66,5.1,95049.6,139.57,W01,W06,7,SUB_MOQ_VIOLATION
MAT_025,High-Speed Miniature Precision Bearing,SUP_011,Shinshu Bearing & Motion Systems,PLANT_02,Munich Engineering Works,W06,955,135.66,6.5,135700.25,139.57,W01,W06,8,COMPLIANT
MAT_025,High-Speed Miniature Precision Bearing,SUP_011,Shinshu Bearing & Motion Systems,PLANT_03,Monterrey Global Production Hub,W06,717,135.66,5.3,101130.34,139.57,W01,W06,8,SUB_MOQ_VIOLATION
MAT_025,High-Speed Miniature Precision Bearing,SUP_011,Shinshu Bearing & Motion Systems,PLANT_04,Tokyo Precision Facility,W06,561,135.66,0.45,76393.1,139.57,W01,W06,5,SUB_MOQ_VIOLATION
MAT_025,High-Speed Miniature Precision Bearing,SUP_011,Shinshu Bearing & Motion Systems,PLANT_05,Chennai Industrial Complex,W06,695,135.66,3.6,96841.4,139.57,W01,W06,7,SUB_MOQ_VIOLATION
MAT_026,Proportional Electro-Hydraulic Valve,SUP_001,Apex Precision Metals GmbH,PLANT_01,Detroit Advanced Assembly Hub,W06,945,185.93,3.4,178843.01,194.59,W01,W06,5,SUB_MOQ_VIOLATION
MAT_026,Proportional Electro-Hydraulic Valve,SUP_001,Apex Precision Metals GmbH,PLANT_02,Munich Engineering Works,W06,1626,185.93,0.45,302986.78,194.59,W02,W06,4,COMPLIANT
MAT_026,Proportional Electro-Hydraulic Valve,SUP_001,Apex Precision Metals GmbH,PLANT_03,Monterrey Global Production Hub,W06,972,185.93,4.8,185298.01,194.59,W01,W06,6,SUB_MOQ_VIOLATION
MAT_026,Proportional Electro-Hydraulic Valve,SUP_001,Apex Precision Metals GmbH,PLANT_04,Tokyo Precision Facility,W06,1079,185.93,7.6,208849.83,194.59,W01,W06,7,SUB_MOQ_VIOLATION
MAT_026,Proportional Electro-Hydraulic Valve,SUP_001,Apex Precision Metals GmbH,PLANT_05,Chennai Industrial Complex,W06,582,185.93,5.1,111116.42,194.59,W01,W06,6,SUB_MOQ_VIOLATION
MAT_026,Proportional Electro-Hydraulic Valve,SUP_009,EuroHydraulics SpA,PLANT_01,Detroit Advanced Assembly Hub,W06,424,198.4,3.4,85641.9,194.59,W02,W06,4,COMPLIANT
MAT_026,Proportional Electro-Hydraulic Valve,SUP_009,EuroHydraulics SpA,PLANT_02,Munich Engineering Works,W06,730,198.4,0.45,145232.09,194.59,W03,W06,3,COMPLIANT
MAT_026,Proportional Electro-Hydraulic Valve,SUP_009,EuroHydraulics SpA,PLANT_03,Monterrey Global Production Hub,W06,436,198.4,4.8,88692.74,194.59,W01,W06,5,COMPLIANT
MAT_026,Proportional Electro-Hydraulic Valve,SUP_009,EuroHydraulics SpA,PLANT_04,Tokyo Precision Facility,W06,485,198.4,7.6,99877.04,194.59,W01,W06,6,COMPLIANT
MAT_026,Proportional Electro-Hydraulic Valve,SUP_009,EuroHydraulics SpA,PLANT_05,Chennai Industrial Complex,W06,261,198.4,5.1,53180.65,194.59,W01,W06,5,COMPLIANT
MAT_027,Double-Acting Heavy Cylinder 3000 PSI,SUP_001,Apex Precision Metals GmbH,PLANT_01,Detroit Advanced Assembly Hub,W06,742,95.5,3.4,73397.65,100.71,W01,W06,6,SUB_MOQ_VIOLATION
MAT_027,Double-Acting Heavy Cylinder 3000 PSI,SUP_001,Apex Precision Metals GmbH,PLANT_02,Munich Engineering Works,W06,1446,95.5,0.45,138728.35,100.71,W01,W06,5,COMPLIANT
MAT_027,Double-Acting Heavy Cylinder 3000 PSI,SUP_001,Apex Precision Metals GmbH,PLANT_03,Monterrey Global Production Hub,W06,989,95.5,4.8,99186.67,100.71,W01,W06,7,SUB_MOQ_VIOLATION
MAT_027,Double-Acting Heavy Cylinder 3000 PSI,SUP_001,Apex Precision Metals GmbH,PLANT_04,Tokyo Precision Facility,W06,668,95.5,7.6,68907.92,100.71,W01,W06,8,SUB_MOQ_VIOLATION
MAT_027,Double-Acting Heavy Cylinder 3000 PSI,SUP_001,Apex Precision Metals GmbH,PLANT_05,Chennai Industrial Complex,W06,1204,95.5,5.1,121126.42,100.71,W01,W06,7,COMPLIANT
MAT_027,Double-Acting Heavy Cylinder 3000 PSI,SUP_009,EuroHydraulics SpA,PLANT_01,Detroit Advanced Assembly Hub,W06,455,98.17,3.4,46200.13,100.71,W01,W06,7,COMPLIANT
MAT_027,Double-Acting Heavy Cylinder 3000 PSI,SUP_009,EuroHydraulics SpA,PLANT_02,Munich Engineering Works,W06,886,98.17,0.45,87393.1,100.71,W01,W06,6,COMPLIANT
MAT_027,Double-Acting Heavy Cylinder 3000 PSI,SUP_009,EuroHydraulics SpA,PLANT_03,Monterrey Global Production Hub,W06,606,98.17,4.8,62410.12,100.71,W01,W06,8,COMPLIANT
MAT_027,Double-Acting Heavy Cylinder 3000 PSI,SUP_007,Bharat Precision Engineering,PLANT_04,Tokyo Precision Facility,W06,410,101.87,3.65,43225.21,100.71,W01,W06,9,SUB_MOQ_VIOLATION
MAT_027,Double-Acting Heavy Cylinder 3000 PSI,SUP_007,Bharat Precision Engineering,PLANT_05,Chennai Industrial Complex,W06,738,101.87,0.45,75508.07,100.71,W01,W06,7,COMPLIANT
MAT_028,Variable Displacement Piston Pump Core,SUP_001,Apex Precision Metals GmbH,PLANT_01,Detroit Advanced Assembly Hub,W06,639,99.77,3.4,65913.25,102.24,W01,W06,8,SUB_MOQ_VIOLATION
MAT_028,Variable Displacement Piston Pump Core,SUP_001,Apex Precision Metals GmbH,PLANT_02,Munich Engineering Works,W06,830,99.77,0.45,83210.66,102.24,W01,W06,7,COMPLIANT
MAT_028,Variable Displacement Piston Pump Core,SUP_001,Apex Precision Metals GmbH,PLANT_03,Monterrey Global Production Hub,W06,1272,99.77,4.8,133063.23,102.24,W01,W06,9,COMPLIANT
MAT_028,Variable Displacement Piston Pump Core,SUP_001,Apex Precision Metals GmbH,PLANT_04,Tokyo Precision Facility,W06,1262,99.77,7.6,135492.35,102.24,W01,W06,10,COMPLIANT
MAT_028,Variable Displacement Piston Pump Core,SUP_001,Apex Precision Metals GmbH,PLANT_05,Chennai Industrial Complex,W06,450,99.77,5.1,47204.08,102.24,W01,W06,9,SUB_MOQ_VIOLATION
MAT_028,Variable Displacement Piston Pump Core,SUP_009,EuroHydraulics SpA,PLANT_01,Detroit Advanced Assembly Hub,W06,329,102.06,3.4,34709.0,102.24,W01,W06,6,SUB_MOQ_VIOLATION
MAT_028,Variable Displacement Piston Pump Core,SUP_009,EuroHydraulics SpA,PLANT_02,Munich Engineering Works,W06,428,102.06,0.45,43845.58,102.24,W01,W06,5,SUB_MOQ_VIOLATION
MAT_028,Variable Displacement Piston Pump Core,SUP_009,EuroHydraulics SpA,PLANT_03,Monterrey Global Production Hub,W06,656,102.06,4.8,70048.87,102.24,W01,W06,7,SUB_MOQ_VIOLATION
MAT_028,Variable Displacement Piston Pump Core,SUP_009,EuroHydraulics SpA,PLANT_04,Tokyo Precision Facility,W06,650,102.06,7.6,71287.77,102.24,W01,W06,8,SUB_MOQ_VIOLATION
MAT_028,Variable Displacement Piston Pump Core,SUP_009,EuroHydraulics SpA,PLANT_05,Chennai Industrial Complex,W06,232,102.06,5.1,24848.26,102.24,W01,W06,7,SUB_MOQ_VIOLATION
MAT_029,Reinforced High-Pressure Flex Hose Assembly,SUP_001,Apex Precision Metals GmbH,PLANT_01,Detroit Advanced Assembly Hub,W06,473,371.44,3.4,177374.29,391.29,W01,W06,5,COMPLIANT
MAT_029,Reinforced High-Pressure Flex Hose Assembly,SUP_001,Apex Precision Metals GmbH,PLANT_02,Munich Engineering Works,W06,817,371.44,0.45,303852.72,391.29,W02,W06,4,COMPLIANT
MAT_029,Reinforced High-Pressure Flex Hose Assembly,SUP_001,Apex Precision Metals GmbH,PLANT_03,Monterrey Global Production Hub,W06,1253,371.44,4.8,471503.97,391.29,W01,W06,6,COMPLIANT
MAT_029,Reinforced High-Pressure Flex Hose Assembly,SUP_001,Apex Precision Metals GmbH,PLANT_04,Tokyo Precision Facility,W06,599,371.44,7.6,226912.3,391.29,W01,W06,7,COMPLIANT
MAT_029,Reinforced High-Pressure Flex Hose Assembly,SUP_001,Apex Precision Metals GmbH,PLANT_05,Chennai Industrial Complex,W06,1401,371.44,5.1,527438.41,391.29,W01,W06,6,COMPLIANT
MAT_029,Reinforced High-Pressure Flex Hose Assembly,SUP_009,EuroHydraulics SpA,PLANT_01,Detroit Advanced Assembly Hub,W06,255,386.32,3.4,99300.66,391.29,W01,W06,8,SUB_MOQ_VIOLATION
MAT_029,Reinforced High-Pressure Flex Hose Assembly,SUP_009,EuroHydraulics SpA,PLANT_02,Munich Engineering Works,W06,440,386.32,0.45,170159.46,391.29,W01,W06,7,SUB_MOQ_VIOLATION
MAT_029,Reinforced High-Pressure Flex Hose Assembly,SUP_009,EuroHydraulics SpA,PLANT_03,Monterrey Global Production Hub,W06,675,386.32,4.8,263927.78,391.29,W01,W06,9,SUB_MOQ_VIOLATION
MAT_029,Reinforced High-Pressure Flex Hose Assembly,SUP_009,EuroHydraulics SpA,PLANT_04,Tokyo Precision Facility,W06,322,386.32,7.6,126980.11,391.29,W01,W06,10,SUB_MOQ_VIOLATION
MAT_029,Reinforced High-Pressure Flex Hose Assembly,SUP_009,EuroHydraulics SpA,PLANT_05,Chennai Industrial Complex,W06,754,386.32,5.1,295228.54,391.29,W01,W06,9,SUB_MOQ_VIOLATION
MAT_030,Servo-Controlled Hydraulic Actuator,SUP_001,Apex Precision Metals GmbH,PLANT_01,Detroit Advanced Assembly Hub,W06,630,276.63,3.4,176547.71,297.43,W01,W06,7,SUB_MOQ_VIOLATION
MAT_030,Servo-Controlled Hydraulic Actuator,SUP_001,Apex Precision Metals GmbH,PLANT_02,Munich Engineering Works,W06,908,276.63,0.45,251666.22,297.43,W01,W06,6,SUB_MOQ_VIOLATION
MAT_030,Servo-Controlled Hydraulic Actuator,SUP_001,Apex Precision Metals GmbH,PLANT_03,Monterrey Global Production Hub,W06,562,276.63,4.8,158169.29,297.43,W01,W06,8,SUB_MOQ_VIOLATION
MAT_030,Servo-Controlled Hydraulic Actuator,SUP_001,Apex Precision Metals GmbH,PLANT_04,Tokyo Precision Facility,W06,761,276.63,7.6,216287.66,297.43,W01,W06,9,SUB_MOQ_VIOLATION
MAT_030,Servo-Controlled Hydraulic Actuator,SUP_001,Apex Precision Metals GmbH,PLANT_05,Chennai Industrial Complex,W06,1361,276.63,5.1,383507.78,297.43,W01,W06,8,COMPLIANT
MAT_030,Servo-Controlled Hydraulic Actuator,SUP_009,EuroHydraulics SpA,PLANT_01,Detroit Advanced Assembly Hub,W06,457,294.96,3.4,136213.27,297.43,W01,W06,7,SUB_MOQ_VIOLATION
MAT_030,Servo-Controlled Hydraulic Actuator,SUP_009,EuroHydraulics SpA,PLANT_02,Munich Engineering Works,W06,658,294.96,0.45,194297.07,297.43,W01,W06,6,SUB_MOQ_VIOLATION
MAT_030,Servo-Controlled Hydraulic Actuator,SUP_009,EuroHydraulics SpA,PLANT_03,Monterrey Global Production Hub,W06,407,294.96,4.8,121996.32,297.43,W01,W06,8,SUB_MOQ_VIOLATION
MAT_030,Servo-Controlled Hydraulic Actuator,SUP_009,EuroHydraulics SpA,PLANT_04,Tokyo Precision Facility,W06,551,294.96,7.6,166722.66,297.43,W01,W06,9,SUB_MOQ_VIOLATION
MAT_030,Servo-Controlled Hydraulic Actuator,SUP_009,EuroHydraulics SpA,PLANT_05,Chennai Industrial Complex,W06,986,294.96,5.1,295781.14,297.43,W01,W06,8,SUB_MOQ_VIOLATION
MAT_031,Grade 12.9 Structural Flange Hex Bolt,SUP_002,Vanguard Industrial Dynamics,PLANT_01,Detroit Advanced Assembly Hub,W06,971,14.13,0.5,14202.8,15.16,W02,W06,4,SUB_MOQ_VIOLATION
MAT_031,Grade 12.9 Structural Flange Hex Bolt,SUP_002,Vanguard Industrial Dynamics,PLANT_02,Munich Engineering Works,W06,665,14.13,3.5,11720.42,15.16,W01,W06,6,SUB_MOQ_VIOLATION
MAT_031,Grade 12.9 Structural Flange Hex Bolt,SUP_002,Vanguard Industrial Dynamics,PLANT_03,Monterrey Global Production Hub,W06,1266,14.13,1.6,19914.18,15.16,W02,W06,4,COMPLIANT
MAT_031,Grade 12.9 Structural Flange Hex Bolt,SUP_002,Vanguard Industrial Dynamics,PLANT_04,Tokyo Precision Facility,W06,443,14.13,6.2,9003.75,15.16,W01,W06,7,SUB_MOQ_VIOLATION
MAT_031,Grade 12.9 Structural Flange Hex Bolt,SUP_002,Vanguard Industrial Dynamics,PLANT_05,Chennai Industrial Complex,W06,460,14.13,6.4,9440.52,15.16,W01,W06,7,SUB_MOQ_VIOLATION
MAT_031,Grade 12.9 Structural Flange Hex Bolt,SUP_007,Bharat Precision Engineering,PLANT_04,Tokyo Precision Facility,W06,941,14.72,3.65,17288.37,15.16,W01,W06,5,SUB_MOQ_VIOLATION
MAT_031,Grade 12.9 Structural Flange Hex Bolt,SUP_007,Bharat Precision Engineering,PLANT_05,Chennai Industrial Complex,W06,977,14.72,0.45,14823.52,15.16,W03,W06,3,SUB_MOQ_VIOLATION
MAT_031,Grade 12.9 Structural Flange Hex Bolt,SUP_010,Detroit Fastener Alliance,PLANT_01,Detroit Advanced Assembly Hub,W06,647,15.41,0.5,10296.95,15.16,W02,W06,4,COMPLIANT
MAT_031,Grade 12.9 Structural Flange Hex Bolt,SUP_010,Detroit Fastener Alliance,PLANT_02,Munich Engineering Works,W06,443,15.41,3.5,8380.91,15.16,W01,W06,6,COMPLIANT
MAT_031,Grade 12.9 Structural Flange Hex Bolt,SUP_010,Detroit Fastener Alliance,PLANT_03,Monterrey Global Production Hub,W06,844,15.41,1.6,14356.44,15.16,W02,W06,4,COMPLIANT
MAT_032,Aerospace Grade Titanium Locknut,SUP_002,Vanguard Industrial Dynamics,PLANT_01,Detroit Advanced Assembly Hub,W06,482,13.27,0.5,6641.27,13.82,W01,W06,6,SUB_MOQ_VIOLATION
MAT_032,Aerospace Grade Titanium Locknut,SUP_002,Vanguard Industrial Dynamics,PLANT_02,Munich Engineering Works,W06,853,13.27,3.5,14309.84,13.82,W01,W06,8,COMPLIANT
MAT_032,Aerospace Grade Titanium Locknut,SUP_002,Vanguard Industrial Dynamics,PLANT_03,Monterrey Global Production Hub,W06,550,13.27,1.6,8181.47,13.82,W01,W06,6,SUB_MOQ_VIOLATION
MAT_032,Aerospace Grade Titanium Locknut,SUP_002,Vanguard Industrial Dynamics,PLANT_04,Tokyo Precision Facility,W06,326,13.27,6.2,6343.52,13.82,W01,W06,9,SUB_MOQ_VIOLATION
MAT_032,Aerospace Grade Titanium Locknut,SUP_002,Vanguard Industrial Dynamics,PLANT_05,Chennai Industrial Complex,W06,623,13.27,6.4,12250.28,13.82,W01,W06,9,SUB_MOQ_VIOLATION
MAT_032,Aerospace Grade Titanium Locknut,SUP_007,Bharat Precision Engineering,PLANT_04,Tokyo Precision Facility,W06,725,13.61,3.65,12516.78,13.82,W01,W06,6,SUB_MOQ_VIOLATION
MAT_032,Aerospace Grade Titanium Locknut,SUP_007,Bharat Precision Engineering,PLANT_05,Chennai Industrial Complex,W06,1386,13.61,0.45,19490.11,13.82,W02,W06,4,COMPLIANT
MAT_032,Aerospace Grade Titanium Locknut,SUP_010,Detroit Fastener Alliance,PLANT_01,Detroit Advanced Assembly Hub,W06,207,14.38,0.5,3075.7,13.82,W03,W06,3,SUB_MOQ_VIOLATION
MAT_032,Aerospace Grade Titanium Locknut,SUP_010,Detroit Fastener Alliance,PLANT_02,Munich Engineering Works,W06,366,14.38,3.5,6538.72,13.82,W01,W06,5,SUB_MOQ_VIOLATION
MAT_032,Aerospace Grade Titanium Locknut,SUP_010,Detroit Fastener Alliance,PLANT_03,Monterrey Global Production Hub,W06,236,14.38,1.6,3768.08,13.82,W03,W06,3,SUB_MOQ_VIOLATION
MAT_033,Stainless Steel A4-80 Socket Cap Screw,SUP_002,Vanguard Industrial Dynamics,PLANT_01,Detroit Advanced Assembly Hub,W06,883,10.01,0.5,9282.75,10.48,W01,W06,5,SUB_MOQ_VIOLATION
MAT_033,Stainless Steel A4-80 Socket Cap Screw,SUP_002,Vanguard Industrial Dynamics,PLANT_02,Munich Engineering Works,W06,703,10.01,3.5,9493.34,10.48,W01,W06,7,SUB_MOQ_VIOLATION
MAT_033,Stainless Steel A4-80 Socket Cap Screw,SUP_002,Vanguard Industrial Dynamics,PLANT_03,Monterrey Global Production Hub,W06,862,10.01,1.6,10007.7,10.48,W01,W06,5,SUB_MOQ_VIOLATION
MAT_033,Stainless Steel A4-80 Socket Cap Screw,SUP_002,Vanguard Industrial Dynamics,PLANT_04,Tokyo Precision Facility,W06,709,10.01,6.2,11494.19,10.48,W01,W06,8,SUB_MOQ_VIOLATION
MAT_033,Stainless Steel A4-80 Socket Cap Screw,SUP_002,Vanguard Industrial Dynamics,PLANT_05,Chennai Industrial Complex,W06,446,10.01,6.4,7320.83,10.48,W01,W06,8,SUB_MOQ_VIOLATION
MAT_033,Stainless Steel A4-80 Socket Cap Screw,SUP_007,Bharat Precision Engineering,PLANT_04,Tokyo Precision Facility,W06,1157,10.35,3.65,16196.88,10.48,W01,W06,9,SUB_MOQ_VIOLATION
MAT_033,Stainless Steel A4-80 Socket Cap Screw,SUP_007,Bharat Precision Engineering,PLANT_05,Chennai Industrial Complex,W06,728,10.35,0.45,7861.1,10.48,W01,W06,7,SUB_MOQ_VIOLATION
MAT_033,Stainless Steel A4-80 Socket Cap Screw,SUP_010,Detroit Fastener Alliance,PLANT_01,Detroit Advanced Assembly Hub,W06,614,10.68,0.5,6861.95,10.48,W01,W06,6,SUB_MOQ_VIOLATION
MAT_033,Stainless Steel A4-80 Socket Cap Screw,SUP_010,Detroit Fastener Alliance,PLANT_02,Munich Engineering Works,W06,488,10.68,3.5,6924.24,10.48,W01,W06,8,SUB_MOQ_VIOLATION
MAT_033,Stainless Steel A4-80 Socket Cap Screw,SUP_010,Detroit Fastener Alliance,PLANT_03,Monterrey Global Production Hub,W06,599,10.68,1.6,7355.84,10.48,W01,W06,6,SUB_MOQ_VIOLATION
MAT_034,Hardened Belleville Spring Washers,SUP_002,Vanguard Industrial Dynamics,PLANT_01,Detroit Advanced Assembly Hub,W06,902,17.36,0.5,16115.08,18.03,W01,W06,5,SUB_MOQ_VIOLATION
MAT_034,Hardened Belleville Spring Washers,SUP_002,Vanguard Industrial Dynamics,PLANT_02,Munich Engineering Works,W06,959,17.36,3.5,20004.74,18.03,W01,W06,7,SUB_MOQ_VIOLATION
MAT_034,Hardened Belleville Spring Washers,SUP_002,Vanguard Industrial Dynamics,PLANT_03,Monterrey Global Production Hub,W06,925,17.36,1.6,17532.31,18.03,W01,W06,5,SUB_MOQ_VIOLATION
MAT_034,Hardened Belleville Spring Washers,SUP_002,Vanguard Industrial Dynamics,PLANT_04,Tokyo Precision Facility,W06,922,17.36,6.2,21730.57,18.03,W01,W06,8,SUB_MOQ_VIOLATION
MAT_034,Hardened Belleville Spring Washers,SUP_002,Vanguard Industrial Dynamics,PLANT_05,Chennai Industrial Complex,W06,605,17.36,6.4,14372.19,18.03,W01,W06,8,SUB_MOQ_VIOLATION
MAT_034,Hardened Belleville Spring Washers,SUP_007,Bharat Precision Engineering,PLANT_04,Tokyo Precision Facility,W06,1443,17.75,3.65,30872.71,18.03,W01,W06,6,COMPLIANT
MAT_034,Hardened Belleville Spring Washers,SUP_007,Bharat Precision Engineering,PLANT_05,Chennai Industrial Complex,W06,946,17.75,0.45,17219.2,18.03,W02,W06,4,SUB_MOQ_VIOLATION
MAT_034,Hardened Belleville Spring Washers,SUP_010,Detroit Fastener Alliance,PLANT_01,Detroit Advanced Assembly Hub,W06,387,18.55,0.5,7366.64,18.03,W01,W06,6,SUB_MOQ_VIOLATION
MAT_034,Hardened Belleville Spring Washers,SUP_010,Detroit Fastener Alliance,PLANT_02,Munich Engineering Works,W06,411,18.55,3.5,9062.55,18.03,W01,W06,8,SUB_MOQ_VIOLATION
MAT_034,Hardened Belleville Spring Washers,SUP_010,Detroit Fastener Alliance,PLANT_03,Monterrey Global Production Hub,W06,396,18.55,1.6,7985.45,18.03,W01,W06,6,SUB_MOQ_VIOLATION
MAT_035,Structural Monobolt Blind Rivet Pack,SUP_002,Vanguard Industrial Dynamics,PLANT_01,Detroit Advanced Assembly Hub,W06,1264,7.59,0.5,10223.25,7.75,W01,W06,6,COMPLIANT
MAT_035,Structural Monobolt Blind Rivet Pack,SUP_002,Vanguard Industrial Dynamics,PLANT_02,Munich Engineering Works,W06,1382,7.59,3.5,15329.15,7.75,W01,W06,8,COMPLIANT
MAT_035,Structural Monobolt Blind Rivet Pack,SUP_002,Vanguard Industrial Dynamics,PLANT_03,Monterrey Global Production Hub,W06,502,7.59,1.6,4614.94,7.75,W01,W06,6,COMPLIANT
MAT_035,Structural Monobolt Blind Rivet Pack,SUP_002,Vanguard Industrial Dynamics,PLANT_04,Tokyo Precision Facility,W06,888,7.59,6.2,12241.11,7.75,W01,W06,9,COMPLIANT
MAT_035,Structural Monobolt Blind Rivet Pack,SUP_002,Vanguard Industrial Dynamics,PLANT_05,Chennai Industrial Complex,W06,846,7.59,6.4,11833.86,7.75,W01,W06,9,COMPLIANT
MAT_035,Structural Monobolt Blind Rivet Pack,SUP_007,Bharat Precision Engineering,PLANT_04,Tokyo Precision Facility,W06,1448,7.97,3.65,16829.48,7.75,W01,W06,5,COMPLIANT
MAT_035,Structural Monobolt Blind Rivet Pack,SUP_007,Bharat Precision Engineering,PLANT_05,Chennai Industrial Complex,W06,1380,7.97,0.45,11620.61,7.75,W03,W06,3,COMPLIANT
MAT_035,Structural Monobolt Blind Rivet Pack,SUP_010,Detroit Fastener Alliance,PLANT_01,Detroit Advanced Assembly Hub,W06,953,8.07,0.5,8169.87,7.75,W03,W06,3,SUB_MOQ_VIOLATION
MAT_035,Structural Monobolt Blind Rivet Pack,SUP_010,Detroit Fastener Alliance,PLANT_02,Munich Engineering Works,W06,1043,8.07,3.5,12064.62,7.75,W01,W06,5,COMPLIANT
MAT_035,Structural Monobolt Blind Rivet Pack,SUP_010,Detroit Fastener Alliance,PLANT_03,Monterrey Global Production Hub,W06,379,8.07,1.6,3663.29,7.75,W03,W06,3,SUB_MOQ_VIOLATION
MAT_036,Toray Carbon Fiber Prepreg 3K Twill,SUP_003,Nippon Advanced Metallurgy,PLANT_01,Detroit Advanced Assembly Hub,W06,1388,132.92,5.1,191585.56,137.13,W01,W06,5,COMPLIANT
MAT_036,Toray Carbon Fiber Prepreg 3K Twill,SUP_003,Nippon Advanced Metallurgy,PLANT_02,Munich Engineering Works,W06,500,132.92,6.5,69682.12,137.13,W01,W06,6,SUB_MOQ_VIOLATION
MAT_036,Toray Carbon Fiber Prepreg 3K Twill,SUP_003,Nippon Advanced Metallurgy,PLANT_03,Monterrey Global Production Hub,W06,832,132.92,5.3,114943.75,137.13,W01,W06,6,COMPLIANT
MAT_036,Toray Carbon Fiber Prepreg 3K Twill,SUP_003,Nippon Advanced Metallurgy,PLANT_04,Tokyo Precision Facility,W06,1592,132.92,0.45,212391.72,137.13,W03,W06,3,COMPLIANT
MAT_036,Toray Carbon Fiber Prepreg 3K Twill,SUP_003,Nippon Advanced Metallurgy,PLANT_05,Chennai Industrial Complex,W06,696,132.92,3.6,94990.62,137.13,W01,W06,5,COMPLIANT
MAT_036,Toray Carbon Fiber Prepreg 3K Twill,SUP_006,Saigon Composite Solutions,PLANT_01,Detroit Advanced Assembly Hub,W06,595,135.8,6.5,84654.27,137.13,W01,W06,6,SUB_MOQ_VIOLATION
MAT_036,Toray Carbon Fiber Prepreg 3K Twill,SUP_006,Saigon Composite Solutions,PLANT_02,Munich Engineering Works,W06,214,135.8,7.7,30737.7,137.13,W01,W06,6,SUB_MOQ_VIOLATION
MAT_036,Toray Carbon Fiber Prepreg 3K Twill,SUP_006,Saigon Composite Solutions,PLANT_03,Monterrey Global Production Hub,W06,356,135.8,6.6,50751.36,137.13,W01,W06,6,SUB_MOQ_VIOLATION
MAT_036,Toray Carbon Fiber Prepreg 3K Twill,SUP_006,Saigon Composite Solutions,PLANT_04,Tokyo Precision Facility,W06,682,135.8,1.85,93946.12,137.13,W02,W06,4,SUB_MOQ_VIOLATION
MAT_036,Toray Carbon Fiber Prepreg 3K Twill,SUP_006,Saigon Composite Solutions,PLANT_05,Chennai Industrial Complex,W06,298,135.8,2.1,41121.78,137.13,W02,W06,4,SUB_MOQ_VIOLATION
MAT_037,Structural S-Glass Woven Roving Mat,SUP_003,Nippon Advanced Metallurgy,PLANT_01,Detroit Advanced Assembly Hub,W06,1286,180.77,5.1,238956.33,188.44,W01,W06,5,COMPLIANT
MAT_037,Structural S-Glass Woven Roving Mat,SUP_003,Nippon Advanced Metallurgy,PLANT_02,Munich Engineering Works,W06,602,180.77,6.5,112809.58,188.44,W01,W06,6,SUB_MOQ_VIOLATION
MAT_037,Structural S-Glass Woven Roving Mat,SUP_003,Nippon Advanced Metallurgy,PLANT_03,Monterrey Global Production Hub,W06,951,180.77,5.3,176967.46,188.44,W01,W06,6,SUB_MOQ_VIOLATION
MAT_037,Structural S-Glass Woven Roving Mat,SUP_003,Nippon Advanced Metallurgy,PLANT_04,Tokyo Precision Facility,W06,523,180.77,0.45,94730.94,188.44,W03,W06,3,SUB_MOQ_VIOLATION
MAT_037,Structural S-Glass Woven Roving Mat,SUP_003,Nippon Advanced Metallurgy,PLANT_05,Chennai Industrial Complex,W06,1439,180.77,3.6,265310.27,188.44,W01,W06,5,COMPLIANT
MAT_037,Structural S-Glass Woven Roving Mat,SUP_006,Saigon Composite Solutions,PLANT_05,Chennai Industrial Complex,W06,1000,190.52,2.1,192618.07,188.44,W01,W06,5,COMPLIANT
MAT_037,Structural S-Glass Woven Roving Mat,SUP_008,Taiwan Micro-Silicon Ltd,PLANT_01,Detroit Advanced Assembly Hub,W06,893,191.44,5.2,175676.21,188.44,W01,W06,9,COMPLIANT
MAT_037,Structural S-Glass Woven Roving Mat,SUP_008,Taiwan Micro-Silicon Ltd,PLANT_02,Munich Engineering Works,W06,419,191.44,6.5,82859.66,188.44,W01,W06,9,COMPLIANT
MAT_037,Structural S-Glass Woven Roving Mat,SUP_008,Taiwan Micro-Silicon Ltd,PLANT_03,Monterrey Global Production Hub,W06,661,191.44,5.4,130095.49,188.44,W01,W06,9,COMPLIANT
MAT_037,Structural S-Glass Woven Roving Mat,SUP_008,Taiwan Micro-Silicon Ltd,PLANT_04,Tokyo Precision Facility,W06,363,191.44,0.9,69869.43,188.44,W01,W06,6,COMPLIANT
MAT_038,Nomex Honeycomb Structural Core 1/8,SUP_003,Nippon Advanced Metallurgy,PLANT_01,Detroit Advanced Assembly Hub,W06,1041,139.23,5.1,150198.46,149.43,W01,W06,5,COMPLIANT
MAT_038,Nomex Honeycomb Structural Core 1/8,SUP_003,Nippon Advanced Metallurgy,PLANT_02,Munich Engineering Works,W06,1252,139.23,6.5,182502.05,149.43,W01,W06,6,COMPLIANT
MAT_038,Nomex Honeycomb Structural Core 1/8,SUP_003,Nippon Advanced Metallurgy,PLANT_03,Monterrey Global Production Hub,W06,968,139.23,5.3,139915.16,149.43,W01,W06,6,COMPLIANT
MAT_038,Nomex Honeycomb Structural Core 1/8,SUP_003,Nippon Advanced Metallurgy,PLANT_04,Tokyo Precision Facility,W06,962,139.23,0.45,134367.97,149.43,W03,W06,3,COMPLIANT
MAT_038,Nomex Honeycomb Structural Core 1/8,SUP_003,Nippon Advanced Metallurgy,PLANT_05,Chennai Industrial Complex,W06,808,139.23,3.6,115355.22,149.43,W01,W06,5,COMPLIANT
MAT_038,Nomex Honeycomb Structural Core 1/8,SUP_006,Saigon Composite Solutions,PLANT_02,Munich Engineering Works,W06,801,146.25,7.7,123263.15,149.43,W01,W06,9,SUB_MOQ_VIOLATION
MAT_038,Nomex Honeycomb Structural Core 1/8,SUP_006,Saigon Composite Solutions,PLANT_03,Monterrey Global Production Hub,W06,528,146.25,6.6,80667.18,149.43,W01,W06,9,SUB_MOQ_VIOLATION
MAT_038,Nomex Honeycomb Structural Core 1/8,SUP_006,Saigon Composite Solutions,PLANT_04,Tokyo Precision Facility,W06,615,146.25,1.85,91085.94,149.43,W01,W06,7,SUB_MOQ_VIOLATION
MAT_038,Nomex Honeycomb Structural Core 1/8,SUP_006,Saigon Composite Solutions,PLANT_05,Chennai Industrial Complex,W06,516,146.25,2.1,76602.01,149.43,W01,W06,7,SUB_MOQ_VIOLATION
MAT_038,Nomex Honeycomb Structural Core 1/8,SUP_008,Taiwan Micro-Silicon Ltd,PLANT_01,Detroit Advanced Assembly Hub,W06,665,152.45,5.2,104890.85,149.43,W01,W06,10,COMPLIANT
MAT_038,Nomex Honeycomb Structural Core 1/8,SUP_008,Taiwan Micro-Silicon Ltd,PLANT_03,Monterrey Global Production Hub,W06,91,152.45,5.4,14392.15,149.43,W01,W06,10,SUB_MOQ_VIOLATION
MAT_039,Basalt Fiber High-Temp Insulation Roll,SUP_003,Nippon Advanced Metallurgy,PLANT_01,Detroit Advanced Assembly Hub,W06,1381,183.62,5.1,260669.5,194.42,W01,W06,6,COMPLIANT
MAT_039,Basalt Fiber High-Temp Insulation Roll,SUP_003,Nippon Advanced Metallurgy,PLANT_02,Munich Engineering Works,W06,1187,183.62,6.5,225653.43,194.42,W01,W06,7,SUB_MOQ_VIOLATION
MAT_039,Basalt Fiber High-Temp Insulation Roll,SUP_003,Nippon Advanced Metallurgy,PLANT_03,Monterrey Global Production Hub,W06,1209,183.62,5.3,228404.28,194.42,W01,W06,7,COMPLIANT
MAT_039,Basalt Fiber High-Temp Insulation Roll,SUP_003,Nippon Advanced Metallurgy,PLANT_04,Tokyo Precision Facility,W06,612,183.62,0.45,112706.06,194.42,W02,W06,4,SUB_MOQ_VIOLATION
MAT_039,Basalt Fiber High-Temp Insulation Roll,SUP_003,Nippon Advanced Metallurgy,PLANT_05,Chennai Industrial Complex,W06,1619,183.62,3.6,303137.26,194.42,W01,W06,6,COMPLIANT
MAT_039,Basalt Fiber High-Temp Insulation Roll,SUP_006,Saigon Composite Solutions,PLANT_02,Munich Engineering Works,W06,383,193.95,7.7,77201.7,194.42,W01,W06,9,COMPLIANT
MAT_039,Basalt Fiber High-Temp Insulation Roll,SUP_006,Saigon Composite Solutions,PLANT_03,Monterrey Global Production Hub,W06,651,193.95,6.6,130558.05,194.42,W01,W06,9,COMPLIANT
MAT_039,Basalt Fiber High-Temp Insulation Roll,SUP_006,Saigon Composite Solutions,PLANT_04,Tokyo Precision Facility,W06,330,193.95,1.85,64555.26,194.42,W01,W06,7,COMPLIANT
MAT_039,Basalt Fiber High-Temp Insulation Roll,SUP_006,Saigon Composite Solutions,PLANT_05,Chennai Industrial Complex,W06,872,193.95,2.1,170926.19,194.42,W01,W06,7,COMPLIANT
MAT_039,Basalt Fiber High-Temp Insulation Roll,SUP_008,Taiwan Micro-Silicon Ltd,PLANT_01,Detroit Advanced Assembly Hub,W06,744,198.21,5.2,151286.19,194.42,W01,W06,8,SUB_MOQ_VIOLATION
MAT_039,Basalt Fiber High-Temp Insulation Roll,SUP_008,Taiwan Micro-Silicon Ltd,PLANT_02,Munich Engineering Works,W06,256,198.21,6.5,52456.94,194.42,W01,W06,8,SUB_MOQ_VIOLATION
MAT_040,High-Modulus Epoxy Resin Infusion Matrix,SUP_003,Nippon Advanced Metallurgy,PLANT_01,Detroit Advanced Assembly Hub,W06,425,140.07,5.1,61717.57,141.81,W01,W06,8,SUB_MOQ_VIOLATION
MAT_040,High-Modulus Epoxy Resin Infusion Matrix,SUP_003,Nippon Advanced Metallurgy,PLANT_02,Munich Engineering Works,W06,579,140.07,6.5,84925.59,141.81,W01,W06,9,SUB_MOQ_VIOLATION
MAT_040,High-Modulus Epoxy Resin Infusion Matrix,SUP_003,Nippon Advanced Metallurgy,PLANT_03,Monterrey Global Production Hub,W06,722,140.07,5.3,104971.68,141.81,W01,W06,9,SUB_MOQ_VIOLATION
MAT_040,High-Modulus Epoxy Resin Infusion Matrix,SUP_003,Nippon Advanced Metallurgy,PLANT_04,Tokyo Precision Facility,W06,449,140.07,0.45,63082.24,141.81,W01,W06,6,SUB_MOQ_VIOLATION
MAT_040,High-Modulus Epoxy Resin Infusion Matrix,SUP_003,Nippon Advanced Metallurgy,PLANT_05,Chennai Industrial Complex,W06,496,140.07,3.6,71329.28,141.81,W01,W06,8,SUB_MOQ_VIOLATION
MAT_040,High-Modulus Epoxy Resin Infusion Matrix,SUP_006,Saigon Composite Solutions,PLANT_03,Monterrey Global Production Hub,W06,500,140.83,6.6,73765.13,141.81,W01,W06,6,SUB_MOQ_VIOLATION
MAT_040,High-Modulus Epoxy Resin Infusion Matrix,SUP_006,Saigon Composite Solutions,PLANT_04,Tokyo Precision Facility,W06,325,140.83,1.85,46382.41,141.81,W02,W06,4,SUB_MOQ_VIOLATION
MAT_040,High-Modulus Epoxy Resin Infusion Matrix,SUP_006,Saigon Composite Solutions,PLANT_05,Chennai Industrial Complex,W06,360,140.83,2.1,51386.19,141.81,W02,W06,4,SUB_MOQ_VIOLATION
MAT_040,High-Modulus Epoxy Resin Infusion Matrix,SUP_008,Taiwan Micro-Silicon Ltd,PLANT_01,Detroit Advanced Assembly Hub,W06,308,148.12,5.2,47201.1,141.81,W01,W06,6,SUB_MOQ_VIOLATION
MAT_040,High-Modulus Epoxy Resin Infusion Matrix,SUP_008,Taiwan Micro-Silicon Ltd,PLANT_02,Munich Engineering Works,W06,420,148.12,6.5,64875.46,141.81,W01,W06,6,SUB_MOQ_VIOLATION
MAT_040,High-Modulus Epoxy Resin Infusion Matrix,SUP_008,Taiwan Micro-Silicon Ltd,PLANT_03,Monterrey Global Production Hub,W06,23,148.12,5.4,3463.41,141.81,W01,W06,6,SUB_MOQ_VIOLATION
MAT_001,High-Tensile Structural Steel I-Beam,SUP_001,Apex Precision Metals GmbH,PLANT_02,Munich Engineering Works,W07,464,17.91,0.45,8525.1,18.41,W02,W07,5,SUB_MOQ_VIOLATION
MAT_001,High-Tensile Structural Steel I-Beam,SUP_001,Apex Precision Metals GmbH,PLANT_05,Chennai Industrial Complex,W07,378,17.91,5.1,8706.98,18.41,W01,W07,7,SUB_MOQ_VIOLATION
MAT_001,High-Tensile Structural Steel I-Beam,SUP_002,Vanguard Industrial Dynamics,PLANT_01,Detroit Advanced Assembly Hub,W07,574,18.86,0.5,11103.35,18.41,W04,W07,3,COMPLIANT
MAT_001,High-Tensile Structural Steel I-Beam,SUP_002,Vanguard Industrial Dynamics,PLANT_02,Munich Engineering Works,W07,94,18.86,3.5,2100.72,18.41,W02,W07,5,SUB_MOQ_VIOLATION
MAT_001,High-Tensile Structural Steel I-Beam,SUP_002,Vanguard Industrial Dynamics,PLANT_03,Monterrey Global Production Hub,W07,556,18.86,1.6,11366.55,18.41,W04,W07,3,COMPLIANT
MAT_001,High-Tensile Structural Steel I-Beam,SUP_002,Vanguard Industrial Dynamics,PLANT_04,Tokyo Precision Facility,W07,354,18.86,6.2,8879.26,18.41,W01,W07,6,COMPLIANT
MAT_001,High-Tensile Structural Steel I-Beam,SUP_005,MexSteel & Polymer Fabrica,PLANT_01,Detroit Advanced Assembly Hub,W07,282,18.64,1.7,5745.64,18.41,W03,W07,4,SUB_MOQ_VIOLATION
MAT_001,High-Tensile Structural Steel I-Beam,SUP_005,MexSteel & Polymer Fabrica,PLANT_03,Monterrey Global Production Hub,W07,799,18.64,0.45,15261.5,18.41,W03,W07,4,COMPLIANT
MAT_001,High-Tensile Structural Steel I-Beam,SUP_007,Bharat Precision Engineering,PLANT_02,Munich Engineering Works,W07,229,20.15,5.05,5763.74,18.41,W01,W07,8,SUB_MOQ_VIOLATION
MAT_001,High-Tensile Structural Steel I-Beam,SUP_007,Bharat Precision Engineering,PLANT_04,Tokyo Precision Facility,W07,470,20.15,3.65,11178.38,18.41,W01,W07,8,SUB_MOQ_VIOLATION
MAT_001,High-Tensile Structural Steel I-Beam,SUP_007,Bharat Precision Engineering,PLANT_05,Chennai Industrial Complex,W07,502,20.15,0.45,10332.96,18.41,W01,W07,6,SUB_MOQ_VIOLATION
MAT_002,Cold-Rolled Carbon Steel Sheet 2mm,SUP_001,Apex Precision Metals GmbH,PLANT_02,Munich Engineering Works,W07,457,8.77,0.45,4212.53,8.89,W01,W07,7,SUB_MOQ_VIOLATION
MAT_002,Cold-Rolled Carbon Steel Sheet 2mm,SUP_001,Apex Precision Metals GmbH,PLANT_05,Chennai Industrial Complex,W07,745,8.77,5.1,10332.32,8.89,W01,W07,9,COMPLIANT
MAT_002,Cold-Rolled Carbon Steel Sheet 2mm,SUP_002,Vanguard Industrial Dynamics,PLANT_01,Detroit Advanced Assembly Hub,W07,1375,8.92,0.5,12954.38,8.89,W03,W07,4,COMPLIANT
MAT_002,Cold-Rolled Carbon Steel Sheet 2mm,SUP_002,Vanguard Industrial Dynamics,PLANT_02,Munich Engineering Works,W07,292,8.92,3.5,3628.01,8.89,W01,W07,6,SUB_MOQ_VIOLATION
MAT_002,Cold-Rolled Carbon Steel Sheet 2mm,SUP_002,Vanguard Industrial Dynamics,PLANT_03,Monterrey Global Production Hub,W07,711,8.92,1.6,7483.4,8.89,W03,W07,4,SUB_MOQ_VIOLATION
MAT_002,Cold-Rolled Carbon Steel Sheet 2mm,SUP_002,Vanguard Industrial Dynamics,PLANT_04,Tokyo Precision Facility,W07,693,8.92,6.2,10471.81,8.89,W01,W07,7,SUB_MOQ_VIOLATION
MAT_002,Cold-Rolled Carbon Steel Sheet 2mm,SUP_005,MexSteel & Polymer Fabrica,PLANT_01,Detroit Advanced Assembly Hub,W07,917,9.48,1.7,10249.82,8.89,W02,W07,5,COMPLIANT
MAT_002,Cold-Rolled Carbon Steel Sheet 2mm,SUP_005,MexSteel & Polymer Fabrica,PLANT_03,Monterrey Global Production Hub,W07,1024,9.48,0.45,10164.84,8.89,W02,W07,5,COMPLIANT
MAT_002,Cold-Rolled Carbon Steel Sheet 2mm,SUP_007,Bharat Precision Engineering,PLANT_04,Tokyo Precision Facility,W07,1344,9.39,3.65,17531.24,8.89,W01,W07,8,COMPLIANT
MAT_002,Cold-Rolled Carbon Steel Sheet 2mm,SUP_007,Bharat Precision Engineering,PLANT_05,Chennai Industrial Complex,W07,1446,9.39,0.45,14229.23,8.89,W01,W07,6,COMPLIANT
MAT_003,Austenitic Stainless Steel 316L Plate,SUP_001,Apex Precision Metals GmbH,PLANT_02,Munich Engineering Works,W07,687,12.58,0.45,8957.08,12.76,W03,W07,4,COMPLIANT
MAT_003,Austenitic Stainless Steel 316L Plate,SUP_001,Apex Precision Metals GmbH,PLANT_05,Chennai Industrial Complex,W07,360,12.58,5.1,6359.5,12.76,W01,W07,6,SUB_MOQ_VIOLATION
MAT_003,Austenitic Stainless Steel 316L Plate,SUP_002,Vanguard Industrial Dynamics,PLANT_01,Detroit Advanced Assembly Hub,W07,1217,13.05,0.5,16495.77,12.76,W03,W07,4,COMPLIANT
MAT_003,Austenitic Stainless Steel 316L Plate,SUP_002,Vanguard Industrial Dynamics,PLANT_02,Munich Engineering Works,W07,339,13.05,3.5,5603.5,12.76,W01,W07,6,COMPLIANT
MAT_003,Austenitic Stainless Steel 316L Plate,SUP_002,Vanguard Industrial Dynamics,PLANT_03,Monterrey Global Production Hub,W07,278,13.05,1.6,4079.44,12.76,W03,W07,4,COMPLIANT
MAT_003,Austenitic Stainless Steel 316L Plate,SUP_002,Vanguard Industrial Dynamics,PLANT_04,Tokyo Precision Facility,W07,376,13.05,6.2,7241.85,12.76,W01,W07,7,COMPLIANT
MAT_003,Austenitic Stainless Steel 316L Plate,SUP_005,MexSteel & Polymer Fabrica,PLANT_01,Detroit Advanced Assembly Hub,W07,812,13.6,1.7,12417.48,12.76,W02,W07,5,COMPLIANT
MAT_003,Austenitic Stainless Steel 316L Plate,SUP_005,MexSteel & Polymer Fabrica,PLANT_03,Monterrey Global Production Hub,W07,541,13.6,0.45,7594.59,12.76,W02,W07,5,COMPLIANT
MAT_003,Austenitic Stainless Steel 316L Plate,SUP_007,Bharat Precision Engineering,PLANT_04,Tokyo Precision Facility,W07,764,13.69,3.65,13244.29,12.76,W01,W07,8,COMPLIANT
MAT_003,Austenitic Stainless Steel 316L Plate,SUP_007,Bharat Precision Engineering,PLANT_05,Chennai Industrial Complex,W07,730,13.69,0.45,10326.44,12.76,W01,W07,6,COMPLIANT
MAT_004,Galvanized Structural Angle Steel,SUP_001,Apex Precision Metals GmbH,PLANT_02,Munich Engineering Works,W07,887,11.45,0.45,10558.27,11.96,W03,W07,4,COMPLIANT
MAT_004,Galvanized Structural Angle Steel,SUP_001,Apex Precision Metals GmbH,PLANT_05,Chennai Industrial Complex,W07,320,11.45,5.1,5292.69,11.96,W01,W07,6,SUB_MOQ_VIOLATION
MAT_004,Galvanized Structural Angle Steel,SUP_002,Vanguard Industrial Dynamics,PLANT_01,Detroit Advanced Assembly Hub,W07,580,11.89,0.5,7185.83,11.96,W04,W07,3,SUB_MOQ_VIOLATION
MAT_004,Galvanized Structural Angle Steel,SUP_002,Vanguard Industrial Dynamics,PLANT_02,Munich Engineering Works,W07,478,11.89,3.5,7352.57,11.96,W02,W07,5,SUB_MOQ_VIOLATION
MAT_004,Galvanized Structural Angle Steel,SUP_002,Vanguard Industrial Dynamics,PLANT_03,Monterrey Global Production Hub,W07,394,11.89,1.6,5317.76,11.96,W04,W07,3,SUB_MOQ_VIOLATION
MAT_004,Galvanized Structural Angle Steel,SUP_002,Vanguard Industrial Dynamics,PLANT_04,Tokyo Precision Facility,W07,473,11.89,6.2,8564.35,11.96,W01,W07,6,SUB_MOQ_VIOLATION
MAT_004,Galvanized Structural Angle Steel,SUP_005,MexSteel & Polymer Fabrica,PLANT_01,Detroit Advanced Assembly Hub,W07,403,12.54,1.7,5739.15,11.96,W01,W07,7,SUB_MOQ_VIOLATION
MAT_004,Galvanized Structural Angle Steel,SUP_005,MexSteel & Polymer Fabrica,PLANT_03,Monterrey Global Production Hub,W07,482,12.54,0.45,6258.58,11.96,W01,W07,7,SUB_MOQ_VIOLATION
MAT_004,Galvanized Structural Angle Steel,SUP_005,MexSteel & Polymer Fabrica,PLANT_04,Tokyo Precision Facility,W07,115,12.54,6.45,2187.08,11.96,W01,W07,10,SUB_MOQ_VIOLATION
MAT_004,Galvanized Structural Angle Steel,SUP_007,Bharat Precision Engineering,PLANT_04,Tokyo Precision Facility,W07,1373,13.19,3.65,23128.06,11.96,W01,W07,6,COMPLIANT
MAT_004,Galvanized Structural Angle Steel,SUP_007,Bharat Precision Engineering,PLANT_05,Chennai Industrial Complex,W07,746,13.19,0.45,10178.17,11.96,W03,W07,4,SUB_MOQ_VIOLATION
MAT_005,Hardox 450 Wear-Resistant Steel,SUP_001,Apex Precision Metals GmbH,PLANT_01,Detroit Advanced Assembly Hub,W07,927,18.57,3.4,20358.28,19.92,W01,W07,7,SUB_MOQ_VIOLATION
MAT_005,Hardox 450 Wear-Resistant Steel,SUP_001,Apex Precision Metals GmbH,PLANT_02,Munich Engineering Works,W07,1554,18.57,0.45,29564.69,19.92,W01,W07,6,COMPLIANT
MAT_005,Hardox 450 Wear-Resistant Steel,SUP_001,Apex Precision Metals GmbH,PLANT_04,Tokyo Precision Facility,W07,678,18.57,7.6,17750.59,19.92,W01,W07,9,SUB_MOQ_VIOLATION
MAT_005,Hardox 450 Wear-Resistant Steel,SUP_001,Apex Precision Metals GmbH,PLANT_05,Chennai Industrial Complex,W07,582,18.57,5.1,13780.2,19.92,W01,W07,8,SUB_MOQ_VIOLATION
MAT_005,Hardox 450 Wear-Resistant Steel,SUP_002,Vanguard Industrial Dynamics,PLANT_01,Detroit Advanced Assembly Hub,W07,1647,19.84,0.5,33507.3,19.92,W04,W07,3,COMPLIANT
MAT_005,Hardox 450 Wear-Resistant Steel,SUP_002,Vanguard Industrial Dynamics,PLANT_02,Munich Engineering Works,W07,766,19.84,3.5,17869.1,19.92,W02,W07,5,SUB_MOQ_VIOLATION
MAT_005,Hardox 450 Wear-Resistant Steel,SUP_002,Vanguard Industrial Dynamics,PLANT_03,Monterrey Global Production Hub,W07,692,19.84,1.6,14843.77,19.92,W04,W07,3,SUB_MOQ_VIOLATION
MAT_005,Hardox 450 Wear-Resistant Steel,SUP_005,MexSteel & Polymer Fabrica,PLANT_03,Monterrey Global Production Hub,W07,1406,20.42,0.45,29336.12,19.92,W04,W07,3,COMPLIANT
MAT_005,Hardox 450 Wear-Resistant Steel,SUP_007,Bharat Precision Engineering,PLANT_04,Tokyo Precision Facility,W07,1510,21.74,3.65,38331.79,19.92,W01,W07,7,COMPLIANT
MAT_005,Hardox 450 Wear-Resistant Steel,SUP_007,Bharat Precision Engineering,PLANT_05,Chennai Industrial Complex,W07,1296,21.74,0.45,28754.25,19.92,W02,W07,5,COMPLIANT
MAT_006,Aerospace Grade 7075-T6 Billet,SUP_001,Apex Precision Metals GmbH,PLANT_01,Detroit Advanced Assembly Hub,W07,1146,36.46,3.4,45690.32,37.01,W01,W07,6,SUB_MOQ_VIOLATION
MAT_006,Aerospace Grade 7075-T6 Billet,SUP_001,Apex Precision Metals GmbH,PLANT_02,Munich Engineering Works,W07,491,36.46,0.45,18114.32,37.01,W02,W07,5,SUB_MOQ_VIOLATION
MAT_006,Aerospace Grade 7075-T6 Billet,SUP_001,Apex Precision Metals GmbH,PLANT_03,Monterrey Global Production Hub,W07,546,36.46,4.8,22513.52,37.01,W01,W07,7,SUB_MOQ_VIOLATION
MAT_006,Aerospace Grade 7075-T6 Billet,SUP_001,Apex Precision Metals GmbH,PLANT_04,Tokyo Precision Facility,W07,949,36.46,7.6,41821.75,37.01,W01,W07,8,SUB_MOQ_VIOLATION
MAT_006,Aerospace Grade 7075-T6 Billet,SUP_001,Apex Precision Metals GmbH,PLANT_05,Chennai Industrial Complex,W07,664,36.46,5.1,27579.22,37.01,W01,W07,7,SUB_MOQ_VIOLATION
MAT_006,Aerospace Grade 7075-T6 Billet,SUP_003,Nippon Advanced Metallurgy,PLANT_02,Munich Engineering Works,W07,370,37.9,6.5,16438.21,37.01,W01,W07,8,SUB_MOQ_VIOLATION
MAT_006,Aerospace Grade 7075-T6 Billet,SUP_003,Nippon Advanced Metallurgy,PLANT_04,Tokyo Precision Facility,W07,1424,37.9,0.45,54602.73,37.01,W02,W07,5,COMPLIANT
MAT_006,Aerospace Grade 7075-T6 Billet,SUP_003,Nippon Advanced Metallurgy,PLANT_05,Chennai Industrial Complex,W07,995,37.9,3.6,41309.1,37.01,W01,W07,7,SUB_MOQ_VIOLATION
MAT_006,Aerospace Grade 7075-T6 Billet,SUP_005,MexSteel & Polymer Fabrica,PLANT_01,Detroit Advanced Assembly Hub,W07,865,38.93,1.7,35133.98,37.01,W03,W07,4,SUB_MOQ_VIOLATION
MAT_006,Aerospace Grade 7075-T6 Billet,SUP_005,MexSteel & Polymer Fabrica,PLANT_03,Monterrey Global Production Hub,W07,1013,38.93,0.45,39905.72,37.01,W03,W07,4,SUB_MOQ_VIOLATION
MAT_007,Structural Aluminum 6061-T6 Extrusion,SUP_001,Apex Precision Metals GmbH,PLANT_01,Detroit Advanced Assembly Hub,W07,1373,43.44,3.4,64303.36,44.33,W01,W07,6,COMPLIANT
MAT_007,Structural Aluminum 6061-T6 Extrusion,SUP_001,Apex Precision Metals GmbH,PLANT_02,Munich Engineering Works,W07,466,43.44,0.45,20437.38,44.33,W02,W07,5,SUB_MOQ_VIOLATION
MAT_007,Structural Aluminum 6061-T6 Extrusion,SUP_001,Apex Precision Metals GmbH,PLANT_03,Monterrey Global Production Hub,W07,484,43.44,4.8,23350.57,44.33,W01,W07,7,SUB_MOQ_VIOLATION
MAT_007,Structural Aluminum 6061-T6 Extrusion,SUP_001,Apex Precision Metals GmbH,PLANT_04,Tokyo Precision Facility,W07,850,43.44,7.6,43391.66,44.33,W01,W07,8,COMPLIANT
MAT_007,Structural Aluminum 6061-T6 Extrusion,SUP_001,Apex Precision Metals GmbH,PLANT_05,Chennai Industrial Complex,W07,825,43.44,5.1,40060.06,44.33,W01,W07,7,COMPLIANT
MAT_007,Structural Aluminum 6061-T6 Extrusion,SUP_003,Nippon Advanced Metallurgy,PLANT_02,Munich Engineering Works,W07,229,44.61,6.5,11722.08,44.33,W01,W07,9,SUB_MOQ_VIOLATION
MAT_007,Structural Aluminum 6061-T6 Extrusion,SUP_003,Nippon Advanced Metallurgy,PLANT_04,Tokyo Precision Facility,W07,1579,44.61,0.45,71142.98,44.33,W01,W07,6,COMPLIANT
MAT_007,Structural Aluminum 6061-T6 Extrusion,SUP_003,Nippon Advanced Metallurgy,PLANT_05,Chennai Industrial Complex,W07,1533,44.61,3.6,73891.47,44.33,W01,W07,8,COMPLIANT
MAT_007,Structural Aluminum 6061-T6 Extrusion,SUP_005,MexSteel & Polymer Fabrica,PLANT_01,Detroit Advanced Assembly Hub,W07,676,46.13,1.7,32341.21,44.33,W04,W07,3,COMPLIANT
MAT_007,Structural Aluminum 6061-T6 Extrusion,SUP_005,MexSteel & Polymer Fabrica,PLANT_03,Monterrey Global Production Hub,W07,899,46.13,0.45,41873.09,44.33,W04,W07,3,COMPLIANT
MAT_008,Marine Grade 5083-H116 Plate,SUP_001,Apex Precision Metals GmbH,PLANT_01,Detroit Advanced Assembly Hub,W07,440,15.98,3.4,8519.06,16.96,W03,W07,4,COMPLIANT
MAT_008,Marine Grade 5083-H116 Plate,SUP_001,Apex Precision Metals GmbH,PLANT_02,Munich Engineering Works,W07,877,15.98,0.45,14414.04,16.96,W04,W07,3,COMPLIANT
MAT_008,Marine Grade 5083-H116 Plate,SUP_001,Apex Precision Metals GmbH,PLANT_04,Tokyo Precision Facility,W07,321,15.98,7.6,7580.5,16.96,W01,W07,6,COMPLIANT
MAT_008,Marine Grade 5083-H116 Plate,SUP_001,Apex Precision Metals GmbH,PLANT_05,Chennai Industrial Complex,W07,510,15.98,5.1,10760.92,16.96,W02,W07,5,COMPLIANT
MAT_008,Marine Grade 5083-H116 Plate,SUP_003,Nippon Advanced Metallurgy,PLANT_04,Tokyo Precision Facility,W07,572,17.32,0.45,10155.91,16.96,W01,W07,6,COMPLIANT
MAT_008,Marine Grade 5083-H116 Plate,SUP_003,Nippon Advanced Metallurgy,PLANT_05,Chennai Industrial Complex,W07,908,17.32,3.6,18985.32,16.96,W01,W07,8,COMPLIANT
MAT_008,Marine Grade 5083-H116 Plate,SUP_005,MexSteel & Polymer Fabrica,PLANT_01,Detroit Advanced Assembly Hub,W07,269,17.33,1.7,5127.06,16.96,W01,W07,6,SUB_MOQ_VIOLATION
MAT_008,Marine Grade 5083-H116 Plate,SUP_005,MexSteel & Polymer Fabrica,PLANT_02,Munich Engineering Works,W07,538,17.33,4.9,11953.07,16.96,W01,W07,8,SUB_MOQ_VIOLATION
MAT_008,Marine Grade 5083-H116 Plate,SUP_005,MexSteel & Polymer Fabrica,PLANT_03,Monterrey Global Production Hub,W07,485,17.33,0.45,8624.54,16.96,W01,W07,6,SUB_MOQ_VIOLATION
MAT_008,Marine Grade 5083-H116 Plate,SUP_012,Monterrey Die & Mold S.A.,PLANT_03,Monterrey Global Production Hub,W07,366,18.51,0.45,6938.03,16.96,W01,W07,6,COMPLIANT
MAT_009,Die-Cast Aluminum A380 Ingot,SUP_001,Apex Precision Metals GmbH,PLANT_01,Detroit Advanced Assembly Hub,W07,679,27.55,3.4,21013.81,28.35,W03,W07,4,SUB_MOQ_VIOLATION
MAT_009,Die-Cast Aluminum A380 Ingot,SUP_001,Apex Precision Metals GmbH,PLANT_02,Munich Engineering Works,W07,1229,27.55,0.45,34408.92,28.35,W04,W07,3,COMPLIANT
MAT_009,Die-Cast Aluminum A380 Ingot,SUP_001,Apex Precision Metals GmbH,PLANT_03,Monterrey Global Production Hub,W07,650,27.55,4.8,21014.56,28.35,W02,W07,5,SUB_MOQ_VIOLATION
MAT_009,Die-Cast Aluminum A380 Ingot,SUP_001,Apex Precision Metals GmbH,PLANT_04,Tokyo Precision Facility,W07,258,27.55,7.6,9068.7,28.35,W01,W07,6,SUB_MOQ_VIOLATION
MAT_009,Die-Cast Aluminum A380 Ingot,SUP_001,Apex Precision Metals GmbH,PLANT_05,Chennai Industrial Complex,W07,709,27.55,5.1,23155.38,28.35,W02,W07,5,SUB_MOQ_VIOLATION
MAT_009,Die-Cast Aluminum A380 Ingot,SUP_003,Nippon Advanced Metallurgy,PLANT_02,Munich Engineering Works,W07,552,27.71,6.5,18887.68,28.35,W01,W07,9,COMPLIANT
MAT_009,Die-Cast Aluminum A380 Ingot,SUP_003,Nippon Advanced Metallurgy,PLANT_04,Tokyo Precision Facility,W07,602,27.71,0.45,16952.32,28.35,W01,W07,6,COMPLIANT
MAT_009,Die-Cast Aluminum A380 Ingot,SUP_003,Nippon Advanced Metallurgy,PLANT_05,Chennai Industrial Complex,W07,1655,27.71,3.6,51811.79,28.35,W01,W07,8,COMPLIANT
MAT_009,Die-Cast Aluminum A380 Ingot,SUP_005,MexSteel & Polymer Fabrica,PLANT_01,Detroit Advanced Assembly Hub,W07,305,29.65,1.7,9563.0,28.35,W01,W07,7,SUB_MOQ_VIOLATION
MAT_009,Die-Cast Aluminum A380 Ingot,SUP_005,MexSteel & Polymer Fabrica,PLANT_03,Monterrey Global Production Hub,W07,1380,29.65,0.45,41550.04,28.35,W01,W07,7,COMPLIANT
MAT_010,Alloy 2024-T3 Precision Sheet,SUP_001,Apex Precision Metals GmbH,PLANT_01,Detroit Advanced Assembly Hub,W07,1394,14.39,3.4,24802.28,15.01,W02,W07,5,COMPLIANT
MAT_010,Alloy 2024-T3 Precision Sheet,SUP_001,Apex Precision Metals GmbH,PLANT_02,Munich Engineering Works,W07,1129,14.39,0.45,16758.22,15.01,W03,W07,4,COMPLIANT
MAT_010,Alloy 2024-T3 Precision Sheet,SUP_001,Apex Precision Metals GmbH,PLANT_04,Tokyo Precision Facility,W07,323,14.39,7.6,7111.57,15.01,W01,W07,7,SUB_MOQ_VIOLATION
MAT_010,Alloy 2024-T3 Precision Sheet,SUP_001,Apex Precision Metals GmbH,PLANT_05,Chennai Industrial Complex,W07,953,14.39,5.1,18583.33,15.01,W01,W07,6,COMPLIANT
MAT_010,Alloy 2024-T3 Precision Sheet,SUP_003,Nippon Advanced Metallurgy,PLANT_04,Tokyo Precision Facility,W07,412,15.26,0.45,6466.24,15.01,W03,W07,4,SUB_MOQ_VIOLATION
MAT_010,Alloy 2024-T3 Precision Sheet,SUP_003,Nippon Advanced Metallurgy,PLANT_05,Chennai Industrial Complex,W07,1214,15.26,3.6,22886.99,15.01,W01,W07,6,COMPLIANT
MAT_010,Alloy 2024-T3 Precision Sheet,SUP_005,MexSteel & Polymer Fabrica,PLANT_01,Detroit Advanced Assembly Hub,W07,969,15.42,1.7,16586.37,15.01,W02,W07,5,COMPLIANT
MAT_010,Alloy 2024-T3 Precision Sheet,SUP_005,MexSteel & Polymer Fabrica,PLANT_02,Munich Engineering Works,W07,732,15.42,4.9,14875.66,15.01,W01,W07,7,SUB_MOQ_VIOLATION
MAT_010,Alloy 2024-T3 Precision Sheet,SUP_005,MexSteel & Polymer Fabrica,PLANT_03,Monterrey Global Production Hub,W07,762,15.42,0.45,12087.7,15.01,W02,W07,5,COMPLIANT
MAT_010,Alloy 2024-T3 Precision Sheet,SUP_012,Monterrey Die & Mold S.A.,PLANT_02,Munich Engineering Works,W07,53,15.89,4.9,1095.01,15.01,W01,W07,8,SUB_MOQ_VIOLATION
MAT_010,Alloy 2024-T3 Precision Sheet,SUP_012,Monterrey Die & Mold S.A.,PLANT_03,Monterrey Global Production Hub,W07,447,15.89,0.45,7309.37,15.01,W01,W07,6,SUB_MOQ_VIOLATION
MAT_011,Engineered Polyamide PA66-GF30 Resin,SUP_002,Vanguard Industrial Dynamics,PLANT_01,Detroit Advanced Assembly Hub,W07,1310,10.91,0.5,14943.33,11.68,W02,W07,5,COMPLIANT
MAT_011,Engineered Polyamide PA66-GF30 Resin,SUP_002,Vanguard Industrial Dynamics,PLANT_02,Munich Engineering Works,W07,617,10.91,3.5,8886.79,11.68,W01,W07,7,SUB_MOQ_VIOLATION
MAT_011,Engineered Polyamide PA66-GF30 Resin,SUP_002,Vanguard Industrial Dynamics,PLANT_03,Monterrey Global Production Hub,W07,761,10.91,1.6,9523.61,11.68,W02,W07,5,SUB_MOQ_VIOLATION
MAT_011,Engineered Polyamide PA66-GF30 Resin,SUP_002,Vanguard Industrial Dynamics,PLANT_05,Chennai Industrial Complex,W07,436,10.91,6.4,7553.39,11.68,W01,W07,8,SUB_MOQ_VIOLATION
MAT_011,Engineered Polyamide PA66-GF30 Resin,SUP_004,Hansol High-Tech Components,PLANT_02,Munich Engineering Works,W07,394,11.47,6.55,7105.11,11.68,W01,W07,9,SUB_MOQ_VIOLATION
MAT_011,Engineered Polyamide PA66-GF30 Resin,SUP_004,Hansol High-Tech Components,PLANT_04,Tokyo Precision Facility,W07,1488,11.47,0.85,18332.16,11.68,W01,W07,6,COMPLIANT
MAT_011,Engineered Polyamide PA66-GF30 Resin,SUP_004,Hansol High-Tech Components,PLANT_05,Chennai Industrial Complex,W07,1537,11.47,3.55,23089.95,11.68,W01,W07,8,COMPLIANT
MAT_011,Engineered Polyamide PA66-GF30 Resin,SUP_005,MexSteel & Polymer Fabrica,PLANT_01,Detroit Advanced Assembly Hub,W07,837,12.28,1.7,11705.87,11.68,W01,W07,6,SUB_MOQ_VIOLATION
MAT_011,Engineered Polyamide PA66-GF30 Resin,SUP_005,MexSteel & Polymer Fabrica,PLANT_03,Monterrey Global Production Hub,W07,487,12.28,0.45,6195.95,11.68,W01,W07,6,SUB_MOQ_VIOLATION
MAT_011,Engineered Polyamide PA66-GF30 Resin,SUP_006,Saigon Composite Solutions,PLANT_04,Tokyo Precision Facility,W07,837,12.47,1.85,11985.84,11.68,W01,W07,7,SUB_MOQ_VIOLATION
MAT_011,Engineered Polyamide PA66-GF30 Resin,SUP_006,Saigon Composite Solutions,PLANT_05,Chennai Industrial Complex,W07,428,12.47,2.1,6241.21,11.68,W01,W07,7,SUB_MOQ_VIOLATION
MAT_012,High-Density Polyethylene HDPE Copolymer,SUP_002,Vanguard Industrial Dynamics,PLANT_01,Detroit Advanced Assembly Hub,W07,852,18.72,0.5,16385.05,19.14,W01,W07,6,COMPLIANT
MAT_012,High-Density Polyethylene HDPE Copolymer,SUP_002,Vanguard Industrial Dynamics,PLANT_02,Munich Engineering Works,W07,416,18.72,3.5,9243.96,19.14,W01,W07,8,SUB_MOQ_VIOLATION
MAT_012,High-Density Polyethylene HDPE Copolymer,SUP_002,Vanguard Industrial Dynamics,PLANT_03,Monterrey Global Production Hub,W07,320,18.72,1.6,6512.15,19.14,W01,W07,6,SUB_MOQ_VIOLATION
MAT_012,High-Density Polyethylene HDPE Copolymer,SUP_002,Vanguard Industrial Dynamics,PLANT_05,Chennai Industrial Complex,W07,91,18.72,6.4,2292.82,19.14,W01,W07,9,SUB_MOQ_VIOLATION
MAT_012,High-Density Polyethylene HDPE Copolymer,SUP_004,Hansol High-Tech Components,PLANT_04,Tokyo Precision Facility,W07,473,18.6,0.85,9205.3,19.14,W01,W07,6,SUB_MOQ_VIOLATION
MAT_012,High-Density Polyethylene HDPE Copolymer,SUP_004,Hansol High-Tech Components,PLANT_05,Chennai Industrial Complex,W07,696,18.6,3.55,15408.43,19.14,W01,W07,8,SUB_MOQ_VIOLATION
MAT_012,High-Density Polyethylene HDPE Copolymer,SUP_005,MexSteel & Polymer Fabrica,PLANT_01,Detroit Advanced Assembly Hub,W07,522,20.39,1.7,11542.02,19.14,W01,W07,7,SUB_MOQ_VIOLATION
MAT_012,High-Density Polyethylene HDPE Copolymer,SUP_005,MexSteel & Polymer Fabrica,PLANT_02,Munich Engineering Works,W07,255,20.39,4.9,6448.44,19.14,W01,W07,9,SUB_MOQ_VIOLATION
MAT_012,High-Density Polyethylene HDPE Copolymer,SUP_005,MexSteel & Polymer Fabrica,PLANT_03,Monterrey Global Production Hub,W07,423,20.39,0.45,8805.32,19.14,W01,W07,7,SUB_MOQ_VIOLATION
MAT_012,High-Density Polyethylene HDPE Copolymer,SUP_006,Saigon Composite Solutions,PLANT_04,Tokyo Precision Facility,W07,223,20.75,1.85,5033.47,19.14,W03,W07,4,SUB_MOQ_VIOLATION
MAT_012,High-Density Polyethylene HDPE Copolymer,SUP_006,Saigon Composite Solutions,PLANT_05,Chennai Industrial Complex,W07,236,20.75,2.1,5394.55,19.14,W03,W07,4,SUB_MOQ_VIOLATION
MAT_013,Polycarbonate Optical-Grade Pellets,SUP_002,Vanguard Industrial Dynamics,PLANT_01,Detroit Advanced Assembly Hub,W07,390,6.41,0.5,2693.24,6.69,W02,W07,5,COMPLIANT
MAT_013,Polycarbonate Optical-Grade Pellets,SUP_002,Vanguard Industrial Dynamics,PLANT_02,Munich Engineering Works,W07,769,6.41,3.5,7621.58,6.69,W01,W07,7,COMPLIANT
MAT_013,Polycarbonate Optical-Grade Pellets,SUP_002,Vanguard Industrial Dynamics,PLANT_03,Monterrey Global Production Hub,W07,516,6.41,1.6,4130.12,6.69,W02,W07,5,COMPLIANT
MAT_013,Polycarbonate Optical-Grade Pellets,SUP_002,Vanguard Industrial Dynamics,PLANT_05,Chennai Industrial Complex,W07,376,6.41,6.4,4818.99,6.69,W01,W07,8,COMPLIANT
MAT_013,Polycarbonate Optical-Grade Pellets,SUP_004,Hansol High-Tech Components,PLANT_04,Tokyo Precision Facility,W07,1031,6.62,0.85,7702.54,6.69,W02,W07,5,COMPLIANT
MAT_013,Polycarbonate Optical-Grade Pellets,SUP_004,Hansol High-Tech Components,PLANT_05,Chennai Industrial Complex,W07,1331,6.62,3.55,13539.22,6.69,W01,W07,7,COMPLIANT
MAT_013,Polycarbonate Optical-Grade Pellets,SUP_005,MexSteel & Polymer Fabrica,PLANT_01,Detroit Advanced Assembly Hub,W07,282,6.86,1.7,2415.97,6.69,W01,W07,6,COMPLIANT
MAT_013,Polycarbonate Optical-Grade Pellets,SUP_005,MexSteel & Polymer Fabrica,PLANT_02,Munich Engineering Works,W07,557,6.86,4.9,6549.38,6.69,W01,W07,8,COMPLIANT
MAT_013,Polycarbonate Optical-Grade Pellets,SUP_005,MexSteel & Polymer Fabrica,PLANT_03,Monterrey Global Production Hub,W07,373,6.86,0.45,2729.41,6.69,W01,W07,6,COMPLIANT
MAT_013,Polycarbonate Optical-Grade Pellets,SUP_006,Saigon Composite Solutions,PLANT_04,Tokyo Precision Facility,W07,508,7.43,1.85,4713.03,6.69,W02,W07,5,SUB_MOQ_VIOLATION
MAT_013,Polycarbonate Optical-Grade Pellets,SUP_006,Saigon Composite Solutions,PLANT_05,Chennai Industrial Complex,W07,280,7.43,2.1,2663.83,6.69,W02,W07,5,SUB_MOQ_VIOLATION
MAT_014,Polyether Ether Ketone PEEK Polymer,SUP_002,Vanguard Industrial Dynamics,PLANT_01,Detroit Advanced Assembly Hub,W07,422,10.82,0.5,4781.57,11.17,W03,W07,4,COMPLIANT
MAT_014,Polyether Ether Ketone PEEK Polymer,SUP_002,Vanguard Industrial Dynamics,PLANT_02,Munich Engineering Works,W07,1156,10.82,3.5,16547.48,11.17,W01,W07,6,COMPLIANT
MAT_014,Polyether Ether Ketone PEEK Polymer,SUP_002,Vanguard Industrial Dynamics,PLANT_03,Monterrey Global Production Hub,W07,1333,10.82,1.6,16551.51,11.17,W03,W07,4,COMPLIANT
MAT_014,Polyether Ether Ketone PEEK Polymer,SUP_002,Vanguard Industrial Dynamics,PLANT_05,Chennai Industrial Complex,W07,425,10.82,6.4,7320.08,11.17,W01,W07,7,COMPLIANT
MAT_014,Polyether Ether Ketone PEEK Polymer,SUP_004,Hansol High-Tech Components,PLANT_04,Tokyo Precision Facility,W07,1042,10.94,0.85,12285.42,11.17,W01,W07,6,COMPLIANT
MAT_014,Polyether Ether Ketone PEEK Polymer,SUP_004,Hansol High-Tech Components,PLANT_05,Chennai Industrial Complex,W07,1211,10.94,3.55,17545.36,11.17,W01,W07,8,COMPLIANT
MAT_014,Polyether Ether Ketone PEEK Polymer,SUP_005,MexSteel & Polymer Fabrica,PLANT_01,Detroit Advanced Assembly Hub,W07,346,11.43,1.7,4537.73,11.17,W02,W07,5,SUB_MOQ_VIOLATION
MAT_014,Polyether Ether Ketone PEEK Polymer,SUP_005,MexSteel & Polymer Fabrica,PLANT_02,Munich Engineering Works,W07,945,11.43,4.9,15439.2,11.17,W01,W07,7,COMPLIANT
MAT_014,Polyether Ether Ketone PEEK Polymer,SUP_005,MexSteel & Polymer Fabrica,PLANT_03,Monterrey Global Production Hub,W07,1090,11.43,0.45,12953.36,11.17,W02,W07,5,COMPLIANT
MAT_014,Polyether Ether Ketone PEEK Polymer,SUP_006,Saigon Composite Solutions,PLANT_04,Tokyo Precision Facility,W07,612,12.23,1.85,8616.68,11.17,W02,W07,5,COMPLIANT
MAT_014,Polyether Ether Ketone PEEK Polymer,SUP_006,Saigon Composite Solutions,PLANT_05,Chennai Industrial Complex,W07,286,12.23,2.1,4099.07,11.17,W02,W07,5,COMPLIANT
MAT_015,Thermoplastic Polyurethane TPU Elastomer,SUP_002,Vanguard Industrial Dynamics,PLANT_01,Detroit Advanced Assembly Hub,W07,1320,21.33,0.5,28814.95,22.9,W01,W07,7,COMPLIANT
MAT_015,Thermoplastic Polyurethane TPU Elastomer,SUP_002,Vanguard Industrial Dynamics,PLANT_02,Munich Engineering Works,W07,489,21.33,3.5,12147.08,22.9,W01,W07,9,SUB_MOQ_VIOLATION
MAT_015,Thermoplastic Polyurethane TPU Elastomer,SUP_002,Vanguard Industrial Dynamics,PLANT_03,Monterrey Global Production Hub,W07,948,21.33,1.6,21739.02,22.9,W01,W07,7,COMPLIANT
MAT_015,Thermoplastic Polyurethane TPU Elastomer,SUP_002,Vanguard Industrial Dynamics,PLANT_04,Tokyo Precision Facility,W07,254,21.33,6.2,6995.37,22.9,W01,W07,10,SUB_MOQ_VIOLATION
MAT_015,Thermoplastic Polyurethane TPU Elastomer,SUP_002,Vanguard Industrial Dynamics,PLANT_05,Chennai Industrial Complex,W07,476,21.33,6.4,13204.75,22.9,W01,W07,10,SUB_MOQ_VIOLATION
MAT_015,Thermoplastic Polyurethane TPU Elastomer,SUP_004,Hansol High-Tech Components,PLANT_04,Tokyo Precision Facility,W07,516,22.76,0.85,12180.4,22.9,W04,W07,3,COMPLIANT
MAT_015,Thermoplastic Polyurethane TPU Elastomer,SUP_004,Hansol High-Tech Components,PLANT_05,Chennai Industrial Complex,W07,967,22.76,3.55,25436.77,22.9,W02,W07,5,COMPLIANT
MAT_015,Thermoplastic Polyurethane TPU Elastomer,SUP_005,MexSteel & Polymer Fabrica,PLANT_01,Detroit Advanced Assembly Hub,W07,593,23.46,1.7,14920.63,22.9,W01,W07,7,SUB_MOQ_VIOLATION
MAT_015,Thermoplastic Polyurethane TPU Elastomer,SUP_005,MexSteel & Polymer Fabrica,PLANT_02,Munich Engineering Works,W07,220,23.46,4.9,6233.24,22.9,W01,W07,9,SUB_MOQ_VIOLATION
MAT_015,Thermoplastic Polyurethane TPU Elastomer,SUP_005,MexSteel & Polymer Fabrica,PLANT_03,Monterrey Global Production Hub,W07,426,23.46,0.45,10184.23,22.9,W01,W07,7,SUB_MOQ_VIOLATION
MAT_016,Quad-Core Embedded Controller SoC,SUP_003,Nippon Advanced Metallurgy,PLANT_01,Detroit Advanced Assembly Hub,W07,1467,212.57,5.1,319241.35,227.56,W02,W07,5,COMPLIANT
MAT_016,Quad-Core Embedded Controller SoC,SUP_003,Nippon Advanced Metallurgy,PLANT_02,Munich Engineering Works,W07,1443,212.57,6.5,316010.67,227.56,W01,W07,6,COMPLIANT
MAT_016,Quad-Core Embedded Controller SoC,SUP_003,Nippon Advanced Metallurgy,PLANT_03,Monterrey Global Production Hub,W07,1557,212.57,5.3,339241.02,227.56,W01,W07,6,COMPLIANT
MAT_016,Quad-Core Embedded Controller SoC,SUP_003,Nippon Advanced Metallurgy,PLANT_04,Tokyo Precision Facility,W07,607,212.57,0.45,129307.4,227.56,W04,W07,3,SUB_MOQ_VIOLATION
MAT_016,Quad-Core Embedded Controller SoC,SUP_003,Nippon Advanced Metallurgy,PLANT_05,Chennai Industrial Complex,W07,770,212.57,3.6,166414.15,227.56,W02,W07,5,COMPLIANT
MAT_016,Quad-Core Embedded Controller SoC,SUP_004,Hansol High-Tech Components,PLANT_01,Detroit Advanced Assembly Hub,W07,722,222.17,5.15,164209.15,227.56,W01,W07,9,SUB_MOQ_VIOLATION
MAT_016,Quad-Core Embedded Controller SoC,SUP_004,Hansol High-Tech Components,PLANT_02,Munich Engineering Works,W07,710,222.17,6.55,162503.27,227.56,W01,W07,9,SUB_MOQ_VIOLATION
MAT_016,Quad-Core Embedded Controller SoC,SUP_004,Hansol High-Tech Components,PLANT_03,Monterrey Global Production Hub,W07,767,222.17,5.35,174489.64,227.56,W01,W07,9,COMPLIANT
MAT_016,Quad-Core Embedded Controller SoC,SUP_004,Hansol High-Tech Components,PLANT_04,Tokyo Precision Facility,W07,299,222.17,0.85,66678.52,227.56,W01,W07,6,SUB_MOQ_VIOLATION
MAT_016,Quad-Core Embedded Controller SoC,SUP_004,Hansol High-Tech Components,PLANT_05,Chennai Industrial Complex,W07,379,222.17,3.55,85586.25,227.56,W01,W07,8,SUB_MOQ_VIOLATION
MAT_017,Industrial Power Management Module,SUP_003,Nippon Advanced Metallurgy,PLANT_01,Detroit Advanced Assembly Hub,W07,756,113.98,5.1,90043.53,118.85,W01,W07,9,SUB_MOQ_VIOLATION
MAT_017,Industrial Power Management Module,SUP_003,Nippon Advanced Metallurgy,PLANT_02,Munich Engineering Works,W07,816,113.98,6.5,98311.68,118.85,W01,W07,10,SUB_MOQ_VIOLATION
MAT_017,Industrial Power Management Module,SUP_003,Nippon Advanced Metallurgy,PLANT_03,Monterrey Global Production Hub,W07,1153,113.98,5.3,137482.13,118.85,W01,W07,10,COMPLIANT
MAT_017,Industrial Power Management Module,SUP_003,Nippon Advanced Metallurgy,PLANT_04,Tokyo Precision Facility,W07,898,113.98,0.45,102712.37,118.85,W01,W07,7,SUB_MOQ_VIOLATION
MAT_017,Industrial Power Management Module,SUP_003,Nippon Advanced Metallurgy,PLANT_05,Chennai Industrial Complex,W07,1423,113.98,3.6,167274.01,118.85,W01,W07,9,COMPLIANT
MAT_017,Industrial Power Management Module,SUP_004,Hansol High-Tech Components,PLANT_01,Detroit Advanced Assembly Hub,W07,356,121.21,5.15,44963.94,118.85,W01,W07,8,COMPLIANT
MAT_017,Industrial Power Management Module,SUP_004,Hansol High-Tech Components,PLANT_02,Munich Engineering Works,W07,384,121.21,6.55,49059.84,118.85,W01,W07,8,COMPLIANT
MAT_017,Industrial Power Management Module,SUP_004,Hansol High-Tech Components,PLANT_03,Monterrey Global Production Hub,W07,542,121.21,5.35,68646.14,118.85,W01,W07,8,COMPLIANT
MAT_017,Industrial Power Management Module,SUP_004,Hansol High-Tech Components,PLANT_04,Tokyo Precision Facility,W07,422,121.21,0.85,51558.14,118.85,W02,W07,5,COMPLIANT
MAT_017,Industrial Power Management Module,SUP_004,Hansol High-Tech Components,PLANT_05,Chennai Industrial Complex,W07,819,121.21,3.55,102223.35,118.85,W01,W07,7,COMPLIANT
MAT_018,Multi-Layer High-Frequency PCB Array,SUP_003,Nippon Advanced Metallurgy,PLANT_01,Detroit Advanced Assembly Hub,W07,796,230.16,5.1,187384.59,242.4,W01,W07,6,SUB_MOQ_VIOLATION
MAT_018,Multi-Layer High-Frequency PCB Array,SUP_003,Nippon Advanced Metallurgy,PLANT_02,Munich Engineering Works,W07,1133,230.16,6.5,268088.45,242.4,W01,W07,7,COMPLIANT
MAT_018,Multi-Layer High-Frequency PCB Array,SUP_003,Nippon Advanced Metallurgy,PLANT_03,Monterrey Global Production Hub,W07,480,230.16,5.3,113082.02,242.4,W01,W07,7,SUB_MOQ_VIOLATION
MAT_018,Multi-Layer High-Frequency PCB Array,SUP_003,Nippon Advanced Metallurgy,PLANT_04,Tokyo Precision Facility,W07,621,230.16,0.45,143271.07,242.4,W03,W07,4,SUB_MOQ_VIOLATION
MAT_018,Multi-Layer High-Frequency PCB Array,SUP_003,Nippon Advanced Metallurgy,PLANT_05,Chennai Industrial Complex,W07,1143,230.16,3.6,267147.94,242.4,W01,W07,6,COMPLIANT
MAT_018,Multi-Layer High-Frequency PCB Array,SUP_004,Hansol High-Tech Components,PLANT_01,Detroit Advanced Assembly Hub,W07,554,239.2,5.15,135247.73,242.4,W01,W07,8,SUB_MOQ_VIOLATION
MAT_018,Multi-Layer High-Frequency PCB Array,SUP_004,Hansol High-Tech Components,PLANT_02,Munich Engineering Works,W07,787,239.2,6.55,193454.4,242.4,W01,W07,8,SUB_MOQ_VIOLATION
MAT_018,Multi-Layer High-Frequency PCB Array,SUP_004,Hansol High-Tech Components,PLANT_03,Monterrey Global Production Hub,W07,334,239.2,5.35,81616.12,242.4,W01,W07,8,SUB_MOQ_VIOLATION
MAT_018,Multi-Layer High-Frequency PCB Array,SUP_004,Hansol High-Tech Components,PLANT_04,Tokyo Precision Facility,W07,432,239.2,0.85,103636.79,242.4,W02,W07,5,SUB_MOQ_VIOLATION
MAT_018,Multi-Layer High-Frequency PCB Array,SUP_004,Hansol High-Tech Components,PLANT_05,Chennai Industrial Complex,W07,794,239.2,3.55,192784.77,242.4,W01,W07,7,SUB_MOQ_VIOLATION
MAT_019,Precision MEMS IMU Sensor Package,SUP_003,Nippon Advanced Metallurgy,PLANT_01,Detroit Advanced Assembly Hub,W07,1380,307.13,5.1,430827.44,316.16,W01,W07,8,COMPLIANT
MAT_019,Precision MEMS IMU Sensor Package,SUP_003,Nippon Advanced Metallurgy,PLANT_02,Munich Engineering Works,W07,1270,307.13,6.5,398335.19,316.16,W01,W07,9,COMPLIANT
MAT_019,Precision MEMS IMU Sensor Package,SUP_003,Nippon Advanced Metallurgy,PLANT_03,Monterrey Global Production Hub,W07,1314,307.13,5.3,410633.0,316.16,W01,W07,9,COMPLIANT
MAT_019,Precision MEMS IMU Sensor Package,SUP_003,Nippon Advanced Metallurgy,PLANT_04,Tokyo Precision Facility,W07,1033,307.13,0.45,317619.41,316.16,W01,W07,6,COMPLIANT
MAT_019,Precision MEMS IMU Sensor Package,SUP_003,Nippon Advanced Metallurgy,PLANT_05,Chennai Industrial Complex,W07,586,307.13,3.6,182013.2,316.16,W01,W07,8,SUB_MOQ_VIOLATION
MAT_019,Precision MEMS IMU Sensor Package,SUP_004,Hansol High-Tech Components,PLANT_01,Detroit Advanced Assembly Hub,W07,1084,310.88,5.15,342627.08,316.16,W01,W07,8,COMPLIANT
MAT_019,Precision MEMS IMU Sensor Package,SUP_004,Hansol High-Tech Components,PLANT_02,Munich Engineering Works,W07,998,310.88,6.55,316769.75,316.16,W01,W07,8,COMPLIANT
MAT_019,Precision MEMS IMU Sensor Package,SUP_004,Hansol High-Tech Components,PLANT_03,Monterrey Global Production Hub,W07,1033,310.88,5.35,326564.4,316.16,W01,W07,8,COMPLIANT
MAT_019,Precision MEMS IMU Sensor Package,SUP_004,Hansol High-Tech Components,PLANT_04,Tokyo Precision Facility,W07,811,310.88,0.85,252925.25,316.16,W02,W07,5,COMPLIANT
MAT_019,Precision MEMS IMU Sensor Package,SUP_004,Hansol High-Tech Components,PLANT_05,Chennai Industrial Complex,W07,460,310.88,3.55,144713.26,316.16,W01,W07,7,SUB_MOQ_VIOLATION
MAT_020,Fiber-Optic Gigabit Transceiver Subassembly,SUP_003,Nippon Advanced Metallurgy,PLANT_01,Detroit Advanced Assembly Hub,W07,1304,44.87,5.1,65152.88,47.18,W01,W07,7,COMPLIANT
MAT_020,Fiber-Optic Gigabit Transceiver Subassembly,SUP_003,Nippon Advanced Metallurgy,PLANT_02,Munich Engineering Works,W07,683,44.87,6.5,35098.04,47.18,W01,W07,8,SUB_MOQ_VIOLATION
MAT_020,Fiber-Optic Gigabit Transceiver Subassembly,SUP_003,Nippon Advanced Metallurgy,PLANT_03,Monterrey Global Production Hub,W07,1065,44.87,5.3,53425.03,47.18,W01,W07,8,COMPLIANT
MAT_020,Fiber-Optic Gigabit Transceiver Subassembly,SUP_003,Nippon Advanced Metallurgy,PLANT_04,Tokyo Precision Facility,W07,1028,44.87,0.45,46578.08,47.18,W02,W07,5,COMPLIANT
MAT_020,Fiber-Optic Gigabit Transceiver Subassembly,SUP_003,Nippon Advanced Metallurgy,PLANT_05,Chennai Industrial Complex,W07,1163,44.87,3.6,56393.88,47.18,W01,W07,7,COMPLIANT
MAT_020,Fiber-Optic Gigabit Transceiver Subassembly,SUP_004,Hansol High-Tech Components,PLANT_01,Detroit Advanced Assembly Hub,W07,944,47.81,5.15,50002.71,47.18,W01,W07,6,COMPLIANT
MAT_020,Fiber-Optic Gigabit Transceiver Subassembly,SUP_004,Hansol High-Tech Components,PLANT_02,Munich Engineering Works,W07,495,47.81,6.55,26895.15,47.18,W01,W07,6,SUB_MOQ_VIOLATION
MAT_020,Fiber-Optic Gigabit Transceiver Subassembly,SUP_004,Hansol High-Tech Components,PLANT_03,Monterrey Global Production Hub,W07,771,47.81,5.35,40992.74,47.18,W01,W07,6,COMPLIANT
MAT_020,Fiber-Optic Gigabit Transceiver Subassembly,SUP_004,Hansol High-Tech Components,PLANT_04,Tokyo Precision Facility,W07,744,47.81,0.85,36214.72,47.18,W04,W07,3,SUB_MOQ_VIOLATION
MAT_020,Fiber-Optic Gigabit Transceiver Subassembly,SUP_004,Hansol High-Tech Components,PLANT_05,Chennai Industrial Complex,W07,843,47.81,3.55,43271.83,47.18,W02,W07,5,COMPLIANT
MAT_021,Angular Contact Spindle Bearing 7008,SUP_003,Nippon Advanced Metallurgy,PLANT_01,Detroit Advanced Assembly Hub,W07,854,116.17,5.1,103616.73,120.34,W01,W07,9,SUB_MOQ_VIOLATION
MAT_021,Angular Contact Spindle Bearing 7008,SUP_003,Nippon Advanced Metallurgy,PLANT_02,Munich Engineering Works,W07,1135,116.17,6.5,139214.5,120.34,W01,W07,10,SUB_MOQ_VIOLATION
MAT_021,Angular Contact Spindle Bearing 7008,SUP_003,Nippon Advanced Metallurgy,PLANT_03,Monterrey Global Production Hub,W07,357,116.17,5.3,43342.93,120.34,W01,W07,10,SUB_MOQ_VIOLATION
MAT_021,Angular Contact Spindle Bearing 7008,SUP_003,Nippon Advanced Metallurgy,PLANT_04,Tokyo Precision Facility,W07,1219,116.17,0.45,142186.6,120.34,W01,W07,7,COMPLIANT
MAT_021,Angular Contact Spindle Bearing 7008,SUP_003,Nippon Advanced Metallurgy,PLANT_05,Chennai Industrial Complex,W07,510,116.17,3.6,61100.67,120.34,W01,W07,9,SUB_MOQ_VIOLATION
MAT_021,Angular Contact Spindle Bearing 7008,SUP_011,Shinshu Bearing & Motion Systems,PLANT_01,Detroit Advanced Assembly Hub,W07,645,118.13,5.1,79430.36,120.34,W01,W07,7,COMPLIANT
MAT_021,Angular Contact Spindle Bearing 7008,SUP_011,Shinshu Bearing & Motion Systems,PLANT_02,Munich Engineering Works,W07,856,118.13,6.5,106699.48,120.34,W01,W07,8,COMPLIANT
MAT_021,Angular Contact Spindle Bearing 7008,SUP_011,Shinshu Bearing & Motion Systems,PLANT_03,Monterrey Global Production Hub,W07,269,118.13,5.3,33224.89,120.34,W01,W07,8,SUB_MOQ_VIOLATION
MAT_021,Angular Contact Spindle Bearing 7008,SUP_011,Shinshu Bearing & Motion Systems,PLANT_04,Tokyo Precision Facility,W07,920,118.13,0.45,109066.33,120.34,W02,W07,5,COMPLIANT
MAT_021,Angular Contact Spindle Bearing 7008,SUP_011,Shinshu Bearing & Motion Systems,PLANT_05,Chennai Industrial Complex,W07,385,118.13,3.6,46847.79,120.34,W01,W07,7,SUB_MOQ_VIOLATION
MAT_022,Double-Row Tapered Roller Bearing,SUP_003,Nippon Advanced Metallurgy,PLANT_01,Detroit Advanced Assembly Hub,W07,879,103.66,5.1,95589.16,106.66,W01,W07,8,COMPLIANT
MAT_022,Double-Row Tapered Roller Bearing,SUP_003,Nippon Advanced Metallurgy,PLANT_02,Munich Engineering Works,W07,1096,103.66,6.5,120691.3,106.66,W01,W07,9,COMPLIANT
MAT_022,Double-Row Tapered Roller Bearing,SUP_003,Nippon Advanced Metallurgy,PLANT_03,Monterrey Global Production Hub,W07,1482,103.66,5.3,161505.96,106.66,W01,W07,9,COMPLIANT
MAT_022,Double-Row Tapered Roller Bearing,SUP_003,Nippon Advanced Metallurgy,PLANT_04,Tokyo Precision Facility,W07,424,103.66,0.45,44147.85,106.66,W01,W07,6,SUB_MOQ_VIOLATION
MAT_022,Double-Row Tapered Roller Bearing,SUP_003,Nippon Advanced Metallurgy,PLANT_05,Chennai Industrial Complex,W07,1318,103.66,3.6,141347.23,106.66,W01,W07,8,COMPLIANT
MAT_022,Double-Row Tapered Roller Bearing,SUP_011,Shinshu Bearing & Motion Systems,PLANT_01,Detroit Advanced Assembly Hub,W07,719,105.28,5.1,79374.26,106.66,W01,W07,8,SUB_MOQ_VIOLATION
MAT_022,Double-Row Tapered Roller Bearing,SUP_011,Shinshu Bearing & Motion Systems,PLANT_02,Munich Engineering Works,W07,896,105.28,6.5,100199.59,106.66,W01,W07,9,SUB_MOQ_VIOLATION
MAT_022,Double-Row Tapered Roller Bearing,SUP_011,Shinshu Bearing & Motion Systems,PLANT_03,Monterrey Global Production Hub,W07,1213,105.28,5.3,134105.89,106.66,W01,W07,9,COMPLIANT
MAT_022,Double-Row Tapered Roller Bearing,SUP_011,Shinshu Bearing & Motion Systems,PLANT_04,Tokyo Precision Facility,W07,347,105.28,0.45,36683.02,106.66,W01,W07,6,SUB_MOQ_VIOLATION
MAT_022,Double-Row Tapered Roller Bearing,SUP_011,Shinshu Bearing & Motion Systems,PLANT_05,Chennai Industrial Complex,W07,1078,105.28,3.6,117394.42,106.66,W01,W07,8,COMPLIANT
MAT_023,Deep-Groove Ceramic Hybrid Bearing,SUP_003,Nippon Advanced Metallurgy,PLANT_01,Detroit Advanced Assembly Hub,W07,1363,57.2,5.1,84934.84,61.21,W01,W07,6,COMPLIANT
MAT_023,Deep-Groove Ceramic Hybrid Bearing,SUP_003,Nippon Advanced Metallurgy,PLANT_02,Munich Engineering Works,W07,1141,57.2,6.5,72677.24,61.21,W01,W07,7,COMPLIANT
MAT_023,Deep-Groove Ceramic Hybrid Bearing,SUP_003,Nippon Advanced Metallurgy,PLANT_03,Monterrey Global Production Hub,W07,1040,57.2,5.3,64968.75,61.21,W01,W07,7,COMPLIANT
MAT_023,Deep-Groove Ceramic Hybrid Bearing,SUP_003,Nippon Advanced Metallurgy,PLANT_04,Tokyo Precision Facility,W07,1437,57.2,0.45,82844.78,61.21,W03,W07,4,COMPLIANT
MAT_023,Deep-Groove Ceramic Hybrid Bearing,SUP_003,Nippon Advanced Metallurgy,PLANT_05,Chennai Industrial Complex,W07,1310,57.2,3.6,79634.02,61.21,W01,W07,6,COMPLIANT
MAT_023,Deep-Groove Ceramic Hybrid Bearing,SUP_011,Shinshu Bearing & Motion Systems,PLANT_01,Detroit Advanced Assembly Hub,W07,801,60.49,5.1,52516.6,61.21,W02,W07,5,COMPLIANT
MAT_023,Deep-Groove Ceramic Hybrid Bearing,SUP_011,Shinshu Bearing & Motion Systems,PLANT_02,Munich Engineering Works,W07,670,60.49,6.5,44887.99,61.21,W01,W07,6,COMPLIANT
MAT_023,Deep-Groove Ceramic Hybrid Bearing,SUP_011,Shinshu Bearing & Motion Systems,PLANT_03,Monterrey Global Production Hub,W07,610,60.49,5.3,40164.8,61.21,W01,W07,6,COMPLIANT
MAT_023,Deep-Groove Ceramic Hybrid Bearing,SUP_011,Shinshu Bearing & Motion Systems,PLANT_04,Tokyo Precision Facility,W07,844,60.49,0.45,51431.53,61.21,W04,W07,3,COMPLIANT
MAT_023,Deep-Groove Ceramic Hybrid Bearing,SUP_011,Shinshu Bearing & Motion Systems,PLANT_05,Chennai Industrial Complex,W07,769,60.49,3.6,49299.95,61.21,W02,W07,5,COMPLIANT
MAT_024,Sealed Spherical Roller Bearing 22210,SUP_003,Nippon Advanced Metallurgy,PLANT_01,Detroit Advanced Assembly Hub,W07,1246,37.17,5.1,52651.51,37.75,W01,W07,9,COMPLIANT
MAT_024,Sealed Spherical Roller Bearing 22210,SUP_003,Nippon Advanced Metallurgy,PLANT_02,Munich Engineering Works,W07,498,37.17,6.5,21747.66,37.75,W01,W07,10,SUB_MOQ_VIOLATION
MAT_024,Sealed Spherical Roller Bearing 22210,SUP_003,Nippon Advanced Metallurgy,PLANT_03,Monterrey Global Production Hub,W07,658,37.17,5.3,27928.27,37.75,W01,W07,10,SUB_MOQ_VIOLATION
MAT_024,Sealed Spherical Roller Bearing 22210,SUP_003,Nippon Advanced Metallurgy,PLANT_04,Tokyo Precision Facility,W07,1188,37.17,0.45,44692.56,37.75,W01,W07,7,COMPLIANT
MAT_024,Sealed Spherical Roller Bearing 22210,SUP_003,Nippon Advanced Metallurgy,PLANT_05,Chennai Industrial Complex,W07,1260,37.17,3.6,51370.2,37.75,W01,W07,9,COMPLIANT
MAT_024,Sealed Spherical Roller Bearing 22210,SUP_011,Shinshu Bearing & Motion Systems,PLANT_01,Detroit Advanced Assembly Hub,W07,830,38.02,5.1,35806.85,37.75,W02,W07,5,SUB_MOQ_VIOLATION
MAT_024,Sealed Spherical Roller Bearing 22210,SUP_011,Shinshu Bearing & Motion Systems,PLANT_02,Munich Engineering Works,W07,332,38.02,6.5,14780.64,37.75,W01,W07,6,SUB_MOQ_VIOLATION
MAT_024,Sealed Spherical Roller Bearing 22210,SUP_011,Shinshu Bearing & Motion Systems,PLANT_03,Monterrey Global Production Hub,W07,438,38.02,5.3,18991.49,37.75,W01,W07,6,SUB_MOQ_VIOLATION
MAT_024,Sealed Spherical Roller Bearing 22210,SUP_011,Shinshu Bearing & Motion Systems,PLANT_04,Tokyo Precision Facility,W07,792,38.02,0.45,30468.24,37.75,W04,W07,3,SUB_MOQ_VIOLATION
MAT_024,Sealed Spherical Roller Bearing 22210,SUP_011,Shinshu Bearing & Motion Systems,PLANT_05,Chennai Industrial Complex,W07,840,38.02,3.6,34960.8,37.75,W02,W07,5,SUB_MOQ_VIOLATION
MAT_025,High-Speed Miniature Precision Bearing,SUP_003,Nippon Advanced Metallurgy,PLANT_01,Detroit Advanced Assembly Hub,W07,998,131.11,5.1,135964.82,139.57,W01,W07,8,SUB_MOQ_VIOLATION
MAT_025,High-Speed Miniature Precision Bearing,SUP_003,Nippon Advanced Metallurgy,PLANT_02,Munich Engineering Works,W07,1572,131.11,6.5,216281.64,139.57,W01,W07,9,COMPLIANT
MAT_025,High-Speed Miniature Precision Bearing,SUP_003,Nippon Advanced Metallurgy,PLANT_03,Monterrey Global Production Hub,W07,1292,131.11,5.3,176252.63,139.57,W01,W07,9,COMPLIANT
MAT_025,High-Speed Miniature Precision Bearing,SUP_003,Nippon Advanced Metallurgy,PLANT_04,Tokyo Precision Facility,W07,1043,131.11,0.45,137277.6,139.57,W01,W07,6,COMPLIANT
MAT_025,High-Speed Miniature Precision Bearing,SUP_003,Nippon Advanced Metallurgy,PLANT_05,Chennai Industrial Complex,W07,1270,131.11,3.6,171132.89,139.57,W01,W07,8,COMPLIANT
MAT_025,High-Speed Miniature Precision Bearing,SUP_011,Shinshu Bearing & Motion Systems,PLANT_01,Detroit Advanced Assembly Hub,W07,612,135.66,5.1,86116.97,139.57,W01,W07,7,SUB_MOQ_VIOLATION
MAT_025,High-Speed Miniature Precision Bearing,SUP_011,Shinshu Bearing & Motion Systems,PLANT_02,Munich Engineering Works,W07,963,135.66,6.5,136942.73,139.57,W01,W07,8,COMPLIANT
MAT_025,High-Speed Miniature Precision Bearing,SUP_011,Shinshu Bearing & Motion Systems,PLANT_03,Monterrey Global Production Hub,W07,792,135.66,5.3,111629.04,139.57,W01,W07,8,COMPLIANT
MAT_025,High-Speed Miniature Precision Bearing,SUP_011,Shinshu Bearing & Motion Systems,PLANT_04,Tokyo Precision Facility,W07,640,135.66,0.45,87047.79,139.57,W02,W07,5,SUB_MOQ_VIOLATION
MAT_025,High-Speed Miniature Precision Bearing,SUP_011,Shinshu Bearing & Motion Systems,PLANT_05,Chennai Industrial Complex,W07,779,135.66,3.6,108430.62,139.57,W01,W07,7,COMPLIANT
MAT_026,Proportional Electro-Hydraulic Valve,SUP_001,Apex Precision Metals GmbH,PLANT_01,Detroit Advanced Assembly Hub,W07,936,185.93,3.4,177275.36,194.59,W02,W07,5,SUB_MOQ_VIOLATION
MAT_026,Proportional Electro-Hydraulic Valve,SUP_001,Apex Precision Metals GmbH,PLANT_02,Munich Engineering Works,W07,1566,185.93,0.45,291798.39,194.59,W03,W07,4,COMPLIANT
MAT_026,Proportional Electro-Hydraulic Valve,SUP_001,Apex Precision Metals GmbH,PLANT_03,Monterrey Global Production Hub,W07,1085,185.93,4.8,206881.02,194.59,W01,W07,6,SUB_MOQ_VIOLATION
MAT_026,Proportional Electro-Hydraulic Valve,SUP_001,Apex Precision Metals GmbH,PLANT_04,Tokyo Precision Facility,W07,1015,185.93,7.6,196431.01,194.59,W01,W07,7,SUB_MOQ_VIOLATION
MAT_026,Proportional Electro-Hydraulic Valve,SUP_001,Apex Precision Metals GmbH,PLANT_05,Chennai Industrial Complex,W07,548,185.93,5.1,104657.7,194.59,W01,W07,6,SUB_MOQ_VIOLATION
MAT_026,Proportional Electro-Hydraulic Valve,SUP_009,EuroHydraulics SpA,PLANT_01,Detroit Advanced Assembly Hub,W07,421,198.4,3.4,84891.21,194.59,W03,W07,4,COMPLIANT
MAT_026,Proportional Electro-Hydraulic Valve,SUP_009,EuroHydraulics SpA,PLANT_02,Munich Engineering Works,W07,703,198.4,0.45,139869.1,194.59,W04,W07,3,COMPLIANT
MAT_026,Proportional Electro-Hydraulic Valve,SUP_009,EuroHydraulics SpA,PLANT_03,Monterrey Global Production Hub,W07,487,198.4,4.8,99023.42,194.59,W02,W07,5,COMPLIANT
MAT_026,Proportional Electro-Hydraulic Valve,SUP_009,EuroHydraulics SpA,PLANT_04,Tokyo Precision Facility,W07,456,198.4,7.6,93938.06,194.59,W01,W07,6,COMPLIANT
MAT_026,Proportional Electro-Hydraulic Valve,SUP_009,EuroHydraulics SpA,PLANT_05,Chennai Industrial Complex,W07,246,198.4,5.1,50089.49,194.59,W02,W07,5,SUB_MOQ_VIOLATION
MAT_027,Double-Acting Heavy Cylinder 3000 PSI,SUP_001,Apex Precision Metals GmbH,PLANT_01,Detroit Advanced Assembly Hub,W07,738,95.5,3.4,73029.74,100.71,W01,W07,6,SUB_MOQ_VIOLATION
MAT_027,Double-Acting Heavy Cylinder 3000 PSI,SUP_001,Apex Precision Metals GmbH,PLANT_02,Munich Engineering Works,W07,1483,95.5,0.45,142297.69,100.71,W02,W07,5,COMPLIANT
MAT_027,Double-Acting Heavy Cylinder 3000 PSI,SUP_001,Apex Precision Metals GmbH,PLANT_03,Monterrey Global Production Hub,W07,923,95.5,4.8,92594.95,100.71,W01,W07,7,SUB_MOQ_VIOLATION
MAT_027,Double-Acting Heavy Cylinder 3000 PSI,SUP_001,Apex Precision Metals GmbH,PLANT_04,Tokyo Precision Facility,W07,634,95.5,7.6,65392.21,100.71,W01,W07,8,SUB_MOQ_VIOLATION
MAT_027,Double-Acting Heavy Cylinder 3000 PSI,SUP_001,Apex Precision Metals GmbH,PLANT_05,Chennai Industrial Complex,W07,1285,95.5,5.1,129297.16,100.71,W01,W07,7,COMPLIANT
MAT_027,Double-Acting Heavy Cylinder 3000 PSI,SUP_009,EuroHydraulics SpA,PLANT_01,Detroit Advanced Assembly Hub,W07,453,98.17,3.4,45968.55,100.71,W01,W07,7,COMPLIANT
MAT_027,Double-Acting Heavy Cylinder 3000 PSI,SUP_009,EuroHydraulics SpA,PLANT_02,Munich Engineering Works,W07,909,98.17,0.45,89641.64,100.71,W01,W07,6,COMPLIANT
MAT_027,Double-Acting Heavy Cylinder 3000 PSI,SUP_009,EuroHydraulics SpA,PLANT_03,Monterrey Global Production Hub,W07,566,98.17,4.8,58262.49,100.71,W01,W07,8,COMPLIANT
MAT_027,Double-Acting Heavy Cylinder 3000 PSI,SUP_007,Bharat Precision Engineering,PLANT_04,Tokyo Precision Facility,W07,389,101.87,3.65,41019.84,100.71,W01,W07,9,SUB_MOQ_VIOLATION
MAT_027,Double-Acting Heavy Cylinder 3000 PSI,SUP_007,Bharat Precision Engineering,PLANT_05,Chennai Industrial Complex,W07,788,101.87,0.45,80601.56,100.71,W01,W07,7,COMPLIANT
MAT_028,Variable Displacement Piston Pump Core,SUP_001,Apex Precision Metals GmbH,PLANT_01,Detroit Advanced Assembly Hub,W07,601,99.77,3.4,62031.99,102.24,W01,W07,8,SUB_MOQ_VIOLATION
MAT_028,Variable Displacement Piston Pump Core,SUP_001,Apex Precision Metals GmbH,PLANT_02,Munich Engineering Works,W07,816,99.77,0.45,81821.61,102.24,W01,W07,7,COMPLIANT
MAT_028,Variable Displacement Piston Pump Core,SUP_001,Apex Precision Metals GmbH,PLANT_03,Monterrey Global Production Hub,W07,1378,99.77,4.8,144105.83,102.24,W01,W07,9,COMPLIANT
MAT_028,Variable Displacement Piston Pump Core,SUP_001,Apex Precision Metals GmbH,PLANT_04,Tokyo Precision Facility,W07,1441,99.77,7.6,154767.41,102.24,W01,W07,10,COMPLIANT
MAT_028,Variable Displacement Piston Pump Core,SUP_001,Apex Precision Metals GmbH,PLANT_05,Chennai Industrial Complex,W07,468,99.77,5.1,49072.87,102.24,W01,W07,9,SUB_MOQ_VIOLATION
MAT_028,Variable Displacement Piston Pump Core,SUP_009,EuroHydraulics SpA,PLANT_01,Detroit Advanced Assembly Hub,W07,310,102.06,3.4,32665.18,102.24,W01,W07,6,SUB_MOQ_VIOLATION
MAT_028,Variable Displacement Piston Pump Core,SUP_009,EuroHydraulics SpA,PLANT_02,Munich Engineering Works,W07,421,102.06,0.45,43113.66,102.24,W02,W07,5,SUB_MOQ_VIOLATION
MAT_028,Variable Displacement Piston Pump Core,SUP_009,EuroHydraulics SpA,PLANT_03,Monterrey Global Production Hub,W07,710,102.06,4.8,75862.05,102.24,W01,W07,7,SUB_MOQ_VIOLATION
MAT_028,Variable Displacement Piston Pump Core,SUP_009,EuroHydraulics SpA,PLANT_04,Tokyo Precision Facility,W07,743,102.06,7.6,81429.13,102.24,W01,W07,8,SUB_MOQ_VIOLATION
MAT_028,Variable Displacement Piston Pump Core,SUP_009,EuroHydraulics SpA,PLANT_05,Chennai Industrial Complex,W07,241,102.06,5.1,25831.99,102.24,W01,W07,7,SUB_MOQ_VIOLATION
MAT_029,Reinforced High-Pressure Flex Hose Assembly,SUP_001,Apex Precision Metals GmbH,PLANT_01,Detroit Advanced Assembly Hub,W07,488,371.44,3.4,182978.15,391.29,W02,W07,5,COMPLIANT
MAT_029,Reinforced High-Pressure Flex Hose Assembly,SUP_001,Apex Precision Metals GmbH,PLANT_02,Munich Engineering Works,W07,767,371.44,0.45,285239.63,391.29,W03,W07,4,COMPLIANT
MAT_029,Reinforced High-Pressure Flex Hose Assembly,SUP_001,Apex Precision Metals GmbH,PLANT_03,Monterrey Global Production Hub,W07,1151,371.44,4.8,433108.68,391.29,W01,W07,6,COMPLIANT
MAT_029,Reinforced High-Pressure Flex Hose Assembly,SUP_001,Apex Precision Metals GmbH,PLANT_04,Tokyo Precision Facility,W07,558,371.44,7.6,211636.98,391.29,W01,W07,7,COMPLIANT
MAT_029,Reinforced High-Pressure Flex Hose Assembly,SUP_001,Apex Precision Metals GmbH,PLANT_05,Chennai Industrial Complex,W07,1441,371.44,5.1,542612.97,391.29,W01,W07,6,COMPLIANT
MAT_029,Reinforced High-Pressure Flex Hose Assembly,SUP_009,EuroHydraulics SpA,PLANT_01,Detroit Advanced Assembly Hub,W07,263,386.32,3.4,102437.9,391.29,W01,W07,8,SUB_MOQ_VIOLATION
MAT_029,Reinforced High-Pressure Flex Hose Assembly,SUP_009,EuroHydraulics SpA,PLANT_02,Munich Engineering Works,W07,413,386.32,0.45,159736.01,391.29,W01,W07,7,SUB_MOQ_VIOLATION
MAT_029,Reinforced High-Pressure Flex Hose Assembly,SUP_009,EuroHydraulics SpA,PLANT_03,Monterrey Global Production Hub,W07,620,386.32,4.8,242435.73,391.29,W01,W07,9,SUB_MOQ_VIOLATION
MAT_029,Reinforced High-Pressure Flex Hose Assembly,SUP_009,EuroHydraulics SpA,PLANT_04,Tokyo Precision Facility,W07,301,386.32,7.6,118432.05,391.29,W01,W07,10,SUB_MOQ_VIOLATION
MAT_029,Reinforced High-Pressure Flex Hose Assembly,SUP_009,EuroHydraulics SpA,PLANT_05,Chennai Industrial Complex,W07,776,386.32,5.1,303722.35,391.29,W01,W07,9,SUB_MOQ_VIOLATION
MAT_030,Servo-Controlled Hydraulic Actuator,SUP_001,Apex Precision Metals GmbH,PLANT_01,Detroit Advanced Assembly Hub,W07,624,276.63,3.4,174761.12,297.43,W01,W07,7,SUB_MOQ_VIOLATION
MAT_030,Servo-Controlled Hydraulic Actuator,SUP_001,Apex Precision Metals GmbH,PLANT_02,Munich Engineering Works,W07,940,276.63,0.45,260344.37,297.43,W01,W07,6,SUB_MOQ_VIOLATION
MAT_030,Servo-Controlled Hydraulic Actuator,SUP_001,Apex Precision Metals GmbH,PLANT_03,Monterrey Global Production Hub,W07,651,276.63,4.8,183143.39,297.43,W01,W07,8,SUB_MOQ_VIOLATION
MAT_030,Servo-Controlled Hydraulic Actuator,SUP_001,Apex Precision Metals GmbH,PLANT_04,Tokyo Precision Facility,W07,693,276.63,7.6,196834.96,297.43,W01,W07,9,SUB_MOQ_VIOLATION
MAT_030,Servo-Controlled Hydraulic Actuator,SUP_001,Apex Precision Metals GmbH,PLANT_05,Chennai Industrial Complex,W07,1484,276.63,5.1,418149.3,297.43,W01,W07,8,COMPLIANT
MAT_030,Servo-Controlled Hydraulic Actuator,SUP_009,EuroHydraulics SpA,PLANT_01,Detroit Advanced Assembly Hub,W07,452,294.96,3.4,134834.85,297.43,W01,W07,7,SUB_MOQ_VIOLATION
MAT_030,Servo-Controlled Hydraulic Actuator,SUP_009,EuroHydraulics SpA,PLANT_02,Munich Engineering Works,W07,680,294.96,0.45,200996.96,297.43,W01,W07,6,SUB_MOQ_VIOLATION
MAT_030,Servo-Controlled Hydraulic Actuator,SUP_009,EuroHydraulics SpA,PLANT_03,Monterrey Global Production Hub,W07,471,294.96,4.8,141258.9,297.43,W01,W07,8,SUB_MOQ_VIOLATION
MAT_030,Servo-Controlled Hydraulic Actuator,SUP_009,EuroHydraulics SpA,PLANT_04,Tokyo Precision Facility,W07,501,294.96,7.6,151727.79,297.43,W01,W07,9,SUB_MOQ_VIOLATION
MAT_030,Servo-Controlled Hydraulic Actuator,SUP_009,EuroHydraulics SpA,PLANT_05,Chennai Industrial Complex,W07,1075,294.96,5.1,322498.49,297.43,W01,W07,8,COMPLIANT
MAT_031,Grade 12.9 Structural Flange Hex Bolt,SUP_002,Vanguard Industrial Dynamics,PLANT_01,Detroit Advanced Assembly Hub,W07,1033,14.13,0.5,15115.72,15.16,W03,W07,4,SUB_MOQ_VIOLATION
MAT_031,Grade 12.9 Structural Flange Hex Bolt,SUP_002,Vanguard Industrial Dynamics,PLANT_02,Munich Engineering Works,W07,645,14.13,3.5,11371.35,15.16,W01,W07,6,SUB_MOQ_VIOLATION
MAT_031,Grade 12.9 Structural Flange Hex Bolt,SUP_002,Vanguard Industrial Dynamics,PLANT_03,Monterrey Global Production Hub,W07,1235,14.13,1.6,19432.84,15.16,W03,W07,4,COMPLIANT
MAT_031,Grade 12.9 Structural Flange Hex Bolt,SUP_002,Vanguard Industrial Dynamics,PLANT_04,Tokyo Precision Facility,W07,416,14.13,6.2,8450.77,15.16,W01,W07,7,SUB_MOQ_VIOLATION
MAT_031,Grade 12.9 Structural Flange Hex Bolt,SUP_002,Vanguard Industrial Dynamics,PLANT_05,Chennai Industrial Complex,W07,460,14.13,6.4,9440.52,15.16,W01,W07,7,SUB_MOQ_VIOLATION
MAT_031,Grade 12.9 Structural Flange Hex Bolt,SUP_007,Bharat Precision Engineering,PLANT_04,Tokyo Precision Facility,W07,883,14.72,3.65,16226.59,15.16,W02,W07,5,SUB_MOQ_VIOLATION
MAT_031,Grade 12.9 Structural Flange Hex Bolt,SUP_007,Bharat Precision Engineering,PLANT_05,Chennai Industrial Complex,W07,977,14.72,0.45,14823.52,15.16,W04,W07,3,SUB_MOQ_VIOLATION
MAT_031,Grade 12.9 Structural Flange Hex Bolt,SUP_010,Detroit Fastener Alliance,PLANT_01,Detroit Advanced Assembly Hub,W07,689,15.41,0.5,10958.81,15.16,W03,W07,4,COMPLIANT
MAT_031,Grade 12.9 Structural Flange Hex Bolt,SUP_010,Detroit Fastener Alliance,PLANT_02,Munich Engineering Works,W07,430,15.41,3.5,8131.3,15.16,W01,W07,6,COMPLIANT
MAT_031,Grade 12.9 Structural Flange Hex Bolt,SUP_010,Detroit Fastener Alliance,PLANT_03,Monterrey Global Production Hub,W07,824,15.41,1.6,14009.44,15.16,W03,W07,4,COMPLIANT
MAT_032,Aerospace Grade Titanium Locknut,SUP_002,Vanguard Industrial Dynamics,PLANT_01,Detroit Advanced Assembly Hub,W07,488,13.27,0.5,6718.38,13.82,W01,W07,6,SUB_MOQ_VIOLATION
MAT_032,Aerospace Grade Titanium Locknut,SUP_002,Vanguard Industrial Dynamics,PLANT_02,Munich Engineering Works,W07,861,13.27,3.5,14438.97,13.82,W01,W07,8,COMPLIANT
MAT_032,Aerospace Grade Titanium Locknut,SUP_002,Vanguard Industrial Dynamics,PLANT_03,Monterrey Global Production Hub,W07,620,13.27,1.6,9222.37,13.82,W01,W07,6,SUB_MOQ_VIOLATION
MAT_032,Aerospace Grade Titanium Locknut,SUP_002,Vanguard Industrial Dynamics,PLANT_04,Tokyo Precision Facility,W07,355,13.27,6.2,6904.84,13.82,W01,W07,9,SUB_MOQ_VIOLATION
MAT_032,Aerospace Grade Titanium Locknut,SUP_002,Vanguard Industrial Dynamics,PLANT_05,Chennai Industrial Complex,W07,637,13.27,6.4,12524.68,13.82,W01,W07,9,SUB_MOQ_VIOLATION
MAT_032,Aerospace Grade Titanium Locknut,SUP_007,Bharat Precision Engineering,PLANT_04,Tokyo Precision Facility,W07,789,13.61,3.65,13624.35,13.82,W01,W07,6,SUB_MOQ_VIOLATION
MAT_032,Aerospace Grade Titanium Locknut,SUP_007,Bharat Precision Engineering,PLANT_05,Chennai Industrial Complex,W07,1417,13.61,0.45,19926.68,13.82,W03,W07,4,COMPLIANT
MAT_032,Aerospace Grade Titanium Locknut,SUP_010,Detroit Fastener Alliance,PLANT_01,Detroit Advanced Assembly Hub,W07,209,14.38,0.5,3111.41,13.82,W04,W07,3,SUB_MOQ_VIOLATION
MAT_032,Aerospace Grade Titanium Locknut,SUP_010,Detroit Fastener Alliance,PLANT_02,Munich Engineering Works,W07,369,14.38,3.5,6597.72,13.82,W02,W07,5,SUB_MOQ_VIOLATION
MAT_032,Aerospace Grade Titanium Locknut,SUP_010,Detroit Fastener Alliance,PLANT_03,Monterrey Global Production Hub,W07,266,14.38,1.6,4247.48,13.82,W04,W07,3,SUB_MOQ_VIOLATION
MAT_033,Stainless Steel A4-80 Socket Cap Screw,SUP_002,Vanguard Industrial Dynamics,PLANT_01,Detroit Advanced Assembly Hub,W07,856,10.01,0.5,8991.31,10.48,W02,W07,5,SUB_MOQ_VIOLATION
MAT_033,Stainless Steel A4-80 Socket Cap Screw,SUP_002,Vanguard Industrial Dynamics,PLANT_02,Munich Engineering Works,W07,685,10.01,3.5,9254.21,10.48,W01,W07,7,SUB_MOQ_VIOLATION
MAT_033,Stainless Steel A4-80 Socket Cap Screw,SUP_002,Vanguard Industrial Dynamics,PLANT_03,Monterrey Global Production Hub,W07,795,10.01,1.6,9226.82,10.48,W02,W07,5,SUB_MOQ_VIOLATION
MAT_033,Stainless Steel A4-80 Socket Cap Screw,SUP_002,Vanguard Industrial Dynamics,PLANT_04,Tokyo Precision Facility,W07,756,10.01,6.2,12258.0,10.48,W01,W07,8,SUB_MOQ_VIOLATION
MAT_033,Stainless Steel A4-80 Socket Cap Screw,SUP_002,Vanguard Industrial Dynamics,PLANT_05,Chennai Industrial Complex,W07,488,10.01,6.4,8000.53,10.48,W01,W07,8,SUB_MOQ_VIOLATION
MAT_033,Stainless Steel A4-80 Socket Cap Screw,SUP_007,Bharat Precision Engineering,PLANT_04,Tokyo Precision Facility,W07,1234,10.35,3.65,17273.2,10.48,W01,W07,9,COMPLIANT
MAT_033,Stainless Steel A4-80 Socket Cap Screw,SUP_007,Bharat Precision Engineering,PLANT_05,Chennai Industrial Complex,W07,795,10.35,0.45,8590.97,10.48,W01,W07,7,SUB_MOQ_VIOLATION
MAT_033,Stainless Steel A4-80 Socket Cap Screw,SUP_010,Detroit Fastener Alliance,PLANT_01,Detroit Advanced Assembly Hub,W07,594,10.68,0.5,6646.51,10.48,W01,W07,6,SUB_MOQ_VIOLATION
MAT_033,Stainless Steel A4-80 Socket Cap Screw,SUP_010,Detroit Fastener Alliance,PLANT_02,Munich Engineering Works,W07,476,10.68,3.5,6749.82,10.48,W01,W07,8,SUB_MOQ_VIOLATION
MAT_033,Stainless Steel A4-80 Socket Cap Screw,SUP_010,Detroit Fastener Alliance,PLANT_03,Monterrey Global Production Hub,W07,552,10.68,1.6,6781.88,10.48,W01,W07,6,SUB_MOQ_VIOLATION
MAT_034,Hardened Belleville Spring Washers,SUP_002,Vanguard Industrial Dynamics,PLANT_01,Detroit Advanced Assembly Hub,W07,887,17.36,0.5,15840.03,18.03,W02,W07,5,SUB_MOQ_VIOLATION
MAT_034,Hardened Belleville Spring Washers,SUP_002,Vanguard Industrial Dynamics,PLANT_02,Munich Engineering Works,W07,988,17.36,3.5,20603.42,18.03,W01,W07,7,SUB_MOQ_VIOLATION
MAT_034,Hardened Belleville Spring Washers,SUP_002,Vanguard Industrial Dynamics,PLANT_03,Monterrey Global Production Hub,W07,882,17.36,1.6,16722.72,18.03,W02,W07,5,SUB_MOQ_VIOLATION
MAT_034,Hardened Belleville Spring Washers,SUP_002,Vanguard Industrial Dynamics,PLANT_04,Tokyo Precision Facility,W07,897,17.36,6.2,21124.13,18.03,W01,W07,8,SUB_MOQ_VIOLATION
MAT_034,Hardened Belleville Spring Washers,SUP_002,Vanguard Industrial Dynamics,PLANT_05,Chennai Industrial Complex,W07,581,17.36,6.4,13806.94,18.03,W01,W07,8,SUB_MOQ_VIOLATION
MAT_034,Hardened Belleville Spring Washers,SUP_007,Bharat Precision Engineering,PLANT_04,Tokyo Precision Facility,W07,1402,17.75,3.65,30011.15,18.03,W01,W07,6,COMPLIANT
MAT_034,Hardened Belleville Spring Washers,SUP_007,Bharat Precision Engineering,PLANT_05,Chennai Industrial Complex,W07,909,17.75,0.45,16541.98,18.03,W03,W07,4,SUB_MOQ_VIOLATION
MAT_034,Hardened Belleville Spring Washers,SUP_010,Detroit Fastener Alliance,PLANT_01,Detroit Advanced Assembly Hub,W07,380,18.55,0.5,7240.91,18.03,W01,W07,6,SUB_MOQ_VIOLATION
MAT_034,Hardened Belleville Spring Washers,SUP_010,Detroit Fastener Alliance,PLANT_02,Munich Engineering Works,W07,423,18.55,3.5,9333.77,18.03,W01,W07,8,SUB_MOQ_VIOLATION
MAT_034,Hardened Belleville Spring Washers,SUP_010,Detroit Fastener Alliance,PLANT_03,Monterrey Global Production Hub,W07,378,18.55,1.6,7616.7,18.03,W01,W07,6,SUB_MOQ_VIOLATION
MAT_035,Structural Monobolt Blind Rivet Pack,SUP_002,Vanguard Industrial Dynamics,PLANT_01,Detroit Advanced Assembly Hub,W07,1261,7.59,0.5,10200.2,7.75,W01,W07,6,COMPLIANT
MAT_035,Structural Monobolt Blind Rivet Pack,SUP_002,Vanguard Industrial Dynamics,PLANT_02,Munich Engineering Works,W07,1404,7.59,3.5,15575.68,7.75,W01,W07,8,COMPLIANT
MAT_035,Structural Monobolt Blind Rivet Pack,SUP_002,Vanguard Industrial Dynamics,PLANT_03,Monterrey Global Production Hub,W07,507,7.59,1.6,4656.85,7.75,W01,W07,6,COMPLIANT
MAT_035,Structural Monobolt Blind Rivet Pack,SUP_002,Vanguard Industrial Dynamics,PLANT_04,Tokyo Precision Facility,W07,906,7.59,6.2,12497.88,7.75,W01,W07,9,COMPLIANT
MAT_035,Structural Monobolt Blind Rivet Pack,SUP_002,Vanguard Industrial Dynamics,PLANT_05,Chennai Industrial Complex,W07,879,7.59,6.4,12291.05,7.75,W01,W07,9,COMPLIANT
MAT_035,Structural Monobolt Blind Rivet Pack,SUP_007,Bharat Precision Engineering,PLANT_04,Tokyo Precision Facility,W07,1479,7.97,3.65,17182.49,7.75,W02,W07,5,COMPLIANT
MAT_035,Structural Monobolt Blind Rivet Pack,SUP_007,Bharat Precision Engineering,PLANT_05,Chennai Industrial Complex,W07,1433,7.97,0.45,12069.56,7.75,W04,W07,3,COMPLIANT
MAT_035,Structural Monobolt Blind Rivet Pack,SUP_010,Detroit Fastener Alliance,PLANT_01,Detroit Advanced Assembly Hub,W07,951,8.07,0.5,8151.44,7.75,W04,W07,3,SUB_MOQ_VIOLATION
MAT_035,Structural Monobolt Blind Rivet Pack,SUP_010,Detroit Fastener Alliance,PLANT_02,Munich Engineering Works,W07,1060,8.07,3.5,12258.65,7.75,W02,W07,5,COMPLIANT
MAT_035,Structural Monobolt Blind Rivet Pack,SUP_010,Detroit Fastener Alliance,PLANT_03,Monterrey Global Production Hub,W07,382,8.07,1.6,3696.55,7.75,W04,W07,3,SUB_MOQ_VIOLATION
MAT_036,Toray Carbon Fiber Prepreg 3K Twill,SUP_003,Nippon Advanced Metallurgy,PLANT_01,Detroit Advanced Assembly Hub,W07,1390,132.92,5.1,191778.79,137.13,W02,W07,5,COMPLIANT
MAT_036,Toray Carbon Fiber Prepreg 3K Twill,SUP_003,Nippon Advanced Metallurgy,PLANT_02,Munich Engineering Works,W07,535,132.92,6.5,74561.82,137.13,W01,W07,6,COMPLIANT
MAT_036,Toray Carbon Fiber Prepreg 3K Twill,SUP_003,Nippon Advanced Metallurgy,PLANT_03,Monterrey Global Production Hub,W07,932,132.92,5.3,128876.33,137.13,W01,W07,6,COMPLIANT
MAT_036,Toray Carbon Fiber Prepreg 3K Twill,SUP_003,Nippon Advanced Metallurgy,PLANT_04,Tokyo Precision Facility,W07,1609,132.92,0.45,214632.34,137.13,W04,W07,3,COMPLIANT
MAT_036,Toray Carbon Fiber Prepreg 3K Twill,SUP_003,Nippon Advanced Metallurgy,PLANT_05,Chennai Industrial Complex,W07,689,132.92,3.6,94034.98,137.13,W02,W07,5,COMPLIANT
MAT_036,Toray Carbon Fiber Prepreg 3K Twill,SUP_006,Saigon Composite Solutions,PLANT_01,Detroit Advanced Assembly Hub,W07,596,135.8,6.5,84739.65,137.13,W01,W07,6,SUB_MOQ_VIOLATION
MAT_036,Toray Carbon Fiber Prepreg 3K Twill,SUP_006,Saigon Composite Solutions,PLANT_02,Munich Engineering Works,W07,229,135.8,7.7,32890.2,137.13,W01,W07,6,SUB_MOQ_VIOLATION
MAT_036,Toray Carbon Fiber Prepreg 3K Twill,SUP_006,Saigon Composite Solutions,PLANT_03,Monterrey Global Production Hub,W07,400,135.8,6.6,56903.04,137.13,W01,W07,6,SUB_MOQ_VIOLATION
MAT_036,Toray Carbon Fiber Prepreg 3K Twill,SUP_006,Saigon Composite Solutions,PLANT_04,Tokyo Precision Facility,W07,690,135.8,1.85,94937.21,137.13,W03,W07,4,SUB_MOQ_VIOLATION
MAT_036,Toray Carbon Fiber Prepreg 3K Twill,SUP_006,Saigon Composite Solutions,PLANT_05,Chennai Industrial Complex,W07,295,135.8,2.1,40708.08,137.13,W03,W07,4,SUB_MOQ_VIOLATION
MAT_037,Structural S-Glass Woven Roving Mat,SUP_003,Nippon Advanced Metallurgy,PLANT_01,Detroit Advanced Assembly Hub,W07,1430,180.77,5.1,265714.18,188.44,W02,W07,5,COMPLIANT
MAT_037,Structural S-Glass Woven Roving Mat,SUP_003,Nippon Advanced Metallurgy,PLANT_02,Munich Engineering Works,W07,645,180.77,6.5,120875.29,188.44,W01,W07,6,SUB_MOQ_VIOLATION
MAT_037,Structural S-Glass Woven Roving Mat,SUP_003,Nippon Advanced Metallurgy,PLANT_03,Monterrey Global Production Hub,W07,1014,180.77,5.3,188714.05,188.44,W01,W07,6,SUB_MOQ_VIOLATION
MAT_037,Structural S-Glass Woven Roving Mat,SUP_003,Nippon Advanced Metallurgy,PLANT_04,Tokyo Precision Facility,W07,560,180.77,0.45,101466.89,188.44,W04,W07,3,SUB_MOQ_VIOLATION
MAT_037,Structural S-Glass Woven Roving Mat,SUP_003,Nippon Advanced Metallurgy,PLANT_05,Chennai Industrial Complex,W07,1362,180.77,3.6,251060.32,188.44,W02,W07,5,COMPLIANT
MAT_037,Structural S-Glass Woven Roving Mat,SUP_006,Saigon Composite Solutions,PLANT_05,Chennai Industrial Complex,W07,946,190.52,2.1,182272.45,188.44,W02,W07,5,COMPLIANT
MAT_037,Structural S-Glass Woven Roving Mat,SUP_008,Taiwan Micro-Silicon Ltd,PLANT_01,Detroit Advanced Assembly Hub,W07,993,191.44,5.2,195348.08,188.44,W01,W07,9,COMPLIANT
MAT_037,Structural S-Glass Woven Roving Mat,SUP_008,Taiwan Micro-Silicon Ltd,PLANT_02,Munich Engineering Works,W07,449,191.44,6.5,88784.01,188.44,W01,W07,9,COMPLIANT
MAT_037,Structural S-Glass Woven Roving Mat,SUP_008,Taiwan Micro-Silicon Ltd,PLANT_03,Monterrey Global Production Hub,W07,705,191.44,5.4,138730.86,188.44,W01,W07,9,COMPLIANT
MAT_037,Structural S-Glass Woven Roving Mat,SUP_008,Taiwan Micro-Silicon Ltd,PLANT_04,Tokyo Precision Facility,W07,389,191.44,0.9,74837.57,188.44,W01,W07,6,COMPLIANT
MAT_038,Nomex Honeycomb Structural Core 1/8,SUP_003,Nippon Advanced Metallurgy,PLANT_01,Detroit Advanced Assembly Hub,W07,1039,139.23,5.1,150022.38,149.43,W02,W07,5,COMPLIANT
MAT_038,Nomex Honeycomb Structural Core 1/8,SUP_003,Nippon Advanced Metallurgy,PLANT_02,Munich Engineering Works,W07,1329,139.23,6.5,193613.96,149.43,W01,W07,6,COMPLIANT
MAT_038,Nomex Honeycomb Structural Core 1/8,SUP_003,Nippon Advanced Metallurgy,PLANT_03,Monterrey Global Production Hub,W07,983,139.23,5.3,142119.24,149.43,W01,W07,6,COMPLIANT
MAT_038,Nomex Honeycomb Structural Core 1/8,SUP_003,Nippon Advanced Metallurgy,PLANT_04,Tokyo Precision Facility,W07,911,139.23,0.45,127295.97,149.43,W04,W07,3,COMPLIANT
MAT_038,Nomex Honeycomb Structural Core 1/8,SUP_003,Nippon Advanced Metallurgy,PLANT_05,Chennai Industrial Complex,W07,818,139.23,3.6,116836.37,149.43,W02,W07,5,COMPLIANT
MAT_038,Nomex Honeycomb Structural Core 1/8,SUP_006,Saigon Composite Solutions,PLANT_02,Munich Engineering Works,W07,849,146.25,7.7,130768.21,149.43,W01,W07,9,SUB_MOQ_VIOLATION
MAT_038,Nomex Honeycomb Structural Core 1/8,SUP_006,Saigon Composite Solutions,PLANT_03,Monterrey Global Production Hub,W07,529,146.25,6.6,80888.5,149.43,W01,W07,9,SUB_MOQ_VIOLATION
MAT_038,Nomex Honeycomb Structural Core 1/8,SUP_006,Saigon Composite Solutions,PLANT_04,Tokyo Precision Facility,W07,583,146.25,1.85,86291.95,149.43,W01,W07,7,SUB_MOQ_VIOLATION
MAT_038,Nomex Honeycomb Structural Core 1/8,SUP_006,Saigon Composite Solutions,PLANT_05,Chennai Industrial Complex,W07,523,146.25,2.1,77585.57,149.43,W01,W07,7,SUB_MOQ_VIOLATION
MAT_038,Nomex Honeycomb Structural Core 1/8,SUP_008,Taiwan Micro-Silicon Ltd,PLANT_01,Detroit Advanced Assembly Hub,W07,665,152.45,5.2,104767.88,149.43,W01,W07,10,COMPLIANT
MAT_038,Nomex Honeycomb Structural Core 1/8,SUP_008,Taiwan Micro-Silicon Ltd,PLANT_03,Monterrey Global Production Hub,W07,99,152.45,5.4,15702.63,149.43,W01,W07,10,SUB_MOQ_VIOLATION
MAT_039,Basalt Fiber High-Temp Insulation Roll,SUP_003,Nippon Advanced Metallurgy,PLANT_01,Detroit Advanced Assembly Hub,W07,1225,183.62,5.1,231229.18,194.42,W01,W07,6,COMPLIANT
MAT_039,Basalt Fiber High-Temp Insulation Roll,SUP_003,Nippon Advanced Metallurgy,PLANT_02,Munich Engineering Works,W07,1154,183.62,6.5,219474.53,194.42,W01,W07,7,SUB_MOQ_VIOLATION
MAT_039,Basalt Fiber High-Temp Insulation Roll,SUP_003,Nippon Advanced Metallurgy,PLANT_03,Monterrey Global Production Hub,W07,1188,183.62,5.3,224474.74,194.42,W01,W07,7,SUB_MOQ_VIOLATION
MAT_039,Basalt Fiber High-Temp Insulation Roll,SUP_003,Nippon Advanced Metallurgy,PLANT_04,Tokyo Precision Facility,W07,666,183.62,0.45,122516.99,194.42,W03,W07,4,SUB_MOQ_VIOLATION
MAT_039,Basalt Fiber High-Temp Insulation Roll,SUP_003,Nippon Advanced Metallurgy,PLANT_05,Chennai Industrial Complex,W07,1457,183.62,3.6,272835.71,194.42,W01,W07,6,COMPLIANT
MAT_039,Basalt Fiber High-Temp Insulation Roll,SUP_006,Saigon Composite Solutions,PLANT_02,Munich Engineering Works,W07,281,193.95,7.7,56734.23,194.42,W01,W07,9,COMPLIANT
MAT_039,Basalt Fiber High-Temp Insulation Roll,SUP_006,Saigon Composite Solutions,PLANT_03,Monterrey Global Production Hub,W07,640,193.95,6.6,128311.89,194.42,W01,W07,9,COMPLIANT
MAT_039,Basalt Fiber High-Temp Insulation Roll,SUP_006,Saigon Composite Solutions,PLANT_04,Tokyo Precision Facility,W07,358,193.95,1.85,70174.72,194.42,W01,W07,7,COMPLIANT
MAT_039,Basalt Fiber High-Temp Insulation Roll,SUP_006,Saigon Composite Solutions,PLANT_05,Chennai Industrial Complex,W07,785,193.95,2.1,153840.43,194.42,W01,W07,7,COMPLIANT
MAT_039,Basalt Fiber High-Temp Insulation Roll,SUP_008,Taiwan Micro-Silicon Ltd,PLANT_01,Detroit Advanced Assembly Hub,W07,660,198.21,5.2,134199.75,194.42,W01,W07,8,SUB_MOQ_VIOLATION
MAT_039,Basalt Fiber High-Temp Insulation Roll,SUP_008,Taiwan Micro-Silicon Ltd,PLANT_02,Munich Engineering Works,W07,340,198.21,6.5,69652.58,194.42,W01,W07,8,SUB_MOQ_VIOLATION
MAT_040,High-Modulus Epoxy Resin Infusion Matrix,SUP_003,Nippon Advanced Metallurgy,PLANT_01,Detroit Advanced Assembly Hub,W07,439,140.07,5.1,63738.34,141.81,W01,W07,8,SUB_MOQ_VIOLATION
MAT_040,High-Modulus Epoxy Resin Infusion Matrix,SUP_003,Nippon Advanced Metallurgy,PLANT_02,Munich Engineering Works,W07,582,140.07,6.5,85350.64,141.81,W01,W07,9,SUB_MOQ_VIOLATION
MAT_040,High-Modulus Epoxy Resin Infusion Matrix,SUP_003,Nippon Advanced Metallurgy,PLANT_03,Monterrey Global Production Hub,W07,701,140.07,5.3,101852.04,141.81,W01,W07,9,SUB_MOQ_VIOLATION
MAT_040,High-Modulus Epoxy Resin Infusion Matrix,SUP_003,Nippon Advanced Metallurgy,PLANT_04,Tokyo Precision Facility,W07,437,140.07,0.45,61452.21,141.81,W01,W07,6,SUB_MOQ_VIOLATION
MAT_040,High-Modulus Epoxy Resin Infusion Matrix,SUP_003,Nippon Advanced Metallurgy,PLANT_05,Chennai Industrial Complex,W07,470,140.07,3.6,67496.17,141.81,W01,W07,8,SUB_MOQ_VIOLATION
MAT_040,High-Modulus Epoxy Resin Infusion Matrix,SUP_006,Saigon Composite Solutions,PLANT_03,Monterrey Global Production Hub,W07,497,140.83,6.6,73269.76,141.81,W01,W07,6,SUB_MOQ_VIOLATION
MAT_040,High-Modulus Epoxy Resin Infusion Matrix,SUP_006,Saigon Composite Solutions,PLANT_04,Tokyo Precision Facility,W07,317,140.83,1.85,45183.9,141.81,W03,W07,4,SUB_MOQ_VIOLATION
MAT_040,High-Modulus Epoxy Resin Infusion Matrix,SUP_006,Saigon Composite Solutions,PLANT_05,Chennai Industrial Complex,W07,340,140.83,2.1,48624.79,141.81,W03,W07,4,SUB_MOQ_VIOLATION
MAT_040,High-Modulus Epoxy Resin Infusion Matrix,SUP_008,Taiwan Micro-Silicon Ltd,PLANT_01,Detroit Advanced Assembly Hub,W07,318,148.12,5.2,48746.56,141.81,W01,W07,6,SUB_MOQ_VIOLATION
MAT_040,High-Modulus Epoxy Resin Infusion Matrix,SUP_008,Taiwan Micro-Silicon Ltd,PLANT_02,Munich Engineering Works,W07,422,148.12,6.5,65200.16,141.81,W01,W07,6,SUB_MOQ_VIOLATION
MAT_040,High-Modulus Epoxy Resin Infusion Matrix,SUP_008,Taiwan Micro-Silicon Ltd,PLANT_03,Monterrey Global Production Hub,W07,10,148.12,5.4,1593.54,141.81,W01,W07,6,SUB_MOQ_VIOLATION
MAT_001,High-Tensile Structural Steel I-Beam,SUP_001,Apex Precision Metals GmbH,PLANT_02,Munich Engineering Works,W08,437,17.91,0.45,8026.81,18.41,W03,W08,5,SUB_MOQ_VIOLATION
MAT_001,High-Tensile Structural Steel I-Beam,SUP_001,Apex Precision Metals GmbH,PLANT_05,Chennai Industrial Complex,W08,369,17.91,5.1,8499.2,18.41,W01,W08,7,SUB_MOQ_VIOLATION
MAT_001,High-Tensile Structural Steel I-Beam,SUP_002,Vanguard Industrial Dynamics,PLANT_01,Detroit Advanced Assembly Hub,W08,567,18.86,0.5,10973.64,18.41,W05,W08,3,COMPLIANT
MAT_001,High-Tensile Structural Steel I-Beam,SUP_002,Vanguard Industrial Dynamics,PLANT_02,Munich Engineering Works,W08,22,18.86,3.5,493.71,18.41,W03,W08,5,SUB_MOQ_VIOLATION
MAT_001,High-Tensile Structural Steel I-Beam,SUP_002,Vanguard Industrial Dynamics,PLANT_03,Monterrey Global Production Hub,W08,615,18.86,1.6,12591.29,18.41,W05,W08,3,COMPLIANT
MAT_001,High-Tensile Structural Steel I-Beam,SUP_002,Vanguard Industrial Dynamics,PLANT_04,Tokyo Precision Facility,W08,323,18.86,6.2,8103.4,18.41,W02,W08,6,COMPLIANT
MAT_001,High-Tensile Structural Steel I-Beam,SUP_005,MexSteel & Polymer Fabrica,PLANT_01,Detroit Advanced Assembly Hub,W08,279,18.64,1.7,5678.52,18.41,W04,W08,4,SUB_MOQ_VIOLATION
MAT_001,High-Tensile Structural Steel I-Beam,SUP_005,MexSteel & Polymer Fabrica,PLANT_03,Monterrey Global Production Hub,W08,886,18.64,0.45,16905.91,18.41,W04,W08,4,COMPLIANT
MAT_001,High-Tensile Structural Steel I-Beam,SUP_007,Bharat Precision Engineering,PLANT_02,Munich Engineering Works,W08,282,20.15,5.05,7099.6,18.41,W01,W08,8,SUB_MOQ_VIOLATION
MAT_001,High-Tensile Structural Steel I-Beam,SUP_007,Bharat Precision Engineering,PLANT_04,Tokyo Precision Facility,W08,429,20.15,3.65,10201.63,18.41,W01,W08,8,SUB_MOQ_VIOLATION
MAT_001,High-Tensile Structural Steel I-Beam,SUP_007,Bharat Precision Engineering,PLANT_05,Chennai Industrial Complex,W08,490,20.15,0.45,10086.38,18.41,W02,W08,6,SUB_MOQ_VIOLATION
MAT_002,Cold-Rolled Carbon Steel Sheet 2mm,SUP_001,Apex Precision Metals GmbH,PLANT_02,Munich Engineering Works,W08,425,8.77,0.45,3920.07,8.89,W01,W08,7,SUB_MOQ_VIOLATION
MAT_002,Cold-Rolled Carbon Steel Sheet 2mm,SUP_001,Apex Precision Metals GmbH,PLANT_05,Chennai Industrial Complex,W08,786,8.77,5.1,10898.21,8.89,W01,W08,9,COMPLIANT
MAT_002,Cold-Rolled Carbon Steel Sheet 2mm,SUP_002,Vanguard Industrial Dynamics,PLANT_01,Detroit Advanced Assembly Hub,W08,1298,8.92,0.5,12230.93,8.89,W04,W08,4,COMPLIANT
MAT_002,Cold-Rolled Carbon Steel Sheet 2mm,SUP_002,Vanguard Industrial Dynamics,PLANT_02,Munich Engineering Works,W08,272,8.92,3.5,3376.13,8.89,W02,W08,6,SUB_MOQ_VIOLATION
MAT_002,Cold-Rolled Carbon Steel Sheet 2mm,SUP_002,Vanguard Industrial Dynamics,PLANT_03,Monterrey Global Production Hub,W08,653,8.92,1.6,6870.93,8.89,W04,W08,4,SUB_MOQ_VIOLATION
MAT_002,Cold-Rolled Carbon Steel Sheet 2mm,SUP_002,Vanguard Industrial Dynamics,PLANT_04,Tokyo Precision Facility,W08,748,8.92,6.2,11304.62,8.89,W01,W08,7,SUB_MOQ_VIOLATION
MAT_002,Cold-Rolled Carbon Steel Sheet 2mm,SUP_005,MexSteel & Polymer Fabrica,PLANT_01,Detroit Advanced Assembly Hub,W08,866,9.48,1.7,9677.41,8.89,W03,W08,5,COMPLIANT
MAT_002,Cold-Rolled Carbon Steel Sheet 2mm,SUP_005,MexSteel & Polymer Fabrica,PLANT_03,Monterrey Global Production Hub,W08,940,9.48,0.45,9332.91,8.89,W03,W08,5,COMPLIANT
MAT_002,Cold-Rolled Carbon Steel Sheet 2mm,SUP_007,Bharat Precision Engineering,PLANT_04,Tokyo Precision Facility,W08,1451,9.39,3.65,18925.47,8.89,W01,W08,8,COMPLIANT
MAT_002,Cold-Rolled Carbon Steel Sheet 2mm,SUP_007,Bharat Precision Engineering,PLANT_05,Chennai Industrial Complex,W08,1525,9.39,0.45,15008.56,8.89,W02,W08,6,COMPLIANT
MAT_003,Austenitic Stainless Steel 316L Plate,SUP_001,Apex Precision Metals GmbH,PLANT_02,Munich Engineering Works,W08,722,12.58,0.45,9402.32,12.76,W04,W08,4,COMPLIANT
MAT_003,Austenitic Stainless Steel 316L Plate,SUP_001,Apex Precision Metals GmbH,PLANT_05,Chennai Industrial Complex,W08,395,12.58,5.1,6977.94,12.76,W02,W08,6,SUB_MOQ_VIOLATION
MAT_003,Austenitic Stainless Steel 316L Plate,SUP_002,Vanguard Industrial Dynamics,PLANT_01,Detroit Advanced Assembly Hub,W08,1213,13.05,0.5,16438.86,12.76,W04,W08,4,COMPLIANT
MAT_003,Austenitic Stainless Steel 316L Plate,SUP_002,Vanguard Industrial Dynamics,PLANT_02,Munich Engineering Works,W08,355,13.05,3.5,5882.04,12.76,W02,W08,6,COMPLIANT
MAT_003,Austenitic Stainless Steel 316L Plate,SUP_002,Vanguard Industrial Dynamics,PLANT_03,Monterrey Global Production Hub,W08,272,13.05,1.6,3979.82,12.76,W04,W08,4,COMPLIANT
MAT_003,Austenitic Stainless Steel 316L Plate,SUP_002,Vanguard Industrial Dynamics,PLANT_04,Tokyo Precision Facility,W08,381,13.05,6.2,7330.78,12.76,W01,W08,7,COMPLIANT
MAT_003,Austenitic Stainless Steel 316L Plate,SUP_005,MexSteel & Polymer Fabrica,PLANT_01,Detroit Advanced Assembly Hub,W08,809,13.6,1.7,12374.64,12.76,W03,W08,5,COMPLIANT
MAT_003,Austenitic Stainless Steel 316L Plate,SUP_005,MexSteel & Polymer Fabrica,PLANT_03,Monterrey Global Production Hub,W08,527,13.6,0.45,7409.13,12.76,W03,W08,5,COMPLIANT
MAT_003,Austenitic Stainless Steel 316L Plate,SUP_007,Bharat Precision Engineering,PLANT_04,Tokyo Precision Facility,W08,773,13.69,3.65,13406.94,12.76,W01,W08,8,COMPLIANT
MAT_003,Austenitic Stainless Steel 316L Plate,SUP_007,Bharat Precision Engineering,PLANT_05,Chennai Industrial Complex,W08,801,13.69,0.45,11330.66,12.76,W02,W08,6,COMPLIANT
MAT_004,Galvanized Structural Angle Steel,SUP_001,Apex Precision Metals GmbH,PLANT_02,Munich Engineering Works,W08,904,11.45,0.45,10759.38,11.96,W04,W08,4,COMPLIANT
MAT_004,Galvanized Structural Angle Steel,SUP_001,Apex Precision Metals GmbH,PLANT_05,Chennai Industrial Complex,W08,289,11.45,5.1,4776.33,11.96,W02,W08,6,SUB_MOQ_VIOLATION
MAT_004,Galvanized Structural Angle Steel,SUP_002,Vanguard Industrial Dynamics,PLANT_01,Detroit Advanced Assembly Hub,W08,546,11.89,0.5,6769.15,11.96,W05,W08,3,SUB_MOQ_VIOLATION
MAT_004,Galvanized Structural Angle Steel,SUP_002,Vanguard Industrial Dynamics,PLANT_02,Munich Engineering Works,W08,487,11.89,3.5,7492.62,11.96,W03,W08,5,SUB_MOQ_VIOLATION
MAT_004,Galvanized Structural Angle Steel,SUP_002,Vanguard Industrial Dynamics,PLANT_03,Monterrey Global Production Hub,W08,422,11.89,1.6,5694.13,11.96,W05,W08,3,SUB_MOQ_VIOLATION
MAT_004,Galvanized Structural Angle Steel,SUP_002,Vanguard Industrial Dynamics,PLANT_04,Tokyo Precision Facility,W08,430,11.89,6.2,7776.17,11.96,W02,W08,6,SUB_MOQ_VIOLATION
MAT_004,Galvanized Structural Angle Steel,SUP_005,MexSteel & Polymer Fabrica,PLANT_01,Detroit Advanced Assembly Hub,W08,380,12.54,1.7,5406.36,11.96,W01,W08,7,SUB_MOQ_VIOLATION
MAT_004,Galvanized Structural Angle Steel,SUP_005,MexSteel & Polymer Fabrica,PLANT_03,Monterrey Global Production Hub,W08,516,12.54,0.45,6701.54,11.96,W01,W08,7,SUB_MOQ_VIOLATION
MAT_004,Galvanized Structural Angle Steel,SUP_005,MexSteel & Polymer Fabrica,PLANT_04,Tokyo Precision Facility,W08,104,12.54,6.45,1983.32,11.96,W01,W08,10,SUB_MOQ_VIOLATION
MAT_004,Galvanized Structural Angle Steel,SUP_007,Bharat Precision Engineering,PLANT_04,Tokyo Precision Facility,W08,1247,13.19,3.65,20994.43,11.96,W02,W08,6,COMPLIANT
MAT_004,Galvanized Structural Angle Steel,SUP_007,Bharat Precision Engineering,PLANT_05,Chennai Industrial Complex,W08,673,13.19,0.45,9185.18,11.96,W04,W08,4,SUB_MOQ_VIOLATION
MAT_005,Hardox 450 Wear-Resistant Steel,SUP_001,Apex Precision Metals GmbH,PLANT_01,Detroit Advanced Assembly Hub,W08,890,18.57,3.4,19543.63,19.92,W01,W08,7,SUB_MOQ_VIOLATION
MAT_005,Hardox 450 Wear-Resistant Steel,SUP_001,Apex Precision Metals GmbH,PLANT_02,Munich Engineering Works,W08,1647,18.57,0.45,31323.28,19.92,W02,W08,6,COMPLIANT
MAT_005,Hardox 450 Wear-Resistant Steel,SUP_001,Apex Precision Metals GmbH,PLANT_04,Tokyo Precision Facility,W08,702,18.57,7.6,18367.15,19.92,W01,W08,9,SUB_MOQ_VIOLATION
MAT_005,Hardox 450 Wear-Resistant Steel,SUP_001,Apex Precision Metals GmbH,PLANT_05,Chennai Industrial Complex,W08,644,18.57,5.1,15255.08,19.92,W01,W08,8,SUB_MOQ_VIOLATION
MAT_005,Hardox 450 Wear-Resistant Steel,SUP_002,Vanguard Industrial Dynamics,PLANT_01,Detroit Advanced Assembly Hub,W08,1581,19.84,0.5,32166.49,19.92,W05,W08,3,COMPLIANT
MAT_005,Hardox 450 Wear-Resistant Steel,SUP_002,Vanguard Industrial Dynamics,PLANT_02,Munich Engineering Works,W08,811,19.84,3.5,18932.01,19.92,W03,W08,5,SUB_MOQ_VIOLATION
MAT_005,Hardox 450 Wear-Resistant Steel,SUP_002,Vanguard Industrial Dynamics,PLANT_03,Monterrey Global Production Hub,W08,697,19.84,1.6,14942.82,19.92,W05,W08,3,SUB_MOQ_VIOLATION
MAT_005,Hardox 450 Wear-Resistant Steel,SUP_005,MexSteel & Polymer Fabrica,PLANT_03,Monterrey Global Production Hub,W08,1415,20.42,0.45,29531.88,19.92,W05,W08,3,COMPLIANT
MAT_005,Hardox 450 Wear-Resistant Steel,SUP_007,Bharat Precision Engineering,PLANT_04,Tokyo Precision Facility,W08,1562,21.74,3.65,39663.24,19.92,W01,W08,7,COMPLIANT
MAT_005,Hardox 450 Wear-Resistant Steel,SUP_007,Bharat Precision Engineering,PLANT_05,Chennai Industrial Complex,W08,1435,21.74,0.45,31831.78,19.92,W03,W08,5,COMPLIANT
MAT_006,Aerospace Grade 7075-T6 Billet,SUP_001,Apex Precision Metals GmbH,PLANT_01,Detroit Advanced Assembly Hub,W08,1031,36.46,3.4,41078.12,37.01,W02,W08,6,SUB_MOQ_VIOLATION
MAT_006,Aerospace Grade 7075-T6 Billet,SUP_001,Apex Precision Metals GmbH,PLANT_02,Munich Engineering Works,W08,471,36.46,0.45,17399.0,37.01,W03,W08,5,SUB_MOQ_VIOLATION
MAT_006,Aerospace Grade 7075-T6 Billet,SUP_001,Apex Precision Metals GmbH,PLANT_03,Monterrey Global Production Hub,W08,583,36.46,4.8,24058.71,37.01,W01,W08,7,SUB_MOQ_VIOLATION
MAT_006,Aerospace Grade 7075-T6 Billet,SUP_001,Apex Precision Metals GmbH,PLANT_04,Tokyo Precision Facility,W08,948,36.46,7.6,41751.26,37.01,W01,W08,8,SUB_MOQ_VIOLATION
MAT_006,Aerospace Grade 7075-T6 Billet,SUP_001,Apex Precision Metals GmbH,PLANT_05,Chennai Industrial Complex,W08,736,36.46,5.1,30604.78,37.01,W01,W08,7,SUB_MOQ_VIOLATION
MAT_006,Aerospace Grade 7075-T6 Billet,SUP_003,Nippon Advanced Metallurgy,PLANT_02,Munich Engineering Works,W08,356,37.9,6.5,15789.08,37.01,W01,W08,8,SUB_MOQ_VIOLATION
MAT_006,Aerospace Grade 7075-T6 Billet,SUP_003,Nippon Advanced Metallurgy,PLANT_04,Tokyo Precision Facility,W08,1421,37.9,0.45,54510.69,37.01,W03,W08,5,COMPLIANT
MAT_006,Aerospace Grade 7075-T6 Billet,SUP_003,Nippon Advanced Metallurgy,PLANT_05,Chennai Industrial Complex,W08,1105,37.9,3.6,45840.9,37.01,W01,W08,7,SUB_MOQ_VIOLATION
MAT_006,Aerospace Grade 7075-T6 Billet,SUP_005,MexSteel & Polymer Fabrica,PLANT_01,Detroit Advanced Assembly Hub,W08,777,38.93,1.7,31587.39,37.01,W04,W08,4,SUB_MOQ_VIOLATION
MAT_006,Aerospace Grade 7075-T6 Billet,SUP_005,MexSteel & Polymer Fabrica,PLANT_03,Monterrey Global Production Hub,W08,1083,38.93,0.45,42644.6,37.01,W04,W08,4,SUB_MOQ_VIOLATION
MAT_007,Structural Aluminum 6061-T6 Extrusion,SUP_001,Apex Precision Metals GmbH,PLANT_01,Detroit Advanced Assembly Hub,W08,1402,43.44,3.4,65684.2,44.33,W02,W08,6,COMPLIANT
MAT_007,Structural Aluminum 6061-T6 Extrusion,SUP_001,Apex Precision Metals GmbH,PLANT_02,Munich Engineering Works,W08,500,43.44,0.45,21966.51,44.33,W03,W08,5,SUB_MOQ_VIOLATION
MAT_007,Structural Aluminum 6061-T6 Extrusion,SUP_001,Apex Precision Metals GmbH,PLANT_03,Monterrey Global Production Hub,W08,543,43.44,4.8,26203.97,44.33,W01,W08,7,SUB_MOQ_VIOLATION
MAT_007,Structural Aluminum 6061-T6 Extrusion,SUP_001,Apex Precision Metals GmbH,PLANT_04,Tokyo Precision Facility,W08,812,43.44,7.6,41444.48,44.33,W01,W08,8,COMPLIANT
MAT_007,Structural Aluminum 6061-T6 Extrusion,SUP_001,Apex Precision Metals GmbH,PLANT_05,Chennai Industrial Complex,W08,776,43.44,5.1,37681.6,44.33,W01,W08,7,COMPLIANT
MAT_007,Structural Aluminum 6061-T6 Extrusion,SUP_003,Nippon Advanced Metallurgy,PLANT_02,Munich Engineering Works,W08,247,44.61,6.5,12599.13,44.33,W01,W08,9,SUB_MOQ_VIOLATION
MAT_007,Structural Aluminum 6061-T6 Extrusion,SUP_003,Nippon Advanced Metallurgy,PLANT_04,Tokyo Precision Facility,W08,1508,44.61,0.45,67950.48,44.33,W02,W08,6,COMPLIANT
MAT_007,Structural Aluminum 6061-T6 Extrusion,SUP_003,Nippon Advanced Metallurgy,PLANT_05,Chennai Industrial Complex,W08,1442,44.61,3.6,69504.36,44.33,W01,W08,8,COMPLIANT
MAT_007,Structural Aluminum 6061-T6 Extrusion,SUP_005,MexSteel & Polymer Fabrica,PLANT_01,Detroit Advanced Assembly Hub,W08,691,46.13,1.7,33035.7,44.33,W05,W08,3,COMPLIANT
MAT_007,Structural Aluminum 6061-T6 Extrusion,SUP_005,MexSteel & Polymer Fabrica,PLANT_03,Monterrey Global Production Hub,W08,1009,46.13,0.45,46989.9,44.33,W05,W08,3,COMPLIANT
MAT_008,Marine Grade 5083-H116 Plate,SUP_001,Apex Precision Metals GmbH,PLANT_01,Detroit Advanced Assembly Hub,W08,489,15.98,3.4,9480.31,16.96,W04,W08,4,COMPLIANT
MAT_008,Marine Grade 5083-H116 Plate,SUP_001,Apex Precision Metals GmbH,PLANT_02,Munich Engineering Works,W08,802,15.98,0.45,13181.46,16.96,W05,W08,3,COMPLIANT
MAT_008,Marine Grade 5083-H116 Plate,SUP_001,Apex Precision Metals GmbH,PLANT_04,Tokyo Precision Facility,W08,347,15.98,7.6,8191.69,16.96,W02,W08,6,COMPLIANT
MAT_008,Marine Grade 5083-H116 Plate,SUP_001,Apex Precision Metals GmbH,PLANT_05,Chennai Industrial Complex,W08,478,15.98,5.1,10077.93,16.96,W03,W08,5,COMPLIANT
MAT_008,Marine Grade 5083-H116 Plate,SUP_003,Nippon Advanced Metallurgy,PLANT_04,Tokyo Precision Facility,W08,618,17.32,0.45,10974.75,16.96,W02,W08,6,COMPLIANT
MAT_008,Marine Grade 5083-H116 Plate,SUP_003,Nippon Advanced Metallurgy,PLANT_05,Chennai Industrial Complex,W08,850,17.32,3.6,17780.33,16.96,W01,W08,8,COMPLIANT
MAT_008,Marine Grade 5083-H116 Plate,SUP_005,MexSteel & Polymer Fabrica,PLANT_01,Detroit Advanced Assembly Hub,W08,300,17.33,1.7,5705.57,16.96,W02,W08,6,SUB_MOQ_VIOLATION
MAT_008,Marine Grade 5083-H116 Plate,SUP_005,MexSteel & Polymer Fabrica,PLANT_02,Munich Engineering Works,W08,492,17.33,4.9,10930.94,16.96,W01,W08,8,SUB_MOQ_VIOLATION
MAT_008,Marine Grade 5083-H116 Plate,SUP_005,MexSteel & Polymer Fabrica,PLANT_03,Monterrey Global Production Hub,W08,488,17.33,0.45,8685.35,16.96,W02,W08,6,SUB_MOQ_VIOLATION
MAT_008,Marine Grade 5083-H116 Plate,SUP_012,Monterrey Die & Mold S.A.,PLANT_03,Monterrey Global Production Hub,W08,369,18.51,0.45,6986.95,16.96,W02,W08,6,COMPLIANT
MAT_009,Die-Cast Aluminum A380 Ingot,SUP_001,Apex Precision Metals GmbH,PLANT_01,Detroit Advanced Assembly Hub,W08,767,27.55,3.4,23747.32,28.35,W04,W08,4,SUB_MOQ_VIOLATION
MAT_009,Die-Cast Aluminum A380 Ingot,SUP_001,Apex Precision Metals GmbH,PLANT_02,Munich Engineering Works,W08,1328,27.55,0.45,37191.0,28.35,W05,W08,3,COMPLIANT
MAT_009,Die-Cast Aluminum A380 Ingot,SUP_001,Apex Precision Metals GmbH,PLANT_03,Monterrey Global Production Hub,W08,664,27.55,4.8,21490.75,28.35,W03,W08,5,SUB_MOQ_VIOLATION
MAT_009,Die-Cast Aluminum A380 Ingot,SUP_001,Apex Precision Metals GmbH,PLANT_04,Tokyo Precision Facility,W08,262,27.55,7.6,9205.78,28.35,W02,W08,6,SUB_MOQ_VIOLATION
MAT_009,Die-Cast Aluminum A380 Ingot,SUP_001,Apex Precision Metals GmbH,PLANT_05,Chennai Industrial Complex,W08,752,27.55,5.1,24556.06,28.35,W03,W08,5,SUB_MOQ_VIOLATION
MAT_009,Die-Cast Aluminum A380 Ingot,SUP_003,Nippon Advanced Metallurgy,PLANT_02,Munich Engineering Works,W08,597,27.71,6.5,20414.82,28.35,W01,W08,9,COMPLIANT
MAT_009,Die-Cast Aluminum A380 Ingot,SUP_003,Nippon Advanced Metallurgy,PLANT_04,Tokyo Precision Facility,W08,611,27.71,0.45,17208.58,28.35,W02,W08,6,COMPLIANT
MAT_009,Die-Cast Aluminum A380 Ingot,SUP_003,Nippon Advanced Metallurgy,PLANT_05,Chennai Industrial Complex,W08,1755,27.71,3.6,54945.92,28.35,W01,W08,8,COMPLIANT
MAT_009,Die-Cast Aluminum A380 Ingot,SUP_005,MexSteel & Polymer Fabrica,PLANT_01,Detroit Advanced Assembly Hub,W08,345,29.65,1.7,10806.97,28.35,W01,W08,7,SUB_MOQ_VIOLATION
MAT_009,Die-Cast Aluminum A380 Ingot,SUP_005,MexSteel & Polymer Fabrica,PLANT_03,Monterrey Global Production Hub,W08,1412,29.65,0.45,42491.57,28.35,W01,W08,7,COMPLIANT
MAT_010,Alloy 2024-T3 Precision Sheet,SUP_001,Apex Precision Metals GmbH,PLANT_01,Detroit Advanced Assembly Hub,W08,1502,14.39,3.4,26712.57,15.01,W03,W08,5,COMPLIANT
MAT_010,Alloy 2024-T3 Precision Sheet,SUP_001,Apex Precision Metals GmbH,PLANT_02,Munich Engineering Works,W08,1208,14.39,0.45,17931.47,15.01,W04,W08,4,COMPLIANT
MAT_010,Alloy 2024-T3 Precision Sheet,SUP_001,Apex Precision Metals GmbH,PLANT_04,Tokyo Precision Facility,W08,319,14.39,7.6,7014.81,15.01,W01,W08,7,SUB_MOQ_VIOLATION
MAT_010,Alloy 2024-T3 Precision Sheet,SUP_001,Apex Precision Metals GmbH,PLANT_05,Chennai Industrial Complex,W08,884,14.39,5.1,17236.96,15.01,W02,W08,6,COMPLIANT
MAT_010,Alloy 2024-T3 Precision Sheet,SUP_003,Nippon Advanced Metallurgy,PLANT_04,Tokyo Precision Facility,W08,406,15.26,0.45,6378.26,15.01,W04,W08,4,SUB_MOQ_VIOLATION
MAT_010,Alloy 2024-T3 Precision Sheet,SUP_003,Nippon Advanced Metallurgy,PLANT_05,Chennai Industrial Complex,W08,1126,15.26,3.6,21228.82,15.01,W02,W08,6,COMPLIANT
MAT_010,Alloy 2024-T3 Precision Sheet,SUP_005,MexSteel & Polymer Fabrica,PLANT_01,Detroit Advanced Assembly Hub,W08,1043,15.42,1.7,17863.86,15.01,W03,W08,5,COMPLIANT
MAT_010,Alloy 2024-T3 Precision Sheet,SUP_005,MexSteel & Polymer Fabrica,PLANT_02,Munich Engineering Works,W08,787,15.42,4.9,15999.56,15.01,W01,W08,7,COMPLIANT
MAT_010,Alloy 2024-T3 Precision Sheet,SUP_005,MexSteel & Polymer Fabrica,PLANT_03,Monterrey Global Production Hub,W08,762,15.42,0.45,12097.7,15.01,W03,W08,5,COMPLIANT
MAT_010,Alloy 2024-T3 Precision Sheet,SUP_012,Monterrey Die & Mold S.A.,PLANT_02,Munich Engineering Works,W08,52,15.89,4.9,1087.32,15.01,W01,W08,8,SUB_MOQ_VIOLATION
MAT_010,Alloy 2024-T3 Precision Sheet,SUP_012,Monterrey Die & Mold S.A.,PLANT_03,Monterrey Global Production Hub,W08,448,15.89,0.45,7315.42,15.01,W02,W08,6,SUB_MOQ_VIOLATION
MAT_011,Engineered Polyamide PA66-GF30 Resin,SUP_002,Vanguard Industrial Dynamics,PLANT_01,Detroit Advanced Assembly Hub,W08,1312,10.91,0.5,14964.22,11.68,W03,W08,5,COMPLIANT
MAT_011,Engineered Polyamide PA66-GF30 Resin,SUP_002,Vanguard Industrial Dynamics,PLANT_02,Munich Engineering Works,W08,630,10.91,3.5,9080.17,11.68,W01,W08,7,SUB_MOQ_VIOLATION
MAT_011,Engineered Polyamide PA66-GF30 Resin,SUP_002,Vanguard Industrial Dynamics,PLANT_03,Monterrey Global Production Hub,W08,819,10.91,1.6,10240.94,11.68,W03,W08,5,SUB_MOQ_VIOLATION
MAT_011,Engineered Polyamide PA66-GF30 Resin,SUP_002,Vanguard Industrial Dynamics,PLANT_05,Chennai Industrial Complex,W08,398,10.91,6.4,6893.45,11.68,W01,W08,8,SUB_MOQ_VIOLATION
MAT_011,Engineered Polyamide PA66-GF30 Resin,SUP_004,Hansol High-Tech Components,PLANT_02,Munich Engineering Works,W08,403,11.47,6.55,7259.72,11.68,W01,W08,9,SUB_MOQ_VIOLATION
MAT_011,Engineered Polyamide PA66-GF30 Resin,SUP_004,Hansol High-Tech Components,PLANT_04,Tokyo Precision Facility,W08,1427,11.47,0.85,17583.1,11.68,W02,W08,6,COMPLIANT
MAT_011,Engineered Polyamide PA66-GF30 Resin,SUP_004,Hansol High-Tech Components,PLANT_05,Chennai Industrial Complex,W08,1506,11.47,3.55,22618.92,11.68,W01,W08,8,COMPLIANT
MAT_011,Engineered Polyamide PA66-GF30 Resin,SUP_005,MexSteel & Polymer Fabrica,PLANT_01,Detroit Advanced Assembly Hub,W08,838,12.28,1.7,11722.23,11.68,W02,W08,6,SUB_MOQ_VIOLATION
MAT_011,Engineered Polyamide PA66-GF30 Resin,SUP_005,MexSteel & Polymer Fabrica,PLANT_03,Monterrey Global Production Hub,W08,523,12.28,0.45,6662.63,11.68,W02,W08,6,SUB_MOQ_VIOLATION
MAT_011,Engineered Polyamide PA66-GF30 Resin,SUP_006,Saigon Composite Solutions,PLANT_04,Tokyo Precision Facility,W08,803,12.47,1.85,11496.1,11.68,W01,W08,7,SUB_MOQ_VIOLATION
MAT_011,Engineered Polyamide PA66-GF30 Resin,SUP_006,Saigon Composite Solutions,PLANT_05,Chennai Industrial Complex,W08,449,12.47,2.1,6539.67,11.68,W01,W08,7,SUB_MOQ_VIOLATION
MAT_012,High-Density Polyethylene HDPE Copolymer,SUP_002,Vanguard Industrial Dynamics,PLANT_01,Detroit Advanced Assembly Hub,W08,802,18.72,0.5,15407.91,19.14,W02,W08,6,COMPLIANT
MAT_012,High-Density Polyethylene HDPE Copolymer,SUP_002,Vanguard Industrial Dynamics,PLANT_02,Munich Engineering Works,W08,439,18.72,3.5,9753.69,19.14,W01,W08,8,SUB_MOQ_VIOLATION
MAT_012,High-Density Polyethylene HDPE Copolymer,SUP_002,Vanguard Industrial Dynamics,PLANT_03,Monterrey Global Production Hub,W08,279,18.72,1.6,5666.23,19.14,W02,W08,6,SUB_MOQ_VIOLATION
MAT_012,High-Density Polyethylene HDPE Copolymer,SUP_002,Vanguard Industrial Dynamics,PLANT_05,Chennai Industrial Complex,W08,105,18.72,6.4,2640.31,19.14,W01,W08,9,SUB_MOQ_VIOLATION
MAT_012,High-Density Polyethylene HDPE Copolymer,SUP_004,Hansol High-Tech Components,PLANT_04,Tokyo Precision Facility,W08,429,18.6,0.85,8345.61,19.14,W02,W08,6,SUB_MOQ_VIOLATION
MAT_012,High-Density Polyethylene HDPE Copolymer,SUP_004,Hansol High-Tech Components,PLANT_05,Chennai Industrial Complex,W08,747,18.6,3.55,16538.08,19.14,W01,W08,8,SUB_MOQ_VIOLATION
MAT_012,High-Density Polyethylene HDPE Copolymer,SUP_005,MexSteel & Polymer Fabrica,PLANT_01,Detroit Advanced Assembly Hub,W08,491,20.39,1.7,10853.7,19.14,W01,W08,7,SUB_MOQ_VIOLATION
MAT_012,High-Density Polyethylene HDPE Copolymer,SUP_005,MexSteel & Polymer Fabrica,PLANT_02,Munich Engineering Works,W08,269,20.39,4.9,6804.02,19.14,W01,W08,9,SUB_MOQ_VIOLATION
MAT_012,High-Density Polyethylene HDPE Copolymer,SUP_005,MexSteel & Polymer Fabrica,PLANT_03,Monterrey Global Production Hub,W08,436,20.39,0.45,9089.37,19.14,W01,W08,7,SUB_MOQ_VIOLATION
MAT_012,High-Density Polyethylene HDPE Copolymer,SUP_005,MexSteel & Polymer Fabrica,PLANT_04,Tokyo Precision Facility,W08,3,20.39,6.45,93.13,19.14,W01,W08,10,SUB_MOQ_VIOLATION
MAT_012,High-Density Polyethylene HDPE Copolymer,SUP_006,Saigon Composite Solutions,PLANT_04,Tokyo Precision Facility,W08,198,20.75,1.85,4484.97,19.14,W04,W08,4,SUB_MOQ_VIOLATION
MAT_012,High-Density Polyethylene HDPE Copolymer,SUP_006,Saigon Composite Solutions,PLANT_05,Chennai Industrial Complex,W08,246,20.75,2.1,5626.86,19.14,W04,W08,4,SUB_MOQ_VIOLATION
MAT_013,Polycarbonate Optical-Grade Pellets,SUP_002,Vanguard Industrial Dynamics,PLANT_01,Detroit Advanced Assembly Hub,W08,406,6.41,0.5,2805.46,6.69,W03,W08,5,COMPLIANT
MAT_013,Polycarbonate Optical-Grade Pellets,SUP_002,Vanguard Industrial Dynamics,PLANT_02,Munich Engineering Works,W08,750,6.41,3.5,7431.91,6.69,W01,W08,7,COMPLIANT
MAT_013,Polycarbonate Optical-Grade Pellets,SUP_002,Vanguard Industrial Dynamics,PLANT_03,Monterrey Global Production Hub,W08,581,6.41,1.6,4650.45,6.69,W03,W08,5,COMPLIANT
MAT_013,Polycarbonate Optical-Grade Pellets,SUP_002,Vanguard Industrial Dynamics,PLANT_05,Chennai Industrial Complex,W08,390,6.41,6.4,5000.26,6.69,W01,W08,8,COMPLIANT
MAT_013,Polycarbonate Optical-Grade Pellets,SUP_004,Hansol High-Tech Components,PLANT_04,Tokyo Precision Facility,W08,1080,6.62,0.85,8067.9,6.69,W03,W08,5,COMPLIANT
MAT_013,Polycarbonate Optical-Grade Pellets,SUP_004,Hansol High-Tech Components,PLANT_05,Chennai Industrial Complex,W08,1371,6.62,3.55,13941.24,6.69,W01,W08,7,COMPLIANT
MAT_013,Polycarbonate Optical-Grade Pellets,SUP_005,MexSteel & Polymer Fabrica,PLANT_01,Detroit Advanced Assembly Hub,W08,294,6.86,1.7,2516.64,6.69,W02,W08,6,COMPLIANT
MAT_013,Polycarbonate Optical-Grade Pellets,SUP_005,MexSteel & Polymer Fabrica,PLANT_02,Munich Engineering Works,W08,543,6.86,4.9,6386.39,6.69,W01,W08,8,COMPLIANT
MAT_013,Polycarbonate Optical-Grade Pellets,SUP_005,MexSteel & Polymer Fabrica,PLANT_03,Monterrey Global Production Hub,W08,420,6.86,0.45,3073.27,6.69,W02,W08,6,COMPLIANT
MAT_013,Polycarbonate Optical-Grade Pellets,SUP_006,Saigon Composite Solutions,PLANT_04,Tokyo Precision Facility,W08,532,7.43,1.85,4936.59,6.69,W03,W08,5,SUB_MOQ_VIOLATION
MAT_013,Polycarbonate Optical-Grade Pellets,SUP_006,Saigon Composite Solutions,PLANT_05,Chennai Industrial Complex,W08,285,7.43,2.1,2714.53,6.69,W03,W08,5,SUB_MOQ_VIOLATION
MAT_014,Polyether Ether Ketone PEEK Polymer,SUP_002,Vanguard Industrial Dynamics,PLANT_01,Detroit Advanced Assembly Hub,W08,397,10.82,0.5,4488.95,11.17,W04,W08,4,COMPLIANT
MAT_014,Polyether Ether Ketone PEEK Polymer,SUP_002,Vanguard Industrial Dynamics,PLANT_02,Munich Engineering Works,W08,1122,10.82,3.5,16067.04,11.17,W02,W08,6,COMPLIANT
MAT_014,Polyether Ether Ketone PEEK Polymer,SUP_002,Vanguard Industrial Dynamics,PLANT_03,Monterrey Global Production Hub,W08,1395,10.82,1.6,17323.42,11.17,W04,W08,4,COMPLIANT
MAT_014,Polyether Ether Ketone PEEK Polymer,SUP_002,Vanguard Industrial Dynamics,PLANT_05,Chennai Industrial Complex,W08,434,10.82,6.4,7480.45,11.17,W01,W08,7,COMPLIANT
MAT_014,Polyether Ether Ketone PEEK Polymer,SUP_004,Hansol High-Tech Components,PLANT_04,Tokyo Precision Facility,W08,970,10.94,0.85,11431.23,11.17,W02,W08,6,COMPLIANT
MAT_014,Polyether Ether Ketone PEEK Polymer,SUP_004,Hansol High-Tech Components,PLANT_05,Chennai Industrial Complex,W08,1314,10.94,3.55,19042.47,11.17,W01,W08,8,COMPLIANT
MAT_014,Polyether Ether Ketone PEEK Polymer,SUP_005,MexSteel & Polymer Fabrica,PLANT_01,Detroit Advanced Assembly Hub,W08,324,11.43,1.7,4260.03,11.17,W03,W08,5,SUB_MOQ_VIOLATION
MAT_014,Polyether Ether Ketone PEEK Polymer,SUP_005,MexSteel & Polymer Fabrica,PLANT_02,Munich Engineering Works,W08,918,11.43,4.9,14990.94,11.17,W01,W08,7,COMPLIANT
MAT_014,Polyether Ether Ketone PEEK Polymer,SUP_005,MexSteel & Polymer Fabrica,PLANT_03,Monterrey Global Production Hub,W08,1141,11.43,0.45,13557.46,11.17,W03,W08,5,COMPLIANT
MAT_014,Polyether Ether Ketone PEEK Polymer,SUP_006,Saigon Composite Solutions,PLANT_04,Tokyo Precision Facility,W08,569,12.23,1.85,8017.57,11.17,W03,W08,5,COMPLIANT
MAT_014,Polyether Ether Ketone PEEK Polymer,SUP_006,Saigon Composite Solutions,PLANT_05,Chennai Industrial Complex,W08,337,12.23,2.1,4835.16,11.17,W03,W08,5,COMPLIANT
MAT_015,Thermoplastic Polyurethane TPU Elastomer,SUP_002,Vanguard Industrial Dynamics,PLANT_01,Detroit Advanced Assembly Hub,W08,1434,21.33,0.5,31300.29,22.9,W01,W08,7,COMPLIANT
MAT_015,Thermoplastic Polyurethane TPU Elastomer,SUP_002,Vanguard Industrial Dynamics,PLANT_02,Munich Engineering Works,W08,489,21.33,3.5,12147.08,22.9,W01,W08,9,SUB_MOQ_VIOLATION
MAT_015,Thermoplastic Polyurethane TPU Elastomer,SUP_002,Vanguard Industrial Dynamics,PLANT_03,Monterrey Global Production Hub,W08,989,21.33,1.6,22672.5,22.9,W01,W08,7,COMPLIANT
MAT_015,Thermoplastic Polyurethane TPU Elastomer,SUP_002,Vanguard Industrial Dynamics,PLANT_04,Tokyo Precision Facility,W08,238,21.33,6.2,6550.21,22.9,W01,W08,10,SUB_MOQ_VIOLATION
MAT_015,Thermoplastic Polyurethane TPU Elastomer,SUP_002,Vanguard Industrial Dynamics,PLANT_05,Chennai Industrial Complex,W08,481,21.33,6.4,13351.16,22.9,W01,W08,10,SUB_MOQ_VIOLATION
MAT_015,Thermoplastic Polyurethane TPU Elastomer,SUP_004,Hansol High-Tech Components,PLANT_04,Tokyo Precision Facility,W08,483,22.76,0.85,11405.28,22.9,W05,W08,3,SUB_MOQ_VIOLATION
MAT_015,Thermoplastic Polyurethane TPU Elastomer,SUP_004,Hansol High-Tech Components,PLANT_05,Chennai Industrial Complex,W08,978,22.76,3.55,25718.81,22.9,W03,W08,5,COMPLIANT
MAT_015,Thermoplastic Polyurethane TPU Elastomer,SUP_005,MexSteel & Polymer Fabrica,PLANT_01,Detroit Advanced Assembly Hub,W08,644,23.46,1.7,16207.57,22.9,W01,W08,7,SUB_MOQ_VIOLATION
MAT_015,Thermoplastic Polyurethane TPU Elastomer,SUP_005,MexSteel & Polymer Fabrica,PLANT_02,Munich Engineering Works,W08,220,23.46,4.9,6233.24,22.9,W01,W08,9,SUB_MOQ_VIOLATION
MAT_015,Thermoplastic Polyurethane TPU Elastomer,SUP_005,MexSteel & Polymer Fabrica,PLANT_03,Monterrey Global Production Hub,W08,444,23.46,0.45,10621.54,22.9,W01,W08,7,SUB_MOQ_VIOLATION
MAT_016,Quad-Core Embedded Controller SoC,SUP_003,Nippon Advanced Metallurgy,PLANT_01,Detroit Advanced Assembly Hub,W08,1482,212.57,5.1,322595.65,227.56,W03,W08,5,COMPLIANT
MAT_016,Quad-Core Embedded Controller SoC,SUP_003,Nippon Advanced Metallurgy,PLANT_02,Munich Engineering Works,W08,1487,212.57,6.5,325844.72,227.56,W02,W08,6,COMPLIANT
MAT_016,Quad-Core Embedded Controller SoC,SUP_003,Nippon Advanced Metallurgy,PLANT_03,Monterrey Global Production Hub,W08,1577,212.57,5.3,343474.23,227.56,W02,W08,6,COMPLIANT
MAT_016,Quad-Core Embedded Controller SoC,SUP_003,Nippon Advanced Metallurgy,PLANT_04,Tokyo Precision Facility,W08,688,212.57,0.45,146576.93,227.56,W05,W08,3,SUB_MOQ_VIOLATION
MAT_016,Quad-Core Embedded Controller SoC,SUP_003,Nippon Advanced Metallurgy,PLANT_05,Chennai Industrial Complex,W08,822,212.57,3.6,177711.2,227.56,W03,W08,5,COMPLIANT
MAT_016,Quad-Core Embedded Controller SoC,SUP_004,Hansol High-Tech Components,PLANT_01,Detroit Advanced Assembly Hub,W08,730,222.17,5.15,165934.51,227.56,W01,W08,9,SUB_MOQ_VIOLATION
MAT_016,Quad-Core Embedded Controller SoC,SUP_004,Hansol High-Tech Components,PLANT_02,Munich Engineering Works,W08,733,222.17,6.55,167560.27,227.56,W01,W08,9,SUB_MOQ_VIOLATION
MAT_016,Quad-Core Embedded Controller SoC,SUP_004,Hansol High-Tech Components,PLANT_03,Monterrey Global Production Hub,W08,776,222.17,5.35,176667.0,227.56,W01,W08,9,COMPLIANT
MAT_016,Quad-Core Embedded Controller SoC,SUP_004,Hansol High-Tech Components,PLANT_04,Tokyo Precision Facility,W08,339,222.17,0.85,75583.71,227.56,W02,W08,6,SUB_MOQ_VIOLATION
MAT_016,Quad-Core Embedded Controller SoC,SUP_004,Hansol High-Tech Components,PLANT_05,Chennai Industrial Complex,W08,405,222.17,3.55,91396.29,227.56,W01,W08,8,SUB_MOQ_VIOLATION
MAT_017,Industrial Power Management Module,SUP_003,Nippon Advanced Metallurgy,PLANT_01,Detroit Advanced Assembly Hub,W08,776,113.98,5.1,92391.79,118.85,W01,W08,9,SUB_MOQ_VIOLATION
MAT_017,Industrial Power Management Module,SUP_003,Nippon Advanced Metallurgy,PLANT_02,Munich Engineering Works,W08,857,113.98,6.5,103227.26,118.85,W01,W08,10,SUB_MOQ_VIOLATION
MAT_017,Industrial Power Management Module,SUP_003,Nippon Advanced Metallurgy,PLANT_03,Monterrey Global Production Hub,W08,1173,113.98,5.3,139915.44,118.85,W01,W08,10,COMPLIANT
MAT_017,Industrial Power Management Module,SUP_003,Nippon Advanced Metallurgy,PLANT_04,Tokyo Precision Facility,W08,900,113.98,0.45,103023.62,118.85,W01,W08,7,SUB_MOQ_VIOLATION
MAT_017,Industrial Power Management Module,SUP_003,Nippon Advanced Metallurgy,PLANT_05,Chennai Industrial Complex,W08,1517,113.98,3.6,178378.27,118.85,W01,W08,9,COMPLIANT
MAT_017,Industrial Power Management Module,SUP_004,Hansol High-Tech Components,PLANT_01,Detroit Advanced Assembly Hub,W08,365,121.21,5.15,46136.56,118.85,W01,W08,8,COMPLIANT
MAT_017,Industrial Power Management Module,SUP_004,Hansol High-Tech Components,PLANT_02,Munich Engineering Works,W08,403,121.21,6.55,51512.83,118.85,W01,W08,8,COMPLIANT
MAT_017,Industrial Power Management Module,SUP_004,Hansol High-Tech Components,PLANT_03,Monterrey Global Production Hub,W08,552,121.21,5.35,69861.12,118.85,W01,W08,8,COMPLIANT
MAT_017,Industrial Power Management Module,SUP_004,Hansol High-Tech Components,PLANT_04,Tokyo Precision Facility,W08,424,121.21,0.85,51714.38,118.85,W03,W08,5,COMPLIANT
MAT_017,Industrial Power Management Module,SUP_004,Hansol High-Tech Components,PLANT_05,Chennai Industrial Complex,W08,714,121.21,3.55,89068.66,118.85,W01,W08,7,COMPLIANT
MAT_018,Multi-Layer High-Frequency PCB Array,SUP_003,Nippon Advanced Metallurgy,PLANT_01,Detroit Advanced Assembly Hub,W08,835,230.16,5.1,196545.61,242.4,W02,W08,6,SUB_MOQ_VIOLATION
MAT_018,Multi-Layer High-Frequency PCB Array,SUP_003,Nippon Advanced Metallurgy,PLANT_02,Munich Engineering Works,W08,1157,230.16,6.5,273813.25,242.4,W01,W08,7,COMPLIANT
MAT_018,Multi-Layer High-Frequency PCB Array,SUP_003,Nippon Advanced Metallurgy,PLANT_03,Monterrey Global Production Hub,W08,533,230.16,5.3,125584.95,242.4,W01,W08,7,SUB_MOQ_VIOLATION
MAT_018,Multi-Layer High-Frequency PCB Array,SUP_003,Nippon Advanced Metallurgy,PLANT_04,Tokyo Precision Facility,W08,610,230.16,0.45,140685.94,242.4,W04,W08,4,SUB_MOQ_VIOLATION
MAT_018,Multi-Layer High-Frequency PCB Array,SUP_003,Nippon Advanced Metallurgy,PLANT_05,Chennai Industrial Complex,W08,1226,230.16,3.6,286594.44,242.4,W02,W08,6,COMPLIANT
MAT_018,Multi-Layer High-Frequency PCB Array,SUP_004,Hansol High-Tech Components,PLANT_01,Detroit Advanced Assembly Hub,W08,581,239.2,5.15,141859.84,242.4,W01,W08,8,SUB_MOQ_VIOLATION
MAT_018,Multi-Layer High-Frequency PCB Array,SUP_004,Hansol High-Tech Components,PLANT_02,Munich Engineering Works,W08,804,239.2,6.55,197585.46,242.4,W01,W08,8,SUB_MOQ_VIOLATION
MAT_018,Multi-Layer High-Frequency PCB Array,SUP_004,Hansol High-Tech Components,PLANT_03,Monterrey Global Production Hub,W08,371,239.2,5.35,90640.01,242.4,W01,W08,8,SUB_MOQ_VIOLATION
MAT_018,Multi-Layer High-Frequency PCB Array,SUP_004,Hansol High-Tech Components,PLANT_04,Tokyo Precision Facility,W08,424,239.2,0.85,101766.8,242.4,W03,W08,5,SUB_MOQ_VIOLATION
MAT_018,Multi-Layer High-Frequency PCB Array,SUP_004,Hansol High-Tech Components,PLANT_05,Chennai Industrial Complex,W08,852,239.2,3.55,206818.15,242.4,W01,W08,7,SUB_MOQ_VIOLATION
MAT_019,Precision MEMS IMU Sensor Package,SUP_003,Nippon Advanced Metallurgy,PLANT_01,Detroit Advanced Assembly Hub,W08,1480,307.13,5.1,461950.53,316.16,W01,W08,8,COMPLIANT
MAT_019,Precision MEMS IMU Sensor Package,SUP_003,Nippon Advanced Metallurgy,PLANT_02,Munich Engineering Works,W08,1250,307.13,6.5,392188.04,316.16,W01,W08,9,COMPLIANT
MAT_019,Precision MEMS IMU Sensor Package,SUP_003,Nippon Advanced Metallurgy,PLANT_03,Monterrey Global Production Hub,W08,1209,307.13,5.3,377740.37,316.16,W01,W08,9,COMPLIANT
MAT_019,Precision MEMS IMU Sensor Package,SUP_003,Nippon Advanced Metallurgy,PLANT_04,Tokyo Precision Facility,W08,1020,307.13,0.45,313830.03,316.16,W02,W08,6,COMPLIANT
MAT_019,Precision MEMS IMU Sensor Package,SUP_003,Nippon Advanced Metallurgy,PLANT_05,Chennai Industrial Complex,W08,588,307.13,3.6,182709.24,316.16,W01,W08,8,SUB_MOQ_VIOLATION
MAT_019,Precision MEMS IMU Sensor Package,SUP_004,Hansol High-Tech Components,PLANT_01,Detroit Advanced Assembly Hub,W08,1162,310.88,5.15,367378.55,316.16,W01,W08,8,COMPLIANT
MAT_019,Precision MEMS IMU Sensor Package,SUP_004,Hansol High-Tech Components,PLANT_02,Munich Engineering Works,W08,983,310.88,6.55,311881.32,316.16,W01,W08,8,COMPLIANT
MAT_019,Precision MEMS IMU Sensor Package,SUP_004,Hansol High-Tech Components,PLANT_03,Monterrey Global Production Hub,W08,950,310.88,5.35,300405.85,316.16,W01,W08,8,COMPLIANT
MAT_019,Precision MEMS IMU Sensor Package,SUP_004,Hansol High-Tech Components,PLANT_04,Tokyo Precision Facility,W08,802,310.88,0.85,249907.71,316.16,W03,W08,5,COMPLIANT
MAT_019,Precision MEMS IMU Sensor Package,SUP_004,Hansol High-Tech Components,PLANT_05,Chennai Industrial Complex,W08,462,310.88,3.55,145266.66,316.16,W01,W08,7,SUB_MOQ_VIOLATION
MAT_020,Fiber-Optic Gigabit Transceiver Subassembly,SUP_003,Nippon Advanced Metallurgy,PLANT_01,Detroit Advanced Assembly Hub,W08,1383,44.87,5.1,69123.5,47.18,W01,W08,7,COMPLIANT
MAT_020,Fiber-Optic Gigabit Transceiver Subassembly,SUP_003,Nippon Advanced Metallurgy,PLANT_02,Munich Engineering Works,W08,686,44.87,6.5,35217.22,47.18,W01,W08,8,SUB_MOQ_VIOLATION
MAT_020,Fiber-Optic Gigabit Transceiver Subassembly,SUP_003,Nippon Advanced Metallurgy,PLANT_03,Monterrey Global Production Hub,W08,1118,44.87,5.3,56102.1,47.18,W01,W08,8,COMPLIANT
MAT_020,Fiber-Optic Gigabit Transceiver Subassembly,SUP_003,Nippon Advanced Metallurgy,PLANT_04,Tokyo Precision Facility,W08,972,44.87,0.45,44028.38,47.18,W03,W08,5,SUB_MOQ_VIOLATION
MAT_020,Fiber-Optic Gigabit Transceiver Subassembly,SUP_003,Nippon Advanced Metallurgy,PLANT_05,Chennai Industrial Complex,W08,1183,44.87,3.6,57349.7,47.18,W01,W08,7,COMPLIANT
MAT_020,Fiber-Optic Gigabit Transceiver Subassembly,SUP_004,Hansol High-Tech Components,PLANT_01,Detroit Advanced Assembly Hub,W08,1002,47.81,5.15,53050.03,47.18,W02,W08,6,COMPLIANT
MAT_020,Fiber-Optic Gigabit Transceiver Subassembly,SUP_004,Hansol High-Tech Components,PLANT_02,Munich Engineering Works,W08,496,47.81,6.55,26986.48,47.18,W02,W08,6,SUB_MOQ_VIOLATION
MAT_020,Fiber-Optic Gigabit Transceiver Subassembly,SUP_004,Hansol High-Tech Components,PLANT_03,Monterrey Global Production Hub,W08,810,47.81,5.35,43046.84,47.18,W02,W08,6,COMPLIANT
MAT_020,Fiber-Optic Gigabit Transceiver Subassembly,SUP_004,Hansol High-Tech Components,PLANT_04,Tokyo Precision Facility,W08,704,47.81,0.85,34232.31,47.18,W05,W08,3,SUB_MOQ_VIOLATION
MAT_020,Fiber-Optic Gigabit Transceiver Subassembly,SUP_004,Hansol High-Tech Components,PLANT_05,Chennai Industrial Complex,W08,857,47.81,3.55,44005.25,47.18,W03,W08,5,COMPLIANT
MAT_021,Angular Contact Spindle Bearing 7008,SUP_003,Nippon Advanced Metallurgy,PLANT_01,Detroit Advanced Assembly Hub,W08,903,116.17,5.1,109492.26,120.34,W01,W08,9,SUB_MOQ_VIOLATION
MAT_021,Angular Contact Spindle Bearing 7008,SUP_003,Nippon Advanced Metallurgy,PLANT_02,Munich Engineering Works,W08,1180,116.17,6.5,144808.25,120.34,W01,W08,10,SUB_MOQ_VIOLATION
MAT_021,Angular Contact Spindle Bearing 7008,SUP_003,Nippon Advanced Metallurgy,PLANT_03,Monterrey Global Production Hub,W08,370,116.17,5.3,45004.64,120.34,W01,W08,10,SUB_MOQ_VIOLATION
MAT_021,Angular Contact Spindle Bearing 7008,SUP_003,Nippon Advanced Metallurgy,PLANT_04,Tokyo Precision Facility,W08,1211,116.17,0.45,141255.98,120.34,W01,W08,7,COMPLIANT
MAT_021,Angular Contact Spindle Bearing 7008,SUP_003,Nippon Advanced Metallurgy,PLANT_05,Chennai Industrial Complex,W08,574,116.17,3.6,68746.78,120.34,W01,W08,9,SUB_MOQ_VIOLATION
MAT_021,Angular Contact Spindle Bearing 7008,SUP_011,Shinshu Bearing & Motion Systems,PLANT_01,Detroit Advanced Assembly Hub,W08,681,118.13,5.1,83934.42,120.34,W01,W08,7,COMPLIANT
MAT_021,Angular Contact Spindle Bearing 7008,SUP_011,Shinshu Bearing & Motion Systems,PLANT_02,Munich Engineering Works,W08,891,118.13,6.5,110986.75,120.34,W01,W08,8,COMPLIANT
MAT_021,Angular Contact Spindle Bearing 7008,SUP_011,Shinshu Bearing & Motion Systems,PLANT_03,Monterrey Global Production Hub,W08,280,118.13,5.3,34498.68,120.34,W01,W08,8,SUB_MOQ_VIOLATION
MAT_021,Angular Contact Spindle Bearing 7008,SUP_011,Shinshu Bearing & Motion Systems,PLANT_04,Tokyo Precision Facility,W08,914,118.13,0.45,108352.47,120.34,W03,W08,5,COMPLIANT
MAT_021,Angular Contact Spindle Bearing 7008,SUP_011,Shinshu Bearing & Motion Systems,PLANT_05,Chennai Industrial Complex,W08,433,118.13,3.6,52710.31,120.34,W01,W08,7,SUB_MOQ_VIOLATION
MAT_022,Double-Row Tapered Roller Bearing,SUP_003,Nippon Advanced Metallurgy,PLANT_01,Detroit Advanced Assembly Hub,W08,955,103.66,5.1,103844.05,106.66,W01,W08,8,COMPLIANT
MAT_022,Double-Row Tapered Roller Bearing,SUP_003,Nippon Advanced Metallurgy,PLANT_02,Munich Engineering Works,W08,1130,103.66,6.5,124508.34,106.66,W01,W08,9,COMPLIANT
MAT_022,Double-Row Tapered Roller Bearing,SUP_003,Nippon Advanced Metallurgy,PLANT_03,Monterrey Global Production Hub,W08,1512,103.66,5.3,164802.0,106.66,W01,W08,9,COMPLIANT
MAT_022,Double-Row Tapered Roller Bearing,SUP_003,Nippon Advanced Metallurgy,PLANT_04,Tokyo Precision Facility,W08,434,103.66,0.45,45235.79,106.66,W02,W08,6,SUB_MOQ_VIOLATION
MAT_022,Double-Row Tapered Roller Bearing,SUP_003,Nippon Advanced Metallurgy,PLANT_05,Chennai Industrial Complex,W08,1348,103.66,3.6,144532.85,106.66,W01,W08,8,COMPLIANT
MAT_022,Double-Row Tapered Roller Bearing,SUP_011,Shinshu Bearing & Motion Systems,PLANT_01,Detroit Advanced Assembly Hub,W08,781,105.28,5.1,86228.86,106.66,W01,W08,8,SUB_MOQ_VIOLATION
MAT_022,Double-Row Tapered Roller Bearing,SUP_011,Shinshu Bearing & Motion Systems,PLANT_02,Munich Engineering Works,W08,925,105.28,6.5,103368.56,106.66,W01,W08,9,SUB_MOQ_VIOLATION
MAT_022,Double-Row Tapered Roller Bearing,SUP_011,Shinshu Bearing & Motion Systems,PLANT_03,Monterrey Global Production Hub,W08,1238,105.28,5.3,136842.75,106.66,W01,W08,9,COMPLIANT
MAT_022,Double-Row Tapered Roller Bearing,SUP_011,Shinshu Bearing & Motion Systems,PLANT_04,Tokyo Precision Facility,W08,356,105.28,0.45,37587.01,106.66,W02,W08,6,SUB_MOQ_VIOLATION
MAT_022,Double-Row Tapered Roller Bearing,SUP_011,Shinshu Bearing & Motion Systems,PLANT_05,Chennai Industrial Complex,W08,1102,105.28,3.6,120040.2,106.66,W01,W08,8,COMPLIANT
MAT_023,Deep-Groove Ceramic Hybrid Bearing,SUP_003,Nippon Advanced Metallurgy,PLANT_01,Detroit Advanced Assembly Hub,W08,1384,57.2,5.1,86230.05,61.21,W02,W08,6,COMPLIANT
MAT_023,Deep-Groove Ceramic Hybrid Bearing,SUP_003,Nippon Advanced Metallurgy,PLANT_02,Munich Engineering Works,W08,1217,57.2,6.5,77533.09,61.21,W01,W08,7,COMPLIANT
MAT_023,Deep-Groove Ceramic Hybrid Bearing,SUP_003,Nippon Advanced Metallurgy,PLANT_03,Monterrey Global Production Hub,W08,1062,57.2,5.3,66346.88,61.21,W01,W08,7,COMPLIANT
MAT_023,Deep-Groove Ceramic Hybrid Bearing,SUP_003,Nippon Advanced Metallurgy,PLANT_04,Tokyo Precision Facility,W08,1534,57.2,0.45,88437.98,61.21,W04,W08,4,COMPLIANT
MAT_023,Deep-Groove Ceramic Hybrid Bearing,SUP_003,Nippon Advanced Metallurgy,PLANT_05,Chennai Industrial Complex,W08,1248,57.2,3.6,75880.22,61.21,W02,W08,6,COMPLIANT
MAT_023,Deep-Groove Ceramic Hybrid Bearing,SUP_011,Shinshu Bearing & Motion Systems,PLANT_01,Detroit Advanced Assembly Hub,W08,813,60.49,5.1,53317.46,61.21,W03,W08,5,COMPLIANT
MAT_023,Deep-Groove Ceramic Hybrid Bearing,SUP_011,Shinshu Bearing & Motion Systems,PLANT_02,Munich Engineering Works,W08,715,60.49,6.5,47887.13,61.21,W02,W08,6,COMPLIANT
MAT_023,Deep-Groove Ceramic Hybrid Bearing,SUP_011,Shinshu Bearing & Motion Systems,PLANT_03,Monterrey Global Production Hub,W08,623,60.49,5.3,41016.78,61.21,W02,W08,6,COMPLIANT
MAT_023,Deep-Groove Ceramic Hybrid Bearing,SUP_011,Shinshu Bearing & Motion Systems,PLANT_04,Tokyo Precision Facility,W08,901,60.49,0.45,54903.89,61.21,W05,W08,3,COMPLIANT
MAT_023,Deep-Groove Ceramic Hybrid Bearing,SUP_011,Shinshu Bearing & Motion Systems,PLANT_05,Chennai Industrial Complex,W08,733,60.49,3.6,46976.05,61.21,W03,W08,5,COMPLIANT
MAT_024,Sealed Spherical Roller Bearing 22210,SUP_003,Nippon Advanced Metallurgy,PLANT_01,Detroit Advanced Assembly Hub,W08,1183,37.17,5.1,49988.5,37.75,W01,W08,9,COMPLIANT
MAT_024,Sealed Spherical Roller Bearing 22210,SUP_003,Nippon Advanced Metallurgy,PLANT_02,Munich Engineering Works,W08,461,37.17,6.5,20149.34,37.75,W01,W08,10,SUB_MOQ_VIOLATION
MAT_024,Sealed Spherical Roller Bearing 22210,SUP_003,Nippon Advanced Metallurgy,PLANT_03,Monterrey Global Production Hub,W08,658,37.17,5.3,27928.27,37.75,W01,W08,10,SUB_MOQ_VIOLATION
MAT_024,Sealed Spherical Roller Bearing 22210,SUP_003,Nippon Advanced Metallurgy,PLANT_04,Tokyo Precision Facility,W08,1137,37.17,0.45,42773.94,37.75,W01,W08,7,COMPLIANT
MAT_024,Sealed Spherical Roller Bearing 22210,SUP_003,Nippon Advanced Metallurgy,PLANT_05,Chennai Industrial Complex,W08,1244,37.17,3.6,50734.19,37.75,W01,W08,9,COMPLIANT
MAT_024,Sealed Spherical Roller Bearing 22210,SUP_011,Shinshu Bearing & Motion Systems,PLANT_01,Detroit Advanced Assembly Hub,W08,788,38.02,5.1,33995.81,37.75,W03,W08,5,SUB_MOQ_VIOLATION
MAT_024,Sealed Spherical Roller Bearing 22210,SUP_011,Shinshu Bearing & Motion Systems,PLANT_02,Munich Engineering Works,W08,308,38.02,6.5,13694.35,37.75,W02,W08,6,SUB_MOQ_VIOLATION
MAT_024,Sealed Spherical Roller Bearing 22210,SUP_011,Shinshu Bearing & Motion Systems,PLANT_03,Monterrey Global Production Hub,W08,438,38.02,5.3,18991.49,37.75,W02,W08,6,SUB_MOQ_VIOLATION
MAT_024,Sealed Spherical Roller Bearing 22210,SUP_011,Shinshu Bearing & Motion Systems,PLANT_04,Tokyo Precision Facility,W08,758,38.02,0.45,29160.26,37.75,W05,W08,3,SUB_MOQ_VIOLATION
MAT_024,Sealed Spherical Roller Bearing 22210,SUP_011,Shinshu Bearing & Motion Systems,PLANT_05,Chennai Industrial Complex,W08,830,38.02,3.6,34527.95,37.75,W03,W08,5,SUB_MOQ_VIOLATION
MAT_025,High-Speed Miniature Precision Bearing,SUP_003,Nippon Advanced Metallurgy,PLANT_01,Detroit Advanced Assembly Hub,W08,1096,131.11,5.1,149223.5,139.57,W01,W08,8,COMPLIANT
MAT_025,High-Speed Miniature Precision Bearing,SUP_003,Nippon Advanced Metallurgy,PLANT_02,Munich Engineering Works,W08,1578,131.11,6.5,217134.82,139.57,W01,W08,9,COMPLIANT
MAT_025,High-Speed Miniature Precision Bearing,SUP_003,Nippon Advanced Metallurgy,PLANT_03,Monterrey Global Production Hub,W08,1259,131.11,5.3,171770.2,139.57,W01,W08,9,COMPLIANT
MAT_025,High-Speed Miniature Precision Bearing,SUP_003,Nippon Advanced Metallurgy,PLANT_04,Tokyo Precision Facility,W08,1014,131.11,0.45,133362.37,139.57,W02,W08,6,COMPLIANT
MAT_025,High-Speed Miniature Precision Bearing,SUP_003,Nippon Advanced Metallurgy,PLANT_05,Chennai Industrial Complex,W08,1174,131.11,3.6,158187.26,139.57,W01,W08,8,COMPLIANT
MAT_025,High-Speed Miniature Precision Bearing,SUP_011,Shinshu Bearing & Motion Systems,PLANT_01,Detroit Advanced Assembly Hub,W08,671,135.66,5.1,94514.71,139.57,W01,W08,7,SUB_MOQ_VIOLATION
MAT_025,High-Speed Miniature Precision Bearing,SUP_011,Shinshu Bearing & Motion Systems,PLANT_02,Munich Engineering Works,W08,967,135.66,6.5,137482.94,139.57,W01,W08,8,COMPLIANT
MAT_025,High-Speed Miniature Precision Bearing,SUP_011,Shinshu Bearing & Motion Systems,PLANT_03,Monterrey Global Production Hub,W08,772,135.66,5.3,108790.11,139.57,W01,W08,8,COMPLIANT
MAT_025,High-Speed Miniature Precision Bearing,SUP_011,Shinshu Bearing & Motion Systems,PLANT_04,Tokyo Precision Facility,W08,621,135.66,0.45,84565.14,139.57,W03,W08,5,SUB_MOQ_VIOLATION
MAT_025,High-Speed Miniature Precision Bearing,SUP_011,Shinshu Bearing & Motion Systems,PLANT_05,Chennai Industrial Complex,W08,720,135.66,3.6,100228.21,139.57,W01,W08,7,SUB_MOQ_VIOLATION
MAT_026,Proportional Electro-Hydraulic Valve,SUP_001,Apex Precision Metals GmbH,PLANT_01,Detroit Advanced Assembly Hub,W08,973,185.93,3.4,184199.16,194.59,W03,W08,5,SUB_MOQ_VIOLATION
MAT_026,Proportional Electro-Hydraulic Valve,SUP_001,Apex Precision Metals GmbH,PLANT_02,Munich Engineering Works,W08,1630,185.93,0.45,303887.0,194.59,W04,W08,4,COMPLIANT
MAT_026,Proportional Electro-Hydraulic Valve,SUP_001,Apex Precision Metals GmbH,PLANT_03,Monterrey Global Production Hub,W08,1021,185.93,4.8,194641.87,194.59,W02,W08,6,SUB_MOQ_VIOLATION
MAT_026,Proportional Electro-Hydraulic Valve,SUP_001,Apex Precision Metals GmbH,PLANT_04,Tokyo Precision Facility,W08,1123,185.93,7.6,217396.12,194.59,W01,W08,7,SUB_MOQ_VIOLATION
MAT_026,Proportional Electro-Hydraulic Valve,SUP_001,Apex Precision Metals GmbH,PLANT_05,Chennai Industrial Complex,W08,579,185.93,5.1,110589.18,194.59,W02,W08,6,SUB_MOQ_VIOLATION
MAT_026,Proportional Electro-Hydraulic Valve,SUP_009,EuroHydraulics SpA,PLANT_01,Detroit Advanced Assembly Hub,W08,437,198.4,3.4,88206.78,194.59,W04,W08,4,COMPLIANT
MAT_026,Proportional Electro-Hydraulic Valve,SUP_009,EuroHydraulics SpA,PLANT_02,Munich Engineering Works,W08,733,198.4,0.45,145663.59,194.59,W05,W08,3,COMPLIANT
MAT_026,Proportional Electro-Hydraulic Valve,SUP_009,EuroHydraulics SpA,PLANT_03,Monterrey Global Production Hub,W08,458,198.4,4.8,93165.17,194.59,W03,W08,5,COMPLIANT
MAT_026,Proportional Electro-Hydraulic Valve,SUP_009,EuroHydraulics SpA,PLANT_04,Tokyo Precision Facility,W08,505,198.4,7.6,103964.08,194.59,W02,W08,6,COMPLIANT
MAT_026,Proportional Electro-Hydraulic Valve,SUP_009,EuroHydraulics SpA,PLANT_05,Chennai Industrial Complex,W08,260,198.4,5.1,52928.31,194.59,W03,W08,5,COMPLIANT
MAT_027,Double-Acting Heavy Cylinder 3000 PSI,SUP_001,Apex Precision Metals GmbH,PLANT_01,Detroit Advanced Assembly Hub,W08,763,95.5,3.4,75482.46,100.71,W02,W08,6,SUB_MOQ_VIOLATION
MAT_027,Double-Acting Heavy Cylinder 3000 PSI,SUP_001,Apex Precision Metals GmbH,PLANT_02,Munich Engineering Works,W08,1486,95.5,0.45,142595.13,100.71,W03,W08,5,COMPLIANT
MAT_027,Double-Acting Heavy Cylinder 3000 PSI,SUP_001,Apex Precision Metals GmbH,PLANT_03,Monterrey Global Production Hub,W08,911,95.5,4.8,91413.42,100.71,W01,W08,7,SUB_MOQ_VIOLATION
MAT_027,Double-Acting Heavy Cylinder 3000 PSI,SUP_001,Apex Precision Metals GmbH,PLANT_04,Tokyo Precision Facility,W08,616,95.5,7.6,63538.47,100.71,W01,W08,8,SUB_MOQ_VIOLATION
MAT_027,Double-Acting Heavy Cylinder 3000 PSI,SUP_001,Apex Precision Metals GmbH,PLANT_05,Chennai Industrial Complex,W08,1221,95.5,5.1,122872.84,100.71,W01,W08,7,COMPLIANT
MAT_027,Double-Acting Heavy Cylinder 3000 PSI,SUP_009,EuroHydraulics SpA,PLANT_01,Detroit Advanced Assembly Hub,W08,468,98.17,3.4,47512.41,100.71,W01,W08,7,COMPLIANT
MAT_027,Double-Acting Heavy Cylinder 3000 PSI,SUP_009,EuroHydraulics SpA,PLANT_02,Munich Engineering Works,W08,911,98.17,0.45,89829.01,100.71,W02,W08,6,COMPLIANT
MAT_027,Double-Acting Heavy Cylinder 3000 PSI,SUP_009,EuroHydraulics SpA,PLANT_03,Monterrey Global Production Hub,W08,559,98.17,4.8,57519.04,100.71,W01,W08,8,COMPLIANT
MAT_027,Double-Acting Heavy Cylinder 3000 PSI,SUP_007,Bharat Precision Engineering,PLANT_04,Tokyo Precision Facility,W08,378,101.87,3.65,39857.01,100.71,W01,W08,9,SUB_MOQ_VIOLATION
MAT_027,Double-Acting Heavy Cylinder 3000 PSI,SUP_007,Bharat Precision Engineering,PLANT_05,Chennai Industrial Complex,W08,749,101.87,0.45,76596.75,100.71,W01,W08,7,COMPLIANT
MAT_028,Variable Displacement Piston Pump Core,SUP_001,Apex Precision Metals GmbH,PLANT_01,Detroit Advanced Assembly Hub,W08,698,99.77,3.4,71973.46,102.24,W01,W08,8,SUB_MOQ_VIOLATION
MAT_028,Variable Displacement Piston Pump Core,SUP_001,Apex Precision Metals GmbH,PLANT_02,Munich Engineering Works,W08,884,99.77,0.45,88634.57,102.24,W01,W08,7,COMPLIANT
MAT_028,Variable Displacement Piston Pump Core,SUP_001,Apex Precision Metals GmbH,PLANT_03,Monterrey Global Production Hub,W08,1406,99.77,4.8,147004.51,102.24,W01,W08,9,COMPLIANT
MAT_028,Variable Displacement Piston Pump Core,SUP_001,Apex Precision Metals GmbH,PLANT_04,Tokyo Precision Facility,W08,1266,99.77,7.6,135917.54,102.24,W01,W08,10,COMPLIANT
MAT_028,Variable Displacement Piston Pump Core,SUP_001,Apex Precision Metals GmbH,PLANT_05,Chennai Industrial Complex,W08,438,99.77,5.1,45958.23,102.24,W01,W08,9,SUB_MOQ_VIOLATION
MAT_028,Variable Displacement Piston Pump Core,SUP_009,EuroHydraulics SpA,PLANT_01,Detroit Advanced Assembly Hub,W08,359,102.06,3.4,37900.21,102.24,W02,W08,6,SUB_MOQ_VIOLATION
MAT_028,Variable Displacement Piston Pump Core,SUP_009,EuroHydraulics SpA,PLANT_02,Munich Engineering Works,W08,456,102.06,0.45,46703.56,102.24,W03,W08,5,SUB_MOQ_VIOLATION
MAT_028,Variable Displacement Piston Pump Core,SUP_009,EuroHydraulics SpA,PLANT_03,Monterrey Global Production Hub,W08,724,102.06,4.8,77388.01,102.24,W01,W08,7,SUB_MOQ_VIOLATION
MAT_028,Variable Displacement Piston Pump Core,SUP_009,EuroHydraulics SpA,PLANT_04,Tokyo Precision Facility,W08,652,102.06,7.6,71511.48,102.24,W01,W08,8,SUB_MOQ_VIOLATION
MAT_028,Variable Displacement Piston Pump Core,SUP_009,EuroHydraulics SpA,PLANT_05,Chennai Industrial Complex,W08,226,102.06,5.1,24192.44,102.24,W01,W08,7,SUB_MOQ_VIOLATION
MAT_029,Reinforced High-Pressure Flex Hose Assembly,SUP_001,Apex Precision Metals GmbH,PLANT_01,Detroit Advanced Assembly Hub,W08,467,371.44,3.4,174937.83,391.29,W03,W08,5,COMPLIANT
MAT_029,Reinforced High-Pressure Flex Hose Assembly,SUP_001,Apex Precision Metals GmbH,PLANT_02,Munich Engineering Works,W08,800,371.44,0.45,297567.78,391.29,W04,W08,4,COMPLIANT
MAT_029,Reinforced High-Pressure Flex Hose Assembly,SUP_001,Apex Precision Metals GmbH,PLANT_03,Monterrey Global Production Hub,W08,1146,371.44,4.8,431152.23,391.29,W02,W08,6,COMPLIANT
MAT_029,Reinforced High-Pressure Flex Hose Assembly,SUP_001,Apex Precision Metals GmbH,PLANT_04,Tokyo Precision Facility,W08,619,371.44,7.6,234549.95,391.29,W01,W08,7,COMPLIANT
MAT_029,Reinforced High-Pressure Flex Hose Assembly,SUP_001,Apex Precision Metals GmbH,PLANT_05,Chennai Industrial Complex,W08,1626,371.44,5.1,612367.0,391.29,W02,W08,6,COMPLIANT
MAT_029,Reinforced High-Pressure Flex Hose Assembly,SUP_009,EuroHydraulics SpA,PLANT_01,Detroit Advanced Assembly Hub,W08,251,386.32,3.4,97936.64,391.29,W01,W08,8,SUB_MOQ_VIOLATION
MAT_029,Reinforced High-Pressure Flex Hose Assembly,SUP_009,EuroHydraulics SpA,PLANT_02,Munich Engineering Works,W08,431,386.32,0.45,166639.85,391.29,W01,W08,7,SUB_MOQ_VIOLATION
MAT_029,Reinforced High-Pressure Flex Hose Assembly,SUP_009,EuroHydraulics SpA,PLANT_03,Monterrey Global Production Hub,W08,617,386.32,4.8,241340.6,391.29,W01,W08,9,SUB_MOQ_VIOLATION
MAT_029,Reinforced High-Pressure Flex Hose Assembly,SUP_009,EuroHydraulics SpA,PLANT_04,Tokyo Precision Facility,W08,333,386.32,7.6,131254.14,391.29,W01,W08,10,SUB_MOQ_VIOLATION
MAT_029,Reinforced High-Pressure Flex Hose Assembly,SUP_009,EuroHydraulics SpA,PLANT_05,Chennai Industrial Complex,W08,876,386.32,5.1,342766.49,391.29,W01,W08,9,SUB_MOQ_VIOLATION
MAT_030,Servo-Controlled Hydraulic Actuator,SUP_001,Apex Precision Metals GmbH,PLANT_01,Detroit Advanced Assembly Hub,W08,629,276.63,3.4,176222.88,297.43,W01,W08,7,SUB_MOQ_VIOLATION
MAT_030,Servo-Controlled Hydraulic Actuator,SUP_001,Apex Precision Metals GmbH,PLANT_02,Munich Engineering Works,W08,945,276.63,0.45,261951.43,297.43,W02,W08,6,SUB_MOQ_VIOLATION
MAT_030,Servo-Controlled Hydraulic Actuator,SUP_001,Apex Precision Metals GmbH,PLANT_03,Monterrey Global Production Hub,W08,644,276.63,4.8,181347.86,297.43,W01,W08,8,SUB_MOQ_VIOLATION
MAT_030,Servo-Controlled Hydraulic Actuator,SUP_001,Apex Precision Metals GmbH,PLANT_04,Tokyo Precision Facility,W08,782,276.63,7.6,222222.38,297.43,W01,W08,9,SUB_MOQ_VIOLATION
MAT_030,Servo-Controlled Hydraulic Actuator,SUP_001,Apex Precision Metals GmbH,PLANT_05,Chennai Industrial Complex,W08,1349,276.63,5.1,380076.31,297.43,W01,W08,8,COMPLIANT
MAT_030,Servo-Controlled Hydraulic Actuator,SUP_009,EuroHydraulics SpA,PLANT_01,Detroit Advanced Assembly Hub,W08,456,294.96,3.4,135962.65,297.43,W01,W08,7,SUB_MOQ_VIOLATION
MAT_030,Servo-Controlled Hydraulic Actuator,SUP_009,EuroHydraulics SpA,PLANT_02,Munich Engineering Works,W08,685,294.96,0.45,202237.69,297.43,W02,W08,6,SUB_MOQ_VIOLATION
MAT_030,Servo-Controlled Hydraulic Actuator,SUP_009,EuroHydraulics SpA,PLANT_03,Monterrey Global Production Hub,W08,467,294.96,4.8,139874.01,297.43,W01,W08,8,SUB_MOQ_VIOLATION
MAT_030,Servo-Controlled Hydraulic Actuator,SUP_009,EuroHydraulics SpA,PLANT_04,Tokyo Precision Facility,W08,566,294.96,7.6,171297.37,297.43,W01,W08,9,SUB_MOQ_VIOLATION
MAT_030,Servo-Controlled Hydraulic Actuator,SUP_009,EuroHydraulics SpA,PLANT_05,Chennai Industrial Complex,W08,977,294.96,5.1,293134.62,297.43,W01,W08,8,SUB_MOQ_VIOLATION
MAT_031,Grade 12.9 Structural Flange Hex Bolt,SUP_002,Vanguard Industrial Dynamics,PLANT_01,Detroit Advanced Assembly Hub,W08,1061,14.13,0.5,15528.28,15.16,W04,W08,4,SUB_MOQ_VIOLATION
MAT_031,Grade 12.9 Structural Flange Hex Bolt,SUP_002,Vanguard Industrial Dynamics,PLANT_02,Munich Engineering Works,W08,690,14.13,3.5,12164.7,15.16,W02,W08,6,SUB_MOQ_VIOLATION
MAT_031,Grade 12.9 Structural Flange Hex Bolt,SUP_002,Vanguard Industrial Dynamics,PLANT_03,Monterrey Global Production Hub,W08,1241,14.13,1.6,19517.78,15.16,W04,W08,4,COMPLIANT
MAT_031,Grade 12.9 Structural Flange Hex Bolt,SUP_002,Vanguard Industrial Dynamics,PLANT_04,Tokyo Precision Facility,W08,415,14.13,6.2,8437.76,15.16,W01,W08,7,SUB_MOQ_VIOLATION
MAT_031,Grade 12.9 Structural Flange Hex Bolt,SUP_002,Vanguard Industrial Dynamics,PLANT_05,Chennai Industrial Complex,W08,497,14.13,6.4,10209.16,15.16,W01,W08,7,SUB_MOQ_VIOLATION
MAT_031,Grade 12.9 Structural Flange Hex Bolt,SUP_007,Bharat Precision Engineering,PLANT_04,Tokyo Precision Facility,W08,882,14.72,3.65,16201.61,15.16,W03,W08,5,SUB_MOQ_VIOLATION
MAT_031,Grade 12.9 Structural Flange Hex Bolt,SUP_007,Bharat Precision Engineering,PLANT_05,Chennai Industrial Complex,W08,1057,14.72,0.45,16030.44,15.16,W05,W08,3,COMPLIANT
MAT_031,Grade 12.9 Structural Flange Hex Bolt,SUP_010,Detroit Fastener Alliance,PLANT_01,Detroit Advanced Assembly Hub,W08,708,15.41,0.5,11257.92,15.16,W04,W08,4,COMPLIANT
MAT_031,Grade 12.9 Structural Flange Hex Bolt,SUP_010,Detroit Fastener Alliance,PLANT_02,Munich Engineering Works,W08,460,15.41,3.5,8698.6,15.16,W02,W08,6,COMPLIANT
MAT_031,Grade 12.9 Structural Flange Hex Bolt,SUP_010,Detroit Fastener Alliance,PLANT_03,Monterrey Global Production Hub,W08,827,15.41,1.6,14070.67,15.16,W04,W08,4,COMPLIANT
MAT_032,Aerospace Grade Titanium Locknut,SUP_002,Vanguard Industrial Dynamics,PLANT_01,Detroit Advanced Assembly Hub,W08,459,13.27,0.5,6323.18,13.82,W02,W08,6,SUB_MOQ_VIOLATION
MAT_032,Aerospace Grade Titanium Locknut,SUP_002,Vanguard Industrial Dynamics,PLANT_02,Munich Engineering Works,W08,879,13.27,3.5,14744.18,13.82,W01,W08,8,COMPLIANT
MAT_032,Aerospace Grade Titanium Locknut,SUP_002,Vanguard Industrial Dynamics,PLANT_03,Monterrey Global Production Hub,W08,589,13.27,1.6,8764.38,13.82,W02,W08,6,SUB_MOQ_VIOLATION
MAT_032,Aerospace Grade Titanium Locknut,SUP_002,Vanguard Industrial Dynamics,PLANT_04,Tokyo Precision Facility,W08,348,13.27,6.2,6772.06,13.82,W01,W08,9,SUB_MOQ_VIOLATION
MAT_032,Aerospace Grade Titanium Locknut,SUP_002,Vanguard Industrial Dynamics,PLANT_05,Chennai Industrial Complex,W08,654,13.27,6.4,12872.24,13.82,W01,W08,9,SUB_MOQ_VIOLATION
MAT_032,Aerospace Grade Titanium Locknut,SUP_007,Bharat Precision Engineering,PLANT_04,Tokyo Precision Facility,W08,774,13.61,3.65,13362.35,13.82,W02,W08,6,SUB_MOQ_VIOLATION
MAT_032,Aerospace Grade Titanium Locknut,SUP_007,Bharat Precision Engineering,PLANT_05,Chennai Industrial Complex,W08,1457,13.61,0.45,20479.66,13.82,W04,W08,4,COMPLIANT
MAT_032,Aerospace Grade Titanium Locknut,SUP_010,Detroit Fastener Alliance,PLANT_01,Detroit Advanced Assembly Hub,W08,197,14.38,0.5,2928.38,13.82,W05,W08,3,SUB_MOQ_VIOLATION
MAT_032,Aerospace Grade Titanium Locknut,SUP_010,Detroit Fastener Alliance,PLANT_02,Munich Engineering Works,W08,377,14.38,3.5,6737.18,13.82,W03,W08,5,SUB_MOQ_VIOLATION
MAT_032,Aerospace Grade Titanium Locknut,SUP_010,Detroit Fastener Alliance,PLANT_03,Monterrey Global Production Hub,W08,253,14.38,1.6,4036.55,13.82,W05,W08,3,SUB_MOQ_VIOLATION
MAT_033,Stainless Steel A4-80 Socket Cap Screw,SUP_002,Vanguard Industrial Dynamics,PLANT_01,Detroit Advanced Assembly Hub,W08,892,10.01,0.5,9375.76,10.48,W03,W08,5,SUB_MOQ_VIOLATION
MAT_033,Stainless Steel A4-80 Socket Cap Screw,SUP_002,Vanguard Industrial Dynamics,PLANT_02,Munich Engineering Works,W08,685,10.01,3.5,9254.21,10.48,W01,W08,7,SUB_MOQ_VIOLATION
MAT_033,Stainless Steel A4-80 Socket Cap Screw,SUP_002,Vanguard Industrial Dynamics,PLANT_03,Monterrey Global Production Hub,W08,825,10.01,1.6,9583.01,10.48,W03,W08,5,SUB_MOQ_VIOLATION
MAT_033,Stainless Steel A4-80 Socket Cap Screw,SUP_002,Vanguard Industrial Dynamics,PLANT_04,Tokyo Precision Facility,W08,716,10.01,6.2,11611.22,10.48,W01,W08,8,SUB_MOQ_VIOLATION
MAT_033,Stainless Steel A4-80 Socket Cap Screw,SUP_002,Vanguard Industrial Dynamics,PLANT_05,Chennai Industrial Complex,W08,467,10.01,6.4,7657.56,10.48,W01,W08,8,SUB_MOQ_VIOLATION
MAT_033,Stainless Steel A4-80 Socket Cap Screw,SUP_007,Bharat Precision Engineering,PLANT_04,Tokyo Precision Facility,W08,1169,10.35,3.65,16361.8,10.48,W01,W08,9,SUB_MOQ_VIOLATION
MAT_033,Stainless Steel A4-80 Socket Cap Screw,SUP_007,Bharat Precision Engineering,PLANT_05,Chennai Industrial Complex,W08,761,10.35,0.45,8222.69,10.48,W01,W08,7,SUB_MOQ_VIOLATION
MAT_033,Stainless Steel A4-80 Socket Cap Screw,SUP_010,Detroit Fastener Alliance,PLANT_01,Detroit Advanced Assembly Hub,W08,620,10.68,0.5,6930.71,10.48,W02,W08,6,SUB_MOQ_VIOLATION
MAT_033,Stainless Steel A4-80 Socket Cap Screw,SUP_010,Detroit Fastener Alliance,PLANT_02,Munich Engineering Works,W08,476,10.68,3.5,6749.82,10.48,W01,W08,8,SUB_MOQ_VIOLATION
MAT_033,Stainless Steel A4-80 Socket Cap Screw,SUP_010,Detroit Fastener Alliance,PLANT_03,Monterrey Global Production Hub,W08,574,10.68,1.6,7043.69,10.48,W02,W08,6,SUB_MOQ_VIOLATION
MAT_034,Hardened Belleville Spring Washers,SUP_002,Vanguard Industrial Dynamics,PLANT_01,Detroit Advanced Assembly Hub,W08,923,17.36,0.5,16490.14,18.03,W03,W08,5,SUB_MOQ_VIOLATION
MAT_034,Hardened Belleville Spring Washers,SUP_002,Vanguard Industrial Dynamics,PLANT_02,Munich Engineering Works,W08,1118,17.36,3.5,23319.39,18.03,W01,W08,7,COMPLIANT
MAT_034,Hardened Belleville Spring Washers,SUP_002,Vanguard Industrial Dynamics,PLANT_03,Monterrey Global Production Hub,W08,994,17.36,1.6,18846.24,18.03,W03,W08,5,SUB_MOQ_VIOLATION
MAT_034,Hardened Belleville Spring Washers,SUP_002,Vanguard Industrial Dynamics,PLANT_04,Tokyo Precision Facility,W08,991,17.36,6.2,23347.72,18.03,W01,W08,8,SUB_MOQ_VIOLATION
MAT_034,Hardened Belleville Spring Washers,SUP_002,Vanguard Industrial Dynamics,PLANT_05,Chennai Industrial Complex,W08,582,17.36,6.4,13825.47,18.03,W01,W08,8,SUB_MOQ_VIOLATION
MAT_034,Hardened Belleville Spring Washers,SUP_007,Bharat Precision Engineering,PLANT_04,Tokyo Precision Facility,W08,1550,17.75,3.65,33170.21,18.03,W02,W08,6,COMPLIANT
MAT_034,Hardened Belleville Spring Washers,SUP_007,Bharat Precision Engineering,PLANT_05,Chennai Industrial Complex,W08,910,17.75,0.45,16564.18,18.03,W04,W08,4,SUB_MOQ_VIOLATION
MAT_034,Hardened Belleville Spring Washers,SUP_010,Detroit Fastener Alliance,PLANT_01,Detroit Advanced Assembly Hub,W08,396,18.55,0.5,7538.09,18.03,W02,W08,6,SUB_MOQ_VIOLATION
MAT_034,Hardened Belleville Spring Washers,SUP_010,Detroit Fastener Alliance,PLANT_02,Munich Engineering Works,W08,479,18.55,3.5,10564.16,18.03,W01,W08,8,SUB_MOQ_VIOLATION
MAT_034,Hardened Belleville Spring Washers,SUP_010,Detroit Fastener Alliance,PLANT_03,Monterrey Global Production Hub,W08,426,18.55,1.6,8583.9,18.03,W02,W08,6,SUB_MOQ_VIOLATION
MAT_035,Structural Monobolt Blind Rivet Pack,SUP_002,Vanguard Industrial Dynamics,PLANT_01,Detroit Advanced Assembly Hub,W08,1199,7.59,0.5,9697.56,7.75,W02,W08,6,COMPLIANT
MAT_035,Structural Monobolt Blind Rivet Pack,SUP_002,Vanguard Industrial Dynamics,PLANT_02,Munich Engineering Works,W08,1524,7.59,3.5,16903.16,7.75,W01,W08,8,COMPLIANT
MAT_035,Structural Monobolt Blind Rivet Pack,SUP_002,Vanguard Industrial Dynamics,PLANT_03,Monterrey Global Production Hub,W08,485,7.59,1.6,4457.79,7.75,W02,W08,6,SUB_MOQ_VIOLATION
MAT_035,Structural Monobolt Blind Rivet Pack,SUP_002,Vanguard Industrial Dynamics,PLANT_04,Tokyo Precision Facility,W08,894,7.59,6.2,12330.19,7.75,W01,W08,9,COMPLIANT
MAT_035,Structural Monobolt Blind Rivet Pack,SUP_002,Vanguard Industrial Dynamics,PLANT_05,Chennai Industrial Complex,W08,897,7.59,6.4,12551.55,7.75,W01,W08,9,COMPLIANT
MAT_035,Structural Monobolt Blind Rivet Pack,SUP_007,Bharat Precision Engineering,PLANT_04,Tokyo Precision Facility,W08,1459,7.97,3.65,16951.95,7.75,W03,W08,5,COMPLIANT
MAT_035,Structural Monobolt Blind Rivet Pack,SUP_007,Bharat Precision Engineering,PLANT_05,Chennai Industrial Complex,W08,1464,7.97,0.45,12325.36,7.75,W05,W08,3,COMPLIANT
MAT_035,Structural Monobolt Blind Rivet Pack,SUP_010,Detroit Fastener Alliance,PLANT_01,Detroit Advanced Assembly Hub,W08,904,8.07,0.5,7749.77,7.75,W05,W08,3,SUB_MOQ_VIOLATION
MAT_035,Structural Monobolt Blind Rivet Pack,SUP_010,Detroit Fastener Alliance,PLANT_02,Munich Engineering Works,W08,1150,8.07,3.5,13303.42,7.75,W03,W08,5,COMPLIANT
MAT_035,Structural Monobolt Blind Rivet Pack,SUP_010,Detroit Fastener Alliance,PLANT_03,Monterrey Global Production Hub,W08,366,8.07,1.6,3538.54,7.75,W05,W08,3,SUB_MOQ_VIOLATION
MAT_036,Toray Carbon Fiber Prepreg 3K Twill,SUP_003,Nippon Advanced Metallurgy,PLANT_01,Detroit Advanced Assembly Hub,W08,1477,132.92,5.1,203855.54,137.13,W03,W08,5,COMPLIANT
MAT_036,Toray Carbon Fiber Prepreg 3K Twill,SUP_003,Nippon Advanced Metallurgy,PLANT_02,Munich Engineering Works,W08,556,132.92,6.5,77489.64,137.13,W02,W08,6,COMPLIANT
MAT_036,Toray Carbon Fiber Prepreg 3K Twill,SUP_003,Nippon Advanced Metallurgy,PLANT_03,Monterrey Global Production Hub,W08,892,132.92,5.3,123361.35,137.13,W02,W08,6,COMPLIANT
MAT_036,Toray Carbon Fiber Prepreg 3K Twill,SUP_003,Nippon Advanced Metallurgy,PLANT_04,Tokyo Precision Facility,W08,1623,132.92,0.45,216499.52,137.13,W05,W08,3,COMPLIANT
MAT_036,Toray Carbon Fiber Prepreg 3K Twill,SUP_003,Nippon Advanced Metallurgy,PLANT_05,Chennai Industrial Complex,W08,740,132.92,3.6,101011.15,137.13,W03,W08,5,COMPLIANT
MAT_036,Toray Carbon Fiber Prepreg 3K Twill,SUP_006,Saigon Composite Solutions,PLANT_01,Detroit Advanced Assembly Hub,W08,633,135.8,6.5,90075.9,137.13,W02,W08,6,SUB_MOQ_VIOLATION
MAT_036,Toray Carbon Fiber Prepreg 3K Twill,SUP_006,Saigon Composite Solutions,PLANT_02,Munich Engineering Works,W08,238,135.8,7.7,34181.7,137.13,W02,W08,6,SUB_MOQ_VIOLATION
MAT_036,Toray Carbon Fiber Prepreg 3K Twill,SUP_006,Saigon Composite Solutions,PLANT_03,Monterrey Global Production Hub,W08,382,135.8,6.6,54468.0,137.13,W02,W08,6,SUB_MOQ_VIOLATION
MAT_036,Toray Carbon Fiber Prepreg 3K Twill,SUP_006,Saigon Composite Solutions,PLANT_04,Tokyo Precision Facility,W08,696,135.8,1.85,95763.11,137.13,W04,W08,4,SUB_MOQ_VIOLATION
MAT_036,Toray Carbon Fiber Prepreg 3K Twill,SUP_006,Saigon Composite Solutions,PLANT_05,Chennai Industrial Complex,W08,317,135.8,2.1,43728.09,137.13,W04,W08,4,SUB_MOQ_VIOLATION
MAT_037,Structural S-Glass Woven Roving Mat,SUP_003,Nippon Advanced Metallurgy,PLANT_01,Detroit Advanced Assembly Hub,W08,1297,180.77,5.1,241149.6,188.44,W03,W08,5,COMPLIANT
MAT_037,Structural S-Glass Woven Roving Mat,SUP_003,Nippon Advanced Metallurgy,PLANT_02,Munich Engineering Works,W08,624,180.77,6.5,116897.68,188.44,W02,W08,6,SUB_MOQ_VIOLATION
MAT_037,Structural S-Glass Woven Roving Mat,SUP_003,Nippon Advanced Metallurgy,PLANT_03,Monterrey Global Production Hub,W08,1054,180.77,5.3,196069.4,188.44,W02,W08,6,SUB_MOQ_VIOLATION
MAT_037,Structural S-Glass Woven Roving Mat,SUP_003,Nippon Advanced Metallurgy,PLANT_04,Tokyo Precision Facility,W08,546,180.77,0.45,99007.73,188.44,W05,W08,3,SUB_MOQ_VIOLATION
MAT_037,Structural S-Glass Woven Roving Mat,SUP_003,Nippon Advanced Metallurgy,PLANT_05,Chennai Industrial Complex,W08,1497,180.77,3.6,276079.33,188.44,W03,W08,5,COMPLIANT
MAT_037,Structural S-Glass Woven Roving Mat,SUP_006,Saigon Composite Solutions,PLANT_05,Chennai Industrial Complex,W08,1041,190.52,2.1,200436.52,188.44,W03,W08,5,COMPLIANT
MAT_037,Structural S-Glass Woven Roving Mat,SUP_008,Taiwan Micro-Silicon Ltd,PLANT_01,Detroit Advanced Assembly Hub,W08,902,191.44,5.2,177288.66,188.44,W01,W08,9,COMPLIANT
MAT_037,Structural S-Glass Woven Roving Mat,SUP_008,Taiwan Micro-Silicon Ltd,PLANT_02,Munich Engineering Works,W08,434,191.44,6.5,85862.41,188.44,W01,W08,9,COMPLIANT
MAT_037,Structural S-Glass Woven Roving Mat,SUP_008,Taiwan Micro-Silicon Ltd,PLANT_03,Monterrey Global Production Hub,W08,732,191.44,5.4,144138.06,188.44,W01,W08,9,COMPLIANT
MAT_037,Structural S-Glass Woven Roving Mat,SUP_008,Taiwan Micro-Silicon Ltd,PLANT_04,Tokyo Precision Facility,W08,380,191.44,0.9,73023.8,188.44,W02,W08,6,COMPLIANT
MAT_038,Nomex Honeycomb Structural Core 1/8,SUP_003,Nippon Advanced Metallurgy,PLANT_01,Detroit Advanced Assembly Hub,W08,974,139.23,5.1,140601.96,149.43,W03,W08,5,COMPLIANT
MAT_038,Nomex Honeycomb Structural Core 1/8,SUP_003,Nippon Advanced Metallurgy,PLANT_02,Munich Engineering Works,W08,1353,139.23,6.5,197169.78,149.43,W02,W08,6,COMPLIANT
MAT_038,Nomex Honeycomb Structural Core 1/8,SUP_003,Nippon Advanced Metallurgy,PLANT_03,Monterrey Global Production Hub,W08,1090,139.23,5.3,157547.82,149.43,W02,W08,6,COMPLIANT
MAT_038,Nomex Honeycomb Structural Core 1/8,SUP_003,Nippon Advanced Metallurgy,PLANT_04,Tokyo Precision Facility,W08,895,139.23,0.45,125080.65,149.43,W05,W08,3,COMPLIANT
MAT_038,Nomex Honeycomb Structural Core 1/8,SUP_003,Nippon Advanced Metallurgy,PLANT_05,Chennai Industrial Complex,W08,869,139.23,3.6,124154.98,149.43,W03,W08,5,COMPLIANT
MAT_038,Nomex Honeycomb Structural Core 1/8,SUP_006,Saigon Composite Solutions,PLANT_02,Munich Engineering Works,W08,865,146.25,7.7,133169.83,149.43,W01,W08,9,SUB_MOQ_VIOLATION
MAT_038,Nomex Honeycomb Structural Core 1/8,SUP_006,Saigon Composite Solutions,PLANT_03,Monterrey Global Production Hub,W08,540,146.25,6.6,82614.55,149.43,W01,W08,9,SUB_MOQ_VIOLATION
MAT_038,Nomex Honeycomb Structural Core 1/8,SUP_006,Saigon Composite Solutions,PLANT_04,Tokyo Precision Facility,W08,573,146.25,1.85,84790.21,149.43,W01,W08,7,SUB_MOQ_VIOLATION
MAT_038,Nomex Honeycomb Structural Core 1/8,SUP_006,Saigon Composite Solutions,PLANT_05,Chennai Industrial Complex,W08,556,146.25,2.1,82445.51,149.43,W01,W08,7,SUB_MOQ_VIOLATION
MAT_038,Nomex Honeycomb Structural Core 1/8,SUP_008,Taiwan Micro-Silicon Ltd,PLANT_01,Detroit Advanced Assembly Hub,W08,623,152.45,5.2,98189.15,149.43,W01,W08,10,COMPLIANT
MAT_038,Nomex Honeycomb Structural Core 1/8,SUP_008,Taiwan Micro-Silicon Ltd,PLANT_03,Monterrey Global Production Hub,W08,156,152.45,5.4,24693.38,149.43,W01,W08,10,SUB_MOQ_VIOLATION
MAT_039,Basalt Fiber High-Temp Insulation Roll,SUP_003,Nippon Advanced Metallurgy,PLANT_01,Detroit Advanced Assembly Hub,W08,1331,183.62,5.1,251224.06,194.42,W02,W08,6,COMPLIANT
MAT_039,Basalt Fiber High-Temp Insulation Roll,SUP_003,Nippon Advanced Metallurgy,PLANT_02,Munich Engineering Works,W08,1345,183.62,6.5,255682.88,194.42,W01,W08,7,COMPLIANT
MAT_039,Basalt Fiber High-Temp Insulation Roll,SUP_003,Nippon Advanced Metallurgy,PLANT_03,Monterrey Global Production Hub,W08,1352,183.62,5.3,255419.84,194.42,W01,W08,7,COMPLIANT
MAT_039,Basalt Fiber High-Temp Insulation Roll,SUP_003,Nippon Advanced Metallurgy,PLANT_04,Tokyo Precision Facility,W08,675,183.62,0.45,124192.03,194.42,W04,W08,4,SUB_MOQ_VIOLATION
MAT_039,Basalt Fiber High-Temp Insulation Roll,SUP_003,Nippon Advanced Metallurgy,PLANT_05,Chennai Industrial Complex,W08,1436,183.62,3.6,268819.84,194.42,W02,W08,6,COMPLIANT
MAT_039,Basalt Fiber High-Temp Insulation Roll,SUP_006,Saigon Composite Solutions,PLANT_02,Munich Engineering Works,W08,441,193.95,7.7,88917.57,194.42,W01,W08,9,COMPLIANT
MAT_039,Basalt Fiber High-Temp Insulation Roll,SUP_006,Saigon Composite Solutions,PLANT_03,Monterrey Global Production Hub,W08,728,193.95,6.6,146000.4,194.42,W01,W08,9,COMPLIANT
MAT_039,Basalt Fiber High-Temp Insulation Roll,SUP_006,Saigon Composite Solutions,PLANT_04,Tokyo Precision Facility,W08,363,193.95,1.85,71134.14,194.42,W01,W08,7,COMPLIANT
MAT_039,Basalt Fiber High-Temp Insulation Roll,SUP_006,Saigon Composite Solutions,PLANT_05,Chennai Industrial Complex,W08,773,193.95,2.1,151576.06,194.42,W01,W08,7,COMPLIANT
MAT_039,Basalt Fiber High-Temp Insulation Roll,SUP_008,Taiwan Micro-Silicon Ltd,PLANT_01,Detroit Advanced Assembly Hub,W08,717,198.21,5.2,145804.29,194.42,W01,W08,8,SUB_MOQ_VIOLATION
MAT_039,Basalt Fiber High-Temp Insulation Roll,SUP_008,Taiwan Micro-Silicon Ltd,PLANT_02,Munich Engineering Works,W08,283,198.21,6.5,57973.87,194.42,W01,W08,8,SUB_MOQ_VIOLATION
MAT_040,High-Modulus Epoxy Resin Infusion Matrix,SUP_003,Nippon Advanced Metallurgy,PLANT_01,Detroit Advanced Assembly Hub,W08,422,140.07,5.1,61212.38,141.81,W01,W08,8,SUB_MOQ_VIOLATION
MAT_040,High-Modulus Epoxy Resin Infusion Matrix,SUP_003,Nippon Advanced Metallurgy,PLANT_02,Munich Engineering Works,W08,667,140.07,6.5,97762.19,141.81,W01,W08,9,SUB_MOQ_VIOLATION
MAT_040,High-Modulus Epoxy Resin Infusion Matrix,SUP_003,Nippon Advanced Metallurgy,PLANT_03,Monterrey Global Production Hub,W08,720,140.07,5.3,104634.42,141.81,W01,W08,9,SUB_MOQ_VIOLATION
MAT_040,High-Modulus Epoxy Resin Infusion Matrix,SUP_003,Nippon Advanced Metallurgy,PLANT_04,Tokyo Precision Facility,W08,437,140.07,0.45,61370.7,141.81,W02,W08,6,SUB_MOQ_VIOLATION
MAT_040,High-Modulus Epoxy Resin Infusion Matrix,SUP_003,Nippon Advanced Metallurgy,PLANT_05,Chennai Industrial Complex,W08,474,140.07,3.6,68162.79,141.81,W01,W08,8,SUB_MOQ_VIOLATION
MAT_040,High-Modulus Epoxy Resin Infusion Matrix,SUP_006,Saigon Composite Solutions,PLANT_02,Munich Engineering Works,W08,38,140.83,7.7,5694.64,141.81,W02,W08,6,SUB_MOQ_VIOLATION
MAT_040,High-Modulus Epoxy Resin Infusion Matrix,SUP_006,Saigon Composite Solutions,PLANT_03,Monterrey Global Production Hub,W08,521,140.83,6.6,76843.46,141.81,W02,W08,6,SUB_MOQ_VIOLATION
MAT_040,High-Modulus Epoxy Resin Infusion Matrix,SUP_006,Saigon Composite Solutions,PLANT_04,Tokyo Precision Facility,W08,316,140.83,1.85,45123.98,141.81,W04,W08,4,SUB_MOQ_VIOLATION
MAT_040,High-Modulus Epoxy Resin Infusion Matrix,SUP_006,Saigon Composite Solutions,PLANT_05,Chennai Industrial Complex,W08,344,140.83,2.1,49105.03,141.81,W04,W08,4,SUB_MOQ_VIOLATION
MAT_040,High-Modulus Epoxy Resin Infusion Matrix,SUP_008,Taiwan Micro-Silicon Ltd,PLANT_01,Detroit Advanced Assembly Hub,W08,305,148.12,5.2,46814.73,141.81,W02,W08,6,SUB_MOQ_VIOLATION
MAT_040,High-Modulus Epoxy Resin Infusion Matrix,SUP_008,Taiwan Micro-Silicon Ltd,PLANT_02,Munich Engineering Works,W08,445,148.12,6.5,68753.33,141.81,W02,W08,6,SUB_MOQ_VIOLATION
MAT_001,High-Tensile Structural Steel I-Beam,SUP_001,Apex Precision Metals GmbH,PLANT_02,Munich Engineering Works,W09,431,17.91,0.45,7907.65,18.41,W04,W09,5,SUB_MOQ_VIOLATION
MAT_001,High-Tensile Structural Steel I-Beam,SUP_001,Apex Precision Metals GmbH,PLANT_05,Chennai Industrial Complex,W09,418,17.91,5.1,9627.15,18.41,W02,W09,7,SUB_MOQ_VIOLATION
MAT_001,High-Tensile Structural Steel I-Beam,SUP_002,Vanguard Industrial Dynamics,PLANT_01,Detroit Advanced Assembly Hub,W09,523,18.86,0.5,10130.51,18.41,W06,W09,3,COMPLIANT
MAT_001,High-Tensile Structural Steel I-Beam,SUP_002,Vanguard Industrial Dynamics,PLANT_02,Munich Engineering Works,W09,87,18.86,3.5,1947.78,18.41,W04,W09,5,SUB_MOQ_VIOLATION
MAT_001,High-Tensile Structural Steel I-Beam,SUP_002,Vanguard Industrial Dynamics,PLANT_03,Monterrey Global Production Hub,W09,612,18.86,1.6,12515.79,18.41,W06,W09,3,COMPLIANT
MAT_001,High-Tensile Structural Steel I-Beam,SUP_002,Vanguard Industrial Dynamics,PLANT_04,Tokyo Precision Facility,W09,327,18.86,6.2,8189.61,18.41,W03,W09,6,COMPLIANT
MAT_001,High-Tensile Structural Steel I-Beam,SUP_005,MexSteel & Polymer Fabrica,PLANT_01,Detroit Advanced Assembly Hub,W09,258,18.64,1.7,5242.23,18.41,W05,W09,4,SUB_MOQ_VIOLATION
MAT_001,High-Tensile Structural Steel I-Beam,SUP_005,MexSteel & Polymer Fabrica,PLANT_03,Monterrey Global Production Hub,W09,880,18.64,0.45,16804.55,18.41,W05,W09,4,COMPLIANT
MAT_001,High-Tensile Structural Steel I-Beam,SUP_007,Bharat Precision Engineering,PLANT_02,Munich Engineering Works,W09,212,20.15,5.05,5347.19,18.41,W01,W09,8,SUB_MOQ_VIOLATION
MAT_001,High-Tensile Structural Steel I-Beam,SUP_007,Bharat Precision Engineering,PLANT_04,Tokyo Precision Facility,W09,433,20.15,3.65,10310.16,18.41,W01,W09,8,SUB_MOQ_VIOLATION
MAT_001,High-Tensile Structural Steel I-Beam,SUP_007,Bharat Precision Engineering,PLANT_05,Chennai Industrial Complex,W09,555,20.15,0.45,11424.97,18.41,W03,W09,6,SUB_MOQ_VIOLATION
MAT_002,Cold-Rolled Carbon Steel Sheet 2mm,SUP_001,Apex Precision Metals GmbH,PLANT_02,Munich Engineering Works,W09,443,8.77,0.45,4088.79,8.89,W02,W09,7,SUB_MOQ_VIOLATION
MAT_002,Cold-Rolled Carbon Steel Sheet 2mm,SUP_001,Apex Precision Metals GmbH,PLANT_05,Chennai Industrial Complex,W09,776,8.77,5.1,10756.74,8.89,W01,W09,9,COMPLIANT
MAT_002,Cold-Rolled Carbon Steel Sheet 2mm,SUP_002,Vanguard Industrial Dynamics,PLANT_01,Detroit Advanced Assembly Hub,W09,1426,8.92,0.5,13434.8,8.89,W05,W09,4,COMPLIANT
MAT_002,Cold-Rolled Carbon Steel Sheet 2mm,SUP_002,Vanguard Industrial Dynamics,PLANT_02,Munich Engineering Works,W09,284,8.92,3.5,3521.44,8.89,W03,W09,6,SUB_MOQ_VIOLATION
MAT_002,Cold-Rolled Carbon Steel Sheet 2mm,SUP_002,Vanguard Industrial Dynamics,PLANT_03,Monterrey Global Production Hub,W09,740,8.92,1.6,7789.64,8.89,W05,W09,4,SUB_MOQ_VIOLATION
MAT_002,Cold-Rolled Carbon Steel Sheet 2mm,SUP_002,Vanguard Industrial Dynamics,PLANT_04,Tokyo Precision Facility,W09,724,8.92,6.2,10944.76,8.89,W02,W09,7,SUB_MOQ_VIOLATION
MAT_002,Cold-Rolled Carbon Steel Sheet 2mm,SUP_005,MexSteel & Polymer Fabrica,PLANT_01,Detroit Advanced Assembly Hub,W09,951,9.48,1.7,10629.94,8.89,W04,W09,5,COMPLIANT
MAT_002,Cold-Rolled Carbon Steel Sheet 2mm,SUP_005,MexSteel & Polymer Fabrica,PLANT_03,Monterrey Global Production Hub,W09,1066,9.48,0.45,10580.81,8.89,W04,W09,5,COMPLIANT
MAT_002,Cold-Rolled Carbon Steel Sheet 2mm,SUP_007,Bharat Precision Engineering,PLANT_04,Tokyo Precision Facility,W09,1405,9.39,3.65,18323.03,8.89,W01,W09,8,COMPLIANT
MAT_002,Cold-Rolled Carbon Steel Sheet 2mm,SUP_007,Bharat Precision Engineering,PLANT_05,Chennai Industrial Complex,W09,1505,9.39,0.45,14813.73,8.89,W03,W09,6,COMPLIANT
MAT_003,Austenitic Stainless Steel 316L Plate,SUP_001,Apex Precision Metals GmbH,PLANT_02,Munich Engineering Works,W09,775,12.58,0.45,10092.0,12.76,W05,W09,4,COMPLIANT
MAT_003,Austenitic Stainless Steel 316L Plate,SUP_001,Apex Precision Metals GmbH,PLANT_05,Chennai Industrial Complex,W09,355,12.58,5.1,6271.98,12.76,W03,W09,6,SUB_MOQ_VIOLATION
MAT_003,Austenitic Stainless Steel 316L Plate,SUP_002,Vanguard Industrial Dynamics,PLANT_01,Detroit Advanced Assembly Hub,W09,1232,13.05,0.5,16699.02,12.76,W05,W09,4,COMPLIANT
MAT_003,Austenitic Stainless Steel 316L Plate,SUP_002,Vanguard Industrial Dynamics,PLANT_02,Munich Engineering Works,W09,381,13.05,3.5,6313.49,12.76,W03,W09,6,COMPLIANT
MAT_003,Austenitic Stainless Steel 316L Plate,SUP_002,Vanguard Industrial Dynamics,PLANT_03,Monterrey Global Production Hub,W09,282,13.05,1.6,4124.27,12.76,W05,W09,4,COMPLIANT
MAT_003,Austenitic Stainless Steel 316L Plate,SUP_002,Vanguard Industrial Dynamics,PLANT_04,Tokyo Precision Facility,W09,427,13.05,6.2,8213.78,12.76,W02,W09,7,COMPLIANT
MAT_003,Austenitic Stainless Steel 316L Plate,SUP_005,MexSteel & Polymer Fabrica,PLANT_01,Detroit Advanced Assembly Hub,W09,822,13.6,1.7,12570.48,12.76,W04,W09,5,COMPLIANT
MAT_003,Austenitic Stainless Steel 316L Plate,SUP_005,MexSteel & Polymer Fabrica,PLANT_03,Monterrey Global Production Hub,W09,546,13.6,0.45,7678.04,12.76,W04,W09,5,COMPLIANT
MAT_003,Austenitic Stainless Steel 316L Plate,SUP_007,Bharat Precision Engineering,PLANT_04,Tokyo Precision Facility,W09,866,13.69,3.65,15021.82,12.76,W01,W09,8,COMPLIANT
MAT_003,Austenitic Stainless Steel 316L Plate,SUP_007,Bharat Precision Engineering,PLANT_05,Chennai Industrial Complex,W09,720,13.69,0.45,10184.33,12.76,W03,W09,6,COMPLIANT
MAT_004,Galvanized Structural Angle Steel,SUP_001,Apex Precision Metals GmbH,PLANT_02,Munich Engineering Works,W09,931,11.45,0.45,11076.52,11.96,W05,W09,4,COMPLIANT
MAT_004,Galvanized Structural Angle Steel,SUP_001,Apex Precision Metals GmbH,PLANT_05,Chennai Industrial Complex,W09,320,11.45,5.1,5292.69,11.96,W03,W09,6,SUB_MOQ_VIOLATION
MAT_004,Galvanized Structural Angle Steel,SUP_002,Vanguard Industrial Dynamics,PLANT_01,Detroit Advanced Assembly Hub,W09,576,11.89,0.5,7134.66,11.96,W06,W09,3,SUB_MOQ_VIOLATION
MAT_004,Galvanized Structural Angle Steel,SUP_002,Vanguard Industrial Dynamics,PLANT_02,Munich Engineering Works,W09,501,11.89,3.5,7713.47,11.96,W04,W09,5,SUB_MOQ_VIOLATION
MAT_004,Galvanized Structural Angle Steel,SUP_002,Vanguard Industrial Dynamics,PLANT_03,Monterrey Global Production Hub,W09,448,11.89,1.6,6040.15,11.96,W06,W09,3,SUB_MOQ_VIOLATION
MAT_004,Galvanized Structural Angle Steel,SUP_002,Vanguard Industrial Dynamics,PLANT_04,Tokyo Precision Facility,W09,567,11.89,6.2,10255.4,11.96,W03,W09,6,SUB_MOQ_VIOLATION
MAT_004,Galvanized Structural Angle Steel,SUP_005,MexSteel & Polymer Fabrica,PLANT_01,Detroit Advanced Assembly Hub,W09,400,12.54,1.7,5698.28,11.96,W02,W09,7,SUB_MOQ_VIOLATION
MAT_004,Galvanized Structural Angle Steel,SUP_005,MexSteel & Polymer Fabrica,PLANT_03,Monterrey Global Production Hub,W09,547,12.54,0.45,7108.78,11.96,W02,W09,7,SUB_MOQ_VIOLATION
MAT_004,Galvanized Structural Angle Steel,SUP_005,MexSteel & Polymer Fabrica,PLANT_04,Tokyo Precision Facility,W09,53,12.54,6.45,998.68,11.96,W01,W09,10,SUB_MOQ_VIOLATION
MAT_004,Galvanized Structural Angle Steel,SUP_007,Bharat Precision Engineering,PLANT_04,Tokyo Precision Facility,W09,1446,13.19,3.65,24342.22,11.96,W03,W09,6,COMPLIANT
MAT_004,Galvanized Structural Angle Steel,SUP_007,Bharat Precision Engineering,PLANT_05,Chennai Industrial Complex,W09,746,13.19,0.45,10178.17,11.96,W05,W09,4,SUB_MOQ_VIOLATION
MAT_005,Hardox 450 Wear-Resistant Steel,SUP_001,Apex Precision Metals GmbH,PLANT_01,Detroit Advanced Assembly Hub,W09,929,18.57,3.4,20405.74,19.92,W02,W09,7,SUB_MOQ_VIOLATION
MAT_005,Hardox 450 Wear-Resistant Steel,SUP_001,Apex Precision Metals GmbH,PLANT_02,Munich Engineering Works,W09,1538,18.57,0.45,29246.1,19.92,W03,W09,6,COMPLIANT
MAT_005,Hardox 450 Wear-Resistant Steel,SUP_001,Apex Precision Metals GmbH,PLANT_04,Tokyo Precision Facility,W09,679,18.57,7.6,17766.81,19.92,W01,W09,9,SUB_MOQ_VIOLATION
MAT_005,Hardox 450 Wear-Resistant Steel,SUP_001,Apex Precision Metals GmbH,PLANT_05,Chennai Industrial Complex,W09,672,18.57,5.1,15900.8,19.92,W01,W09,8,SUB_MOQ_VIOLATION
MAT_005,Hardox 450 Wear-Resistant Steel,SUP_002,Vanguard Industrial Dynamics,PLANT_01,Detroit Advanced Assembly Hub,W09,1651,19.84,0.5,33585.41,19.92,W06,W09,3,COMPLIANT
MAT_005,Hardox 450 Wear-Resistant Steel,SUP_002,Vanguard Industrial Dynamics,PLANT_02,Munich Engineering Works,W09,757,19.84,3.5,17676.55,19.92,W04,W09,5,SUB_MOQ_VIOLATION
MAT_005,Hardox 450 Wear-Resistant Steel,SUP_002,Vanguard Industrial Dynamics,PLANT_03,Monterrey Global Production Hub,W09,751,19.84,1.6,16096.08,19.92,W06,W09,3,SUB_MOQ_VIOLATION
MAT_005,Hardox 450 Wear-Resistant Steel,SUP_005,MexSteel & Polymer Fabrica,PLANT_03,Monterrey Global Production Hub,W09,1524,20.42,0.45,31811.1,19.92,W06,W09,3,COMPLIANT
MAT_005,Hardox 450 Wear-Resistant Steel,SUP_007,Bharat Precision Engineering,PLANT_04,Tokyo Precision Facility,W09,1511,21.74,3.65,38366.83,19.92,W02,W09,7,COMPLIANT
MAT_005,Hardox 450 Wear-Resistant Steel,SUP_007,Bharat Precision Engineering,PLANT_05,Chennai Industrial Complex,W09,1495,21.74,0.45,33179.15,19.92,W04,W09,5,COMPLIANT
MAT_006,Aerospace Grade 7075-T6 Billet,SUP_001,Apex Precision Metals GmbH,PLANT_01,Detroit Advanced Assembly Hub,W09,1140,36.46,3.4,45440.4,37.01,W03,W09,6,SUB_MOQ_VIOLATION
MAT_006,Aerospace Grade 7075-T6 Billet,SUP_001,Apex Precision Metals GmbH,PLANT_02,Munich Engineering Works,W09,508,36.46,0.45,18745.48,37.01,W04,W09,5,SUB_MOQ_VIOLATION
MAT_006,Aerospace Grade 7075-T6 Billet,SUP_001,Apex Precision Metals GmbH,PLANT_03,Monterrey Global Production Hub,W09,572,36.46,4.8,23596.59,37.01,W02,W09,7,SUB_MOQ_VIOLATION
MAT_006,Aerospace Grade 7075-T6 Billet,SUP_001,Apex Precision Metals GmbH,PLANT_04,Tokyo Precision Facility,W09,1088,36.46,7.6,47937.28,37.01,W01,W09,8,SUB_MOQ_VIOLATION
MAT_006,Aerospace Grade 7075-T6 Billet,SUP_001,Apex Precision Metals GmbH,PLANT_05,Chennai Industrial Complex,W09,687,36.46,5.1,28543.41,37.01,W02,W09,7,SUB_MOQ_VIOLATION
MAT_006,Aerospace Grade 7075-T6 Billet,SUP_003,Nippon Advanced Metallurgy,PLANT_02,Munich Engineering Works,W09,383,37.9,6.5,17010.97,37.01,W01,W09,8,SUB_MOQ_VIOLATION
MAT_006,Aerospace Grade 7075-T6 Billet,SUP_003,Nippon Advanced Metallurgy,PLANT_04,Tokyo Precision Facility,W09,1632,37.9,0.45,62587.2,37.01,W04,W09,5,COMPLIANT
MAT_006,Aerospace Grade 7075-T6 Billet,SUP_003,Nippon Advanced Metallurgy,PLANT_05,Chennai Industrial Complex,W09,1030,37.9,3.6,42753.3,37.01,W02,W09,7,SUB_MOQ_VIOLATION
MAT_006,Aerospace Grade 7075-T6 Billet,SUP_005,MexSteel & Polymer Fabrica,PLANT_01,Detroit Advanced Assembly Hub,W09,860,38.93,1.7,34941.8,37.01,W05,W09,4,SUB_MOQ_VIOLATION
MAT_006,Aerospace Grade 7075-T6 Billet,SUP_005,MexSteel & Polymer Fabrica,PLANT_03,Monterrey Global Production Hub,W09,1062,38.93,0.45,41825.5,37.01,W05,W09,4,SUB_MOQ_VIOLATION
MAT_007,Structural Aluminum 6061-T6 Extrusion,SUP_001,Apex Precision Metals GmbH,PLANT_01,Detroit Advanced Assembly Hub,W09,1390,43.44,3.4,65119.31,44.33,W03,W09,6,COMPLIANT
MAT_007,Structural Aluminum 6061-T6 Extrusion,SUP_001,Apex Precision Metals GmbH,PLANT_02,Munich Engineering Works,W09,462,43.44,0.45,20290.35,44.33,W04,W09,5,SUB_MOQ_VIOLATION
MAT_007,Structural Aluminum 6061-T6 Extrusion,SUP_001,Apex Precision Metals GmbH,PLANT_03,Monterrey Global Production Hub,W09,542,43.44,4.8,26170.2,44.33,W02,W09,7,SUB_MOQ_VIOLATION
MAT_007,Structural Aluminum 6061-T6 Extrusion,SUP_001,Apex Precision Metals GmbH,PLANT_04,Tokyo Precision Facility,W09,870,43.44,7.6,44409.9,44.33,W01,W09,8,COMPLIANT
MAT_007,Structural Aluminum 6061-T6 Extrusion,SUP_001,Apex Precision Metals GmbH,PLANT_05,Chennai Industrial Complex,W09,843,43.44,5.1,40909.51,44.33,W02,W09,7,COMPLIANT
MAT_007,Structural Aluminum 6061-T6 Extrusion,SUP_003,Nippon Advanced Metallurgy,PLANT_02,Munich Engineering Works,W09,228,44.61,6.5,11637.75,44.33,W01,W09,9,SUB_MOQ_VIOLATION
MAT_007,Structural Aluminum 6061-T6 Extrusion,SUP_003,Nippon Advanced Metallurgy,PLANT_04,Tokyo Precision Facility,W09,1616,44.61,0.45,72812.45,44.33,W03,W09,6,COMPLIANT
MAT_007,Structural Aluminum 6061-T6 Extrusion,SUP_003,Nippon Advanced Metallurgy,PLANT_05,Chennai Industrial Complex,W09,1565,44.61,3.6,75458.29,44.33,W01,W09,8,COMPLIANT
MAT_007,Structural Aluminum 6061-T6 Extrusion,SUP_005,MexSteel & Polymer Fabrica,PLANT_01,Detroit Advanced Assembly Hub,W09,685,46.13,1.7,32751.59,44.33,W06,W09,3,COMPLIANT
MAT_007,Structural Aluminum 6061-T6 Extrusion,SUP_005,MexSteel & Polymer Fabrica,PLANT_03,Monterrey Global Production Hub,W09,1008,46.13,0.45,46929.35,44.33,W06,W09,3,COMPLIANT
MAT_008,Marine Grade 5083-H116 Plate,SUP_001,Apex Precision Metals GmbH,PLANT_01,Detroit Advanced Assembly Hub,W09,495,15.98,3.4,9588.45,16.96,W05,W09,4,COMPLIANT
MAT_008,Marine Grade 5083-H116 Plate,SUP_001,Apex Precision Metals GmbH,PLANT_02,Munich Engineering Works,W09,817,15.98,0.45,13415.75,16.96,W06,W09,3,COMPLIANT
MAT_008,Marine Grade 5083-H116 Plate,SUP_001,Apex Precision Metals GmbH,PLANT_04,Tokyo Precision Facility,W09,341,15.98,7.6,8030.4,16.96,W03,W09,6,COMPLIANT
MAT_008,Marine Grade 5083-H116 Plate,SUP_001,Apex Precision Metals GmbH,PLANT_05,Chennai Industrial Complex,W09,511,15.98,5.1,10768.51,16.96,W04,W09,5,COMPLIANT
MAT_008,Marine Grade 5083-H116 Plate,SUP_003,Nippon Advanced Metallurgy,PLANT_04,Tokyo Precision Facility,W09,605,17.32,0.45,10758.67,16.96,W03,W09,6,COMPLIANT
MAT_008,Marine Grade 5083-H116 Plate,SUP_003,Nippon Advanced Metallurgy,PLANT_05,Chennai Industrial Complex,W09,908,17.32,3.6,18998.71,16.96,W01,W09,8,COMPLIANT
MAT_008,Marine Grade 5083-H116 Plate,SUP_005,MexSteel & Polymer Fabrica,PLANT_01,Detroit Advanced Assembly Hub,W09,303,17.33,1.7,5770.66,16.96,W03,W09,6,SUB_MOQ_VIOLATION
MAT_008,Marine Grade 5083-H116 Plate,SUP_005,MexSteel & Polymer Fabrica,PLANT_02,Munich Engineering Works,W09,500,17.33,4.9,11125.23,16.96,W01,W09,8,SUB_MOQ_VIOLATION
MAT_008,Marine Grade 5083-H116 Plate,SUP_005,MexSteel & Polymer Fabrica,PLANT_03,Monterrey Global Production Hub,W09,502,17.33,0.45,8918.45,16.96,W03,W09,6,SUB_MOQ_VIOLATION
MAT_008,Marine Grade 5083-H116 Plate,SUP_012,Monterrey Die & Mold S.A.,PLANT_03,Monterrey Global Production Hub,W09,378,18.51,0.45,7174.46,16.96,W03,W09,6,COMPLIANT
MAT_009,Die-Cast Aluminum A380 Ingot,SUP_001,Apex Precision Metals GmbH,PLANT_01,Detroit Advanced Assembly Hub,W09,697,27.55,3.4,21569.06,28.35,W05,W09,4,SUB_MOQ_VIOLATION
MAT_009,Die-Cast Aluminum A380 Ingot,SUP_001,Apex Precision Metals GmbH,PLANT_02,Munich Engineering Works,W09,1303,27.55,0.45,36476.16,28.35,W06,W09,3,COMPLIANT
MAT_009,Die-Cast Aluminum A380 Ingot,SUP_001,Apex Precision Metals GmbH,PLANT_03,Monterrey Global Production Hub,W09,652,27.55,4.8,21076.67,28.35,W04,W09,5,SUB_MOQ_VIOLATION
MAT_009,Die-Cast Aluminum A380 Ingot,SUP_001,Apex Precision Metals GmbH,PLANT_04,Tokyo Precision Facility,W09,249,27.55,7.6,8762.9,28.35,W03,W09,6,SUB_MOQ_VIOLATION
MAT_009,Die-Cast Aluminum A380 Ingot,SUP_001,Apex Precision Metals GmbH,PLANT_05,Chennai Industrial Complex,W09,736,27.55,5.1,24027.13,28.35,W04,W09,5,SUB_MOQ_VIOLATION
MAT_009,Die-Cast Aluminum A380 Ingot,SUP_003,Nippon Advanced Metallurgy,PLANT_02,Munich Engineering Works,W09,585,27.71,6.5,20022.43,28.35,W01,W09,9,COMPLIANT
MAT_009,Die-Cast Aluminum A380 Ingot,SUP_003,Nippon Advanced Metallurgy,PLANT_04,Tokyo Precision Facility,W09,582,27.71,0.45,16380.67,28.35,W03,W09,6,COMPLIANT
MAT_009,Die-Cast Aluminum A380 Ingot,SUP_003,Nippon Advanced Metallurgy,PLANT_05,Chennai Industrial Complex,W09,1717,27.71,3.6,53762.4,28.35,W01,W09,8,COMPLIANT
MAT_009,Die-Cast Aluminum A380 Ingot,SUP_005,MexSteel & Polymer Fabrica,PLANT_01,Detroit Advanced Assembly Hub,W09,313,29.65,1.7,9815.68,28.35,W02,W09,7,SUB_MOQ_VIOLATION
MAT_009,Die-Cast Aluminum A380 Ingot,SUP_005,MexSteel & Polymer Fabrica,PLANT_03,Monterrey Global Production Hub,W09,1384,29.65,0.45,41672.85,28.35,W02,W09,7,COMPLIANT
MAT_010,Alloy 2024-T3 Precision Sheet,SUP_001,Apex Precision Metals GmbH,PLANT_01,Detroit Advanced Assembly Hub,W09,1551,14.39,3.4,27594.25,15.01,W04,W09,5,COMPLIANT
MAT_010,Alloy 2024-T3 Precision Sheet,SUP_001,Apex Precision Metals GmbH,PLANT_02,Munich Engineering Works,W09,1273,14.39,0.45,18885.83,15.01,W05,W09,4,COMPLIANT
MAT_010,Alloy 2024-T3 Precision Sheet,SUP_001,Apex Precision Metals GmbH,PLANT_04,Tokyo Precision Facility,W09,345,14.39,7.6,7575.99,15.01,W02,W09,7,SUB_MOQ_VIOLATION
MAT_010,Alloy 2024-T3 Precision Sheet,SUP_001,Apex Precision Metals GmbH,PLANT_05,Chennai Industrial Complex,W09,963,14.39,5.1,18763.41,15.01,W03,W09,6,COMPLIANT
MAT_010,Alloy 2024-T3 Precision Sheet,SUP_003,Nippon Advanced Metallurgy,PLANT_04,Tokyo Precision Facility,W09,438,15.26,0.45,6888.52,15.01,W05,W09,4,SUB_MOQ_VIOLATION
MAT_010,Alloy 2024-T3 Precision Sheet,SUP_003,Nippon Advanced Metallurgy,PLANT_05,Chennai Industrial Complex,W09,1225,15.26,3.6,23108.78,15.01,W03,W09,6,COMPLIANT
MAT_010,Alloy 2024-T3 Precision Sheet,SUP_005,MexSteel & Polymer Fabrica,PLANT_01,Detroit Advanced Assembly Hub,W09,1078,15.42,1.7,18453.48,15.01,W04,W09,5,COMPLIANT
MAT_010,Alloy 2024-T3 Precision Sheet,SUP_005,MexSteel & Polymer Fabrica,PLANT_02,Munich Engineering Works,W09,859,15.42,4.9,17456.51,15.01,W02,W09,7,COMPLIANT
MAT_010,Alloy 2024-T3 Precision Sheet,SUP_005,MexSteel & Polymer Fabrica,PLANT_03,Monterrey Global Production Hub,W09,808,15.42,0.45,12827.56,15.01,W04,W09,5,COMPLIANT
MAT_010,Alloy 2024-T3 Precision Sheet,SUP_012,Monterrey Die & Mold S.A.,PLANT_02,Munich Engineering Works,W09,25,15.89,4.9,525.78,15.01,W01,W09,8,SUB_MOQ_VIOLATION
MAT_010,Alloy 2024-T3 Precision Sheet,SUP_012,Monterrey Die & Mold S.A.,PLANT_03,Monterrey Global Production Hub,W09,475,15.89,0.45,7756.76,15.01,W03,W09,6,SUB_MOQ_VIOLATION
MAT_011,Engineered Polyamide PA66-GF30 Resin,SUP_002,Vanguard Industrial Dynamics,PLANT_01,Detroit Advanced Assembly Hub,W09,1448,10.91,0.5,16516.32,11.68,W04,W09,5,COMPLIANT
MAT_011,Engineered Polyamide PA66-GF30 Resin,SUP_002,Vanguard Industrial Dynamics,PLANT_02,Munich Engineering Works,W09,658,10.91,3.5,9484.52,11.68,W02,W09,7,SUB_MOQ_VIOLATION
MAT_011,Engineered Polyamide PA66-GF30 Resin,SUP_002,Vanguard Industrial Dynamics,PLANT_03,Monterrey Global Production Hub,W09,798,10.91,1.6,9981.48,11.68,W04,W09,5,SUB_MOQ_VIOLATION
MAT_011,Engineered Polyamide PA66-GF30 Resin,SUP_002,Vanguard Industrial Dynamics,PLANT_05,Chennai Industrial Complex,W09,424,10.91,6.4,7331.3,11.68,W01,W09,8,SUB_MOQ_VIOLATION
MAT_011,Engineered Polyamide PA66-GF30 Resin,SUP_004,Hansol High-Tech Components,PLANT_02,Munich Engineering Works,W09,421,11.47,6.55,7583.0,11.68,W01,W09,9,SUB_MOQ_VIOLATION
MAT_011,Engineered Polyamide PA66-GF30 Resin,SUP_004,Hansol High-Tech Components,PLANT_04,Tokyo Precision Facility,W09,1480,11.47,0.85,18237.54,11.68,W03,W09,6,COMPLIANT
MAT_011,Engineered Polyamide PA66-GF30 Resin,SUP_004,Hansol High-Tech Components,PLANT_05,Chennai Industrial Complex,W09,1618,11.47,3.55,24301.16,11.68,W01,W09,8,COMPLIANT
MAT_011,Engineered Polyamide PA66-GF30 Resin,SUP_005,MexSteel & Polymer Fabrica,PLANT_01,Detroit Advanced Assembly Hub,W09,925,12.28,1.7,12938.07,11.68,W03,W09,6,SUB_MOQ_VIOLATION
MAT_011,Engineered Polyamide PA66-GF30 Resin,SUP_005,MexSteel & Polymer Fabrica,PLANT_03,Monterrey Global Production Hub,W09,510,12.28,0.45,6493.83,11.68,W03,W09,6,SUB_MOQ_VIOLATION
MAT_011,Engineered Polyamide PA66-GF30 Resin,SUP_006,Saigon Composite Solutions,PLANT_04,Tokyo Precision Facility,W09,833,12.47,1.85,11923.98,11.68,W02,W09,7,SUB_MOQ_VIOLATION
MAT_011,Engineered Polyamide PA66-GF30 Resin,SUP_006,Saigon Composite Solutions,PLANT_05,Chennai Industrial Complex,W09,487,12.47,2.1,7089.04,11.68,W02,W09,7,SUB_MOQ_VIOLATION
MAT_012,High-Density Polyethylene HDPE Copolymer,SUP_002,Vanguard Industrial Dynamics,PLANT_01,Detroit Advanced Assembly Hub,W09,841,18.72,0.5,16170.55,19.14,W03,W09,6,COMPLIANT
MAT_012,High-Density Polyethylene HDPE Copolymer,SUP_002,Vanguard Industrial Dynamics,PLANT_02,Munich Engineering Works,W09,405,18.72,3.5,8995.99,19.14,W01,W09,8,SUB_MOQ_VIOLATION
MAT_012,High-Density Polyethylene HDPE Copolymer,SUP_002,Vanguard Industrial Dynamics,PLANT_03,Monterrey Global Production Hub,W09,302,18.72,1.6,6132.58,19.14,W03,W09,6,SUB_MOQ_VIOLATION
MAT_012,High-Density Polyethylene HDPE Copolymer,SUP_002,Vanguard Industrial Dynamics,PLANT_05,Chennai Industrial Complex,W09,122,18.72,6.4,3072.41,19.14,W01,W09,9,SUB_MOQ_VIOLATION
MAT_012,High-Density Polyethylene HDPE Copolymer,SUP_004,Hansol High-Tech Components,PLANT_04,Tokyo Precision Facility,W09,476,18.6,0.85,9258.2,19.14,W03,W09,6,SUB_MOQ_VIOLATION
MAT_012,High-Density Polyethylene HDPE Copolymer,SUP_004,Hansol High-Tech Components,PLANT_05,Chennai Industrial Complex,W09,794,18.6,3.55,17592.42,19.14,W01,W09,8,COMPLIANT
MAT_012,High-Density Polyethylene HDPE Copolymer,SUP_005,MexSteel & Polymer Fabrica,PLANT_01,Detroit Advanced Assembly Hub,W09,516,20.39,1.7,11390.93,19.14,W02,W09,7,SUB_MOQ_VIOLATION
MAT_012,High-Density Polyethylene HDPE Copolymer,SUP_005,MexSteel & Polymer Fabrica,PLANT_02,Munich Engineering Works,W09,248,20.39,4.9,6275.46,19.14,W01,W09,9,SUB_MOQ_VIOLATION
MAT_012,High-Density Polyethylene HDPE Copolymer,SUP_005,MexSteel & Polymer Fabrica,PLANT_03,Monterrey Global Production Hub,W09,436,20.39,0.45,9090.41,19.14,W02,W09,7,SUB_MOQ_VIOLATION
MAT_012,High-Density Polyethylene HDPE Copolymer,SUP_006,Saigon Composite Solutions,PLANT_04,Tokyo Precision Facility,W09,224,20.75,1.85,5062.4,19.14,W05,W09,4,SUB_MOQ_VIOLATION
MAT_012,High-Density Polyethylene HDPE Copolymer,SUP_006,Saigon Composite Solutions,PLANT_05,Chennai Industrial Complex,W09,251,20.75,2.1,5745.65,19.14,W05,W09,4,COMPLIANT
MAT_013,Polycarbonate Optical-Grade Pellets,SUP_002,Vanguard Industrial Dynamics,PLANT_01,Detroit Advanced Assembly Hub,W09,375,6.41,0.5,2589.04,6.69,W04,W09,5,COMPLIANT
MAT_013,Polycarbonate Optical-Grade Pellets,SUP_002,Vanguard Industrial Dynamics,PLANT_02,Munich Engineering Works,W09,723,6.41,3.5,7167.51,6.69,W02,W09,7,COMPLIANT
MAT_013,Polycarbonate Optical-Grade Pellets,SUP_002,Vanguard Industrial Dynamics,PLANT_03,Monterrey Global Production Hub,W09,535,6.41,1.6,4283.43,6.69,W04,W09,5,COMPLIANT
MAT_013,Polycarbonate Optical-Grade Pellets,SUP_002,Vanguard Industrial Dynamics,PLANT_05,Chennai Industrial Complex,W09,365,6.41,6.4,4678.43,6.69,W01,W09,8,COMPLIANT
MAT_013,Polycarbonate Optical-Grade Pellets,SUP_004,Hansol High-Tech Components,PLANT_04,Tokyo Precision Facility,W09,1071,6.62,0.85,7997.83,6.69,W04,W09,5,COMPLIANT
MAT_013,Polycarbonate Optical-Grade Pellets,SUP_004,Hansol High-Tech Components,PLANT_05,Chennai Industrial Complex,W09,1226,6.62,3.55,12469.44,6.69,W02,W09,7,COMPLIANT
MAT_013,Polycarbonate Optical-Grade Pellets,SUP_005,MexSteel & Polymer Fabrica,PLANT_01,Detroit Advanced Assembly Hub,W09,271,6.86,1.7,2322.5,6.69,W03,W09,6,COMPLIANT
MAT_013,Polycarbonate Optical-Grade Pellets,SUP_005,MexSteel & Polymer Fabrica,PLANT_02,Munich Engineering Works,W09,524,6.86,4.9,6159.18,6.69,W01,W09,8,COMPLIANT
MAT_013,Polycarbonate Optical-Grade Pellets,SUP_005,MexSteel & Polymer Fabrica,PLANT_03,Monterrey Global Production Hub,W09,387,6.86,0.45,2830.72,6.69,W03,W09,6,COMPLIANT
MAT_013,Polycarbonate Optical-Grade Pellets,SUP_006,Saigon Composite Solutions,PLANT_04,Tokyo Precision Facility,W09,527,7.43,1.85,4893.72,6.69,W04,W09,5,SUB_MOQ_VIOLATION
MAT_013,Polycarbonate Optical-Grade Pellets,SUP_006,Saigon Composite Solutions,PLANT_05,Chennai Industrial Complex,W09,239,7.43,2.1,2274.65,6.69,W04,W09,5,SUB_MOQ_VIOLATION
MAT_014,Polyether Ether Ketone PEEK Polymer,SUP_002,Vanguard Industrial Dynamics,PLANT_01,Detroit Advanced Assembly Hub,W09,446,10.82,0.5,5049.29,11.17,W05,W09,4,COMPLIANT
MAT_014,Polyether Ether Ketone PEEK Polymer,SUP_002,Vanguard Industrial Dynamics,PLANT_02,Munich Engineering Works,W09,1204,10.82,3.5,17248.44,11.17,W03,W09,6,COMPLIANT
MAT_014,Polyether Ether Ketone PEEK Polymer,SUP_002,Vanguard Industrial Dynamics,PLANT_03,Monterrey Global Production Hub,W09,1420,10.82,1.6,17630.81,11.17,W05,W09,4,COMPLIANT
MAT_014,Polyether Ether Ketone PEEK Polymer,SUP_002,Vanguard Industrial Dynamics,PLANT_05,Chennai Industrial Complex,W09,442,10.82,6.4,7606.98,11.17,W02,W09,7,COMPLIANT
MAT_014,Polyether Ether Ketone PEEK Polymer,SUP_004,Hansol High-Tech Components,PLANT_04,Tokyo Precision Facility,W09,1028,10.94,0.85,12122.01,11.17,W03,W09,6,COMPLIANT
MAT_014,Polyether Ether Ketone PEEK Polymer,SUP_004,Hansol High-Tech Components,PLANT_05,Chennai Industrial Complex,W09,1327,10.94,3.55,19225.04,11.17,W01,W09,8,COMPLIANT
MAT_014,Polyether Ether Ketone PEEK Polymer,SUP_005,MexSteel & Polymer Fabrica,PLANT_01,Detroit Advanced Assembly Hub,W09,365,11.43,1.7,4791.79,11.17,W04,W09,5,SUB_MOQ_VIOLATION
MAT_014,Polyether Ether Ketone PEEK Polymer,SUP_005,MexSteel & Polymer Fabrica,PLANT_02,Munich Engineering Works,W09,986,11.43,4.9,16093.21,11.17,W02,W09,7,COMPLIANT
MAT_014,Polyether Ether Ketone PEEK Polymer,SUP_005,MexSteel & Polymer Fabrica,PLANT_03,Monterrey Global Production Hub,W09,1161,11.43,0.45,13798.03,11.17,W04,W09,5,COMPLIANT
MAT_014,Polyether Ether Ketone PEEK Polymer,SUP_006,Saigon Composite Solutions,PLANT_04,Tokyo Precision Facility,W09,604,12.23,1.85,8502.07,11.17,W04,W09,5,COMPLIANT
MAT_014,Polyether Ether Ketone PEEK Polymer,SUP_006,Saigon Composite Solutions,PLANT_05,Chennai Industrial Complex,W09,337,12.23,2.1,4835.91,11.17,W04,W09,5,COMPLIANT
MAT_015,Thermoplastic Polyurethane TPU Elastomer,SUP_002,Vanguard Industrial Dynamics,PLANT_01,Detroit Advanced Assembly Hub,W09,1476,21.33,0.5,32219.12,22.9,W02,W09,7,COMPLIANT
MAT_015,Thermoplastic Polyurethane TPU Elastomer,SUP_002,Vanguard Industrial Dynamics,PLANT_02,Munich Engineering Works,W09,551,21.33,3.5,13671.89,22.9,W01,W09,9,SUB_MOQ_VIOLATION
MAT_015,Thermoplastic Polyurethane TPU Elastomer,SUP_002,Vanguard Industrial Dynamics,PLANT_03,Monterrey Global Production Hub,W09,1042,21.33,1.6,23890.77,22.9,W02,W09,7,COMPLIANT
MAT_015,Thermoplastic Polyurethane TPU Elastomer,SUP_002,Vanguard Industrial Dynamics,PLANT_04,Tokyo Precision Facility,W09,264,21.33,6.2,7277.0,22.9,W01,W09,10,SUB_MOQ_VIOLATION
MAT_015,Thermoplastic Polyurethane TPU Elastomer,SUP_002,Vanguard Industrial Dynamics,PLANT_05,Chennai Industrial Complex,W09,452,21.33,6.4,12536.73,22.9,W01,W09,10,SUB_MOQ_VIOLATION
MAT_015,Thermoplastic Polyurethane TPU Elastomer,SUP_004,Hansol High-Tech Components,PLANT_04,Tokyo Precision Facility,W09,537,22.76,0.85,12670.78,22.9,W06,W09,3,COMPLIANT
MAT_015,Thermoplastic Polyurethane TPU Elastomer,SUP_004,Hansol High-Tech Components,PLANT_05,Chennai Industrial Complex,W09,918,22.76,3.55,24149.95,22.9,W04,W09,5,COMPLIANT
MAT_015,Thermoplastic Polyurethane TPU Elastomer,SUP_005,MexSteel & Polymer Fabrica,PLANT_01,Detroit Advanced Assembly Hub,W09,663,23.46,1.7,16683.34,22.9,W02,W09,7,SUB_MOQ_VIOLATION
MAT_015,Thermoplastic Polyurethane TPU Elastomer,SUP_005,MexSteel & Polymer Fabrica,PLANT_02,Munich Engineering Works,W09,247,23.46,4.9,7015.7,22.9,W01,W09,9,SUB_MOQ_VIOLATION
MAT_015,Thermoplastic Polyurethane TPU Elastomer,SUP_005,MexSteel & Polymer Fabrica,PLANT_03,Monterrey Global Production Hub,W09,468,23.46,0.45,11192.27,22.9,W02,W09,7,SUB_MOQ_VIOLATION
MAT_016,Quad-Core Embedded Controller SoC,SUP_003,Nippon Advanced Metallurgy,PLANT_01,Detroit Advanced Assembly Hub,W09,1614,212.57,5.1,351325.91,227.56,W04,W09,5,COMPLIANT
MAT_016,Quad-Core Embedded Controller SoC,SUP_003,Nippon Advanced Metallurgy,PLANT_02,Munich Engineering Works,W09,1524,212.57,6.5,333770.67,227.56,W03,W09,6,COMPLIANT
MAT_016,Quad-Core Embedded Controller SoC,SUP_003,Nippon Advanced Metallurgy,PLANT_03,Monterrey Global Production Hub,W09,1648,212.57,5.3,358947.36,227.56,W03,W09,6,COMPLIANT
MAT_016,Quad-Core Embedded Controller SoC,SUP_003,Nippon Advanced Metallurgy,PLANT_04,Tokyo Precision Facility,W09,683,212.57,0.45,145435.14,227.56,W06,W09,3,SUB_MOQ_VIOLATION
MAT_016,Quad-Core Embedded Controller SoC,SUP_003,Nippon Advanced Metallurgy,PLANT_05,Chennai Industrial Complex,W09,819,212.57,3.6,176987.03,227.56,W04,W09,5,COMPLIANT
MAT_016,Quad-Core Embedded Controller SoC,SUP_004,Hansol High-Tech Components,PLANT_01,Detroit Advanced Assembly Hub,W09,795,222.17,5.15,180712.58,227.56,W01,W09,9,COMPLIANT
MAT_016,Quad-Core Embedded Controller SoC,SUP_004,Hansol High-Tech Components,PLANT_02,Munich Engineering Works,W09,750,222.17,6.55,171636.06,227.56,W01,W09,9,COMPLIANT
MAT_016,Quad-Core Embedded Controller SoC,SUP_004,Hansol High-Tech Components,PLANT_03,Monterrey Global Production Hub,W09,811,222.17,5.35,184625.65,227.56,W01,W09,9,COMPLIANT
MAT_016,Quad-Core Embedded Controller SoC,SUP_004,Hansol High-Tech Components,PLANT_04,Tokyo Precision Facility,W09,336,222.17,0.85,74994.94,227.56,W03,W09,6,SUB_MOQ_VIOLATION
MAT_016,Quad-Core Embedded Controller SoC,SUP_004,Hansol High-Tech Components,PLANT_05,Chennai Industrial Complex,W09,403,222.17,3.55,91023.85,227.56,W01,W09,8,SUB_MOQ_VIOLATION
MAT_017,Industrial Power Management Module,SUP_003,Nippon Advanced Metallurgy,PLANT_01,Detroit Advanced Assembly Hub,W09,762,113.98,5.1,90691.33,118.85,W01,W09,9,SUB_MOQ_VIOLATION
MAT_017,Industrial Power Management Module,SUP_003,Nippon Advanced Metallurgy,PLANT_02,Munich Engineering Works,W09,865,113.98,6.5,104210.38,118.85,W01,W09,10,SUB_MOQ_VIOLATION
MAT_017,Industrial Power Management Module,SUP_003,Nippon Advanced Metallurgy,PLANT_03,Monterrey Global Production Hub,W09,1157,113.98,5.3,137968.79,118.85,W01,W09,10,COMPLIANT
MAT_017,Industrial Power Management Module,SUP_003,Nippon Advanced Metallurgy,PLANT_04,Tokyo Precision Facility,W09,983,113.98,0.45,112516.73,118.85,W02,W09,7,SUB_MOQ_VIOLATION
MAT_017,Industrial Power Management Module,SUP_003,Nippon Advanced Metallurgy,PLANT_05,Chennai Industrial Complex,W09,1629,113.98,3.6,191490.79,118.85,W01,W09,9,COMPLIANT
MAT_017,Industrial Power Management Module,SUP_004,Hansol High-Tech Components,PLANT_01,Detroit Advanced Assembly Hub,W09,358,121.21,5.15,45287.42,118.85,W01,W09,8,COMPLIANT
MAT_017,Industrial Power Management Module,SUP_004,Hansol High-Tech Components,PLANT_02,Munich Engineering Works,W09,407,121.21,6.55,52003.43,118.85,W01,W09,8,COMPLIANT
MAT_017,Industrial Power Management Module,SUP_004,Hansol High-Tech Components,PLANT_03,Monterrey Global Production Hub,W09,544,121.21,5.35,68889.14,118.85,W01,W09,8,COMPLIANT
MAT_017,Industrial Power Management Module,SUP_004,Hansol High-Tech Components,PLANT_04,Tokyo Precision Facility,W09,463,121.21,0.85,56479.6,118.85,W04,W09,5,COMPLIANT
MAT_017,Industrial Power Management Module,SUP_004,Hansol High-Tech Components,PLANT_05,Chennai Industrial Complex,W09,766,121.21,3.55,95616.06,118.85,W02,W09,7,COMPLIANT
MAT_018,Multi-Layer High-Frequency PCB Array,SUP_003,Nippon Advanced Metallurgy,PLANT_01,Detroit Advanced Assembly Hub,W09,814,230.16,5.1,191548.69,242.4,W03,W09,6,SUB_MOQ_VIOLATION
MAT_018,Multi-Layer High-Frequency PCB Array,SUP_003,Nippon Advanced Metallurgy,PLANT_02,Munich Engineering Works,W09,1281,230.16,6.5,303275.06,242.4,W02,W09,7,COMPLIANT
MAT_018,Multi-Layer High-Frequency PCB Array,SUP_003,Nippon Advanced Metallurgy,PLANT_03,Monterrey Global Production Hub,W09,489,230.16,5.3,115026.92,242.4,W02,W09,7,SUB_MOQ_VIOLATION
MAT_018,Multi-Layer High-Frequency PCB Array,SUP_003,Nippon Advanced Metallurgy,PLANT_04,Tokyo Precision Facility,W09,579,230.16,0.45,133610.82,242.4,W05,W09,4,SUB_MOQ_VIOLATION
MAT_018,Multi-Layer High-Frequency PCB Array,SUP_003,Nippon Advanced Metallurgy,PLANT_05,Chennai Industrial Complex,W09,1225,230.16,3.6,286318.6,242.4,W03,W09,6,COMPLIANT
MAT_018,Multi-Layer High-Frequency PCB Array,SUP_004,Hansol High-Tech Components,PLANT_01,Detroit Advanced Assembly Hub,W09,566,239.2,5.15,138253.23,242.4,W01,W09,8,SUB_MOQ_VIOLATION
MAT_018,Multi-Layer High-Frequency PCB Array,SUP_004,Hansol High-Tech Components,PLANT_02,Munich Engineering Works,W09,891,239.2,6.55,218845.29,242.4,W01,W09,8,SUB_MOQ_VIOLATION
MAT_018,Multi-Layer High-Frequency PCB Array,SUP_004,Hansol High-Tech Components,PLANT_03,Monterrey Global Production Hub,W09,339,239.2,5.35,83019.83,242.4,W01,W09,8,SUB_MOQ_VIOLATION
MAT_018,Multi-Layer High-Frequency PCB Array,SUP_004,Hansol High-Tech Components,PLANT_04,Tokyo Precision Facility,W09,403,239.2,0.85,96648.93,242.4,W04,W09,5,SUB_MOQ_VIOLATION
MAT_018,Multi-Layer High-Frequency PCB Array,SUP_004,Hansol High-Tech Components,PLANT_05,Chennai Industrial Complex,W09,851,239.2,3.55,206619.09,242.4,W02,W09,7,SUB_MOQ_VIOLATION
MAT_019,Precision MEMS IMU Sensor Package,SUP_003,Nippon Advanced Metallurgy,PLANT_01,Detroit Advanced Assembly Hub,W09,1328,307.13,5.1,414741.35,316.16,W01,W09,8,COMPLIANT
MAT_019,Precision MEMS IMU Sensor Package,SUP_003,Nippon Advanced Metallurgy,PLANT_02,Munich Engineering Works,W09,1293,307.13,6.5,405536.14,316.16,W01,W09,9,COMPLIANT
MAT_019,Precision MEMS IMU Sensor Package,SUP_003,Nippon Advanced Metallurgy,PLANT_03,Monterrey Global Production Hub,W09,1220,307.13,5.3,381239.58,316.16,W01,W09,9,COMPLIANT
MAT_019,Precision MEMS IMU Sensor Package,SUP_003,Nippon Advanced Metallurgy,PLANT_04,Tokyo Precision Facility,W09,1000,307.13,0.45,307629.21,316.16,W03,W09,6,COMPLIANT
MAT_019,Precision MEMS IMU Sensor Package,SUP_003,Nippon Advanced Metallurgy,PLANT_05,Chennai Industrial Complex,W09,605,307.13,3.6,187929.5,316.16,W01,W09,8,SUB_MOQ_VIOLATION
MAT_019,Precision MEMS IMU Sensor Package,SUP_004,Hansol High-Tech Components,PLANT_01,Detroit Advanced Assembly Hub,W09,1044,310.88,5.15,329834.19,316.16,W01,W09,8,COMPLIANT
MAT_019,Precision MEMS IMU Sensor Package,SUP_004,Hansol High-Tech Components,PLANT_02,Munich Engineering Works,W09,1016,310.88,6.55,322496.18,316.16,W01,W09,8,COMPLIANT
MAT_019,Precision MEMS IMU Sensor Package,SUP_004,Hansol High-Tech Components,PLANT_03,Monterrey Global Production Hub,W09,959,310.88,5.35,303188.67,316.16,W01,W09,8,COMPLIANT
MAT_019,Precision MEMS IMU Sensor Package,SUP_004,Hansol High-Tech Components,PLANT_04,Tokyo Precision Facility,W09,786,310.88,0.85,244969.9,316.16,W04,W09,5,COMPLIANT
MAT_019,Precision MEMS IMU Sensor Package,SUP_004,Hansol High-Tech Components,PLANT_05,Chennai Industrial Complex,W09,475,310.88,3.55,149417.14,316.16,W02,W09,7,SUB_MOQ_VIOLATION
MAT_020,Fiber-Optic Gigabit Transceiver Subassembly,SUP_003,Nippon Advanced Metallurgy,PLANT_01,Detroit Advanced Assembly Hub,W09,1342,44.87,5.1,67036.75,47.18,W02,W09,7,COMPLIANT
MAT_020,Fiber-Optic Gigabit Transceiver Subassembly,SUP_003,Nippon Advanced Metallurgy,PLANT_02,Munich Engineering Works,W09,747,44.87,6.5,38375.44,47.18,W01,W09,8,SUB_MOQ_VIOLATION
MAT_020,Fiber-Optic Gigabit Transceiver Subassembly,SUP_003,Nippon Advanced Metallurgy,PLANT_03,Monterrey Global Production Hub,W09,1215,44.87,5.3,60932.47,47.18,W01,W09,8,COMPLIANT
MAT_020,Fiber-Optic Gigabit Transceiver Subassembly,SUP_003,Nippon Advanced Metallurgy,PLANT_04,Tokyo Precision Facility,W09,1035,44.87,0.45,46919.8,47.18,W04,W09,5,COMPLIANT
MAT_020,Fiber-Optic Gigabit Transceiver Subassembly,SUP_003,Nippon Advanced Metallurgy,PLANT_05,Chennai Industrial Complex,W09,1191,44.87,3.6,57743.28,47.18,W02,W09,7,COMPLIANT
MAT_020,Fiber-Optic Gigabit Transceiver Subassembly,SUP_004,Hansol High-Tech Components,PLANT_01,Detroit Advanced Assembly Hub,W09,971,47.81,5.15,51448.52,47.18,W03,W09,6,COMPLIANT
MAT_020,Fiber-Optic Gigabit Transceiver Subassembly,SUP_004,Hansol High-Tech Components,PLANT_02,Munich Engineering Works,W09,541,47.81,6.55,29406.59,47.18,W03,W09,6,SUB_MOQ_VIOLATION
MAT_020,Fiber-Optic Gigabit Transceiver Subassembly,SUP_004,Hansol High-Tech Components,PLANT_03,Monterrey Global Production Hub,W09,879,47.81,5.35,46753.16,47.18,W03,W09,6,COMPLIANT
MAT_020,Fiber-Optic Gigabit Transceiver Subassembly,SUP_004,Hansol High-Tech Components,PLANT_04,Tokyo Precision Facility,W09,750,47.81,0.85,36480.4,47.18,W06,W09,3,SUB_MOQ_VIOLATION
MAT_020,Fiber-Optic Gigabit Transceiver Subassembly,SUP_004,Hansol High-Tech Components,PLANT_05,Chennai Industrial Complex,W09,863,47.81,3.55,44307.24,47.18,W04,W09,5,COMPLIANT
MAT_021,Angular Contact Spindle Bearing 7008,SUP_003,Nippon Advanced Metallurgy,PLANT_01,Detroit Advanced Assembly Hub,W09,913,116.17,5.1,110736.49,120.34,W01,W09,9,SUB_MOQ_VIOLATION
MAT_021,Angular Contact Spindle Bearing 7008,SUP_003,Nippon Advanced Metallurgy,PLANT_02,Munich Engineering Works,W09,1267,116.17,6.5,155366.46,120.34,W01,W09,10,COMPLIANT
MAT_021,Angular Contact Spindle Bearing 7008,SUP_003,Nippon Advanced Metallurgy,PLANT_03,Monterrey Global Production Hub,W09,395,116.17,5.3,47981.86,120.34,W01,W09,10,SUB_MOQ_VIOLATION
MAT_021,Angular Contact Spindle Bearing 7008,SUP_003,Nippon Advanced Metallurgy,PLANT_04,Tokyo Precision Facility,W09,1313,116.17,0.45,153154.71,120.34,W02,W09,7,COMPLIANT
MAT_021,Angular Contact Spindle Bearing 7008,SUP_003,Nippon Advanced Metallurgy,PLANT_05,Chennai Industrial Complex,W09,575,116.17,3.6,68883.32,120.34,W01,W09,9,SUB_MOQ_VIOLATION
MAT_021,Angular Contact Spindle Bearing 7008,SUP_011,Shinshu Bearing & Motion Systems,PLANT_01,Detroit Advanced Assembly Hub,W09,689,118.13,5.1,84888.22,120.34,W02,W09,7,COMPLIANT
MAT_021,Angular Contact Spindle Bearing 7008,SUP_011,Shinshu Bearing & Motion Systems,PLANT_02,Munich Engineering Works,W09,955,118.13,6.5,119078.98,120.34,W01,W09,8,COMPLIANT
MAT_021,Angular Contact Spindle Bearing 7008,SUP_011,Shinshu Bearing & Motion Systems,PLANT_03,Monterrey Global Production Hub,W09,298,118.13,5.3,36780.91,120.34,W01,W09,8,SUB_MOQ_VIOLATION
MAT_021,Angular Contact Spindle Bearing 7008,SUP_011,Shinshu Bearing & Motion Systems,PLANT_04,Tokyo Precision Facility,W09,991,118.13,0.45,117479.58,120.34,W04,W09,5,COMPLIANT
MAT_021,Angular Contact Spindle Bearing 7008,SUP_011,Shinshu Bearing & Motion Systems,PLANT_05,Chennai Industrial Complex,W09,434,118.13,3.6,52815.0,120.34,W02,W09,7,SUB_MOQ_VIOLATION
MAT_022,Double-Row Tapered Roller Bearing,SUP_003,Nippon Advanced Metallurgy,PLANT_01,Detroit Advanced Assembly Hub,W09,911,103.66,5.1,99058.61,106.66,W01,W09,8,COMPLIANT
MAT_022,Double-Row Tapered Roller Bearing,SUP_003,Nippon Advanced Metallurgy,PLANT_02,Munich Engineering Works,W09,1107,103.66,6.5,121963.64,106.66,W01,W09,9,COMPLIANT
MAT_022,Double-Row Tapered Roller Bearing,SUP_003,Nippon Advanced Metallurgy,PLANT_03,Monterrey Global Production Hub,W09,1503,103.66,5.3,163723.3,106.66,W01,W09,9,COMPLIANT
MAT_022,Double-Row Tapered Roller Bearing,SUP_003,Nippon Advanced Metallurgy,PLANT_04,Tokyo Precision Facility,W09,435,103.66,0.45,45293.06,106.66,W03,W09,6,SUB_MOQ_VIOLATION
MAT_022,Double-Row Tapered Roller Bearing,SUP_003,Nippon Advanced Metallurgy,PLANT_05,Chennai Industrial Complex,W09,1322,103.66,3.6,141760.18,106.66,W01,W09,8,COMPLIANT
MAT_022,Double-Row Tapered Roller Bearing,SUP_011,Shinshu Bearing & Motion Systems,PLANT_01,Detroit Advanced Assembly Hub,W09,745,105.28,5.1,82255.18,106.66,W01,W09,8,SUB_MOQ_VIOLATION
MAT_022,Double-Row Tapered Roller Bearing,SUP_011,Shinshu Bearing & Motion Systems,PLANT_02,Munich Engineering Works,W09,906,105.28,6.5,101255.91,106.66,W01,W09,9,SUB_MOQ_VIOLATION
MAT_022,Double-Row Tapered Roller Bearing,SUP_011,Shinshu Bearing & Motion Systems,PLANT_03,Monterrey Global Production Hub,W09,1229,105.28,5.3,135947.05,106.66,W01,W09,9,COMPLIANT
MAT_022,Double-Row Tapered Roller Bearing,SUP_011,Shinshu Bearing & Motion Systems,PLANT_04,Tokyo Precision Facility,W09,356,105.28,0.45,37634.59,106.66,W03,W09,6,SUB_MOQ_VIOLATION
MAT_022,Double-Row Tapered Roller Bearing,SUP_011,Shinshu Bearing & Motion Systems,PLANT_05,Chennai Industrial Complex,W09,1081,105.28,3.6,117737.39,106.66,W01,W09,8,COMPLIANT
MAT_023,Deep-Groove Ceramic Hybrid Bearing,SUP_003,Nippon Advanced Metallurgy,PLANT_01,Detroit Advanced Assembly Hub,W09,1409,57.2,5.1,87760.76,61.21,W03,W09,6,COMPLIANT
MAT_023,Deep-Groove Ceramic Hybrid Bearing,SUP_003,Nippon Advanced Metallurgy,PLANT_02,Munich Engineering Works,W09,1235,57.2,6.5,78696.89,61.21,W02,W09,7,COMPLIANT
MAT_023,Deep-Groove Ceramic Hybrid Bearing,SUP_003,Nippon Advanced Metallurgy,PLANT_03,Monterrey Global Production Hub,W09,976,57.2,5.3,61031.25,61.21,W02,W09,7,COMPLIANT
MAT_023,Deep-Groove Ceramic Hybrid Bearing,SUP_003,Nippon Advanced Metallurgy,PLANT_04,Tokyo Precision Facility,W09,1690,57.2,0.45,97408.9,61.21,W05,W09,4,COMPLIANT
MAT_023,Deep-Groove Ceramic Hybrid Bearing,SUP_003,Nippon Advanced Metallurgy,PLANT_05,Chennai Industrial Complex,W09,1202,57.2,3.6,73084.03,61.21,W03,W09,6,COMPLIANT
MAT_023,Deep-Groove Ceramic Hybrid Bearing,SUP_011,Shinshu Bearing & Motion Systems,PLANT_01,Detroit Advanced Assembly Hub,W09,827,60.49,5.1,54263.92,61.21,W04,W09,5,COMPLIANT
MAT_023,Deep-Groove Ceramic Hybrid Bearing,SUP_011,Shinshu Bearing & Motion Systems,PLANT_02,Munich Engineering Works,W09,726,60.49,6.5,48605.93,61.21,W03,W09,6,COMPLIANT
MAT_023,Deep-Groove Ceramic Hybrid Bearing,SUP_011,Shinshu Bearing & Motion Systems,PLANT_03,Monterrey Global Production Hub,W09,574,60.49,5.3,37730.57,61.21,W03,W09,6,COMPLIANT
MAT_023,Deep-Groove Ceramic Hybrid Bearing,SUP_011,Shinshu Bearing & Motion Systems,PLANT_04,Tokyo Precision Facility,W09,992,60.49,0.45,60473.2,61.21,W06,W09,3,COMPLIANT
MAT_023,Deep-Groove Ceramic Hybrid Bearing,SUP_011,Shinshu Bearing & Motion Systems,PLANT_05,Chennai Industrial Complex,W09,706,60.49,3.6,45244.98,61.21,W04,W09,5,COMPLIANT
MAT_024,Sealed Spherical Roller Bearing 22210,SUP_003,Nippon Advanced Metallurgy,PLANT_01,Detroit Advanced Assembly Hub,W09,1204,37.17,5.1,50876.17,37.75,W01,W09,9,COMPLIANT
MAT_024,Sealed Spherical Roller Bearing 22210,SUP_003,Nippon Advanced Metallurgy,PLANT_02,Munich Engineering Works,W09,519,37.17,6.5,22664.73,37.75,W01,W09,10,SUB_MOQ_VIOLATION
MAT_024,Sealed Spherical Roller Bearing 22210,SUP_003,Nippon Advanced Metallurgy,PLANT_03,Monterrey Global Production Hub,W09,658,37.17,5.3,27953.75,37.75,W01,W09,10,SUB_MOQ_VIOLATION
MAT_024,Sealed Spherical Roller Bearing 22210,SUP_003,Nippon Advanced Metallurgy,PLANT_04,Tokyo Precision Facility,W09,1112,37.17,0.45,41825.92,37.75,W02,W09,7,COMPLIANT
MAT_024,Sealed Spherical Roller Bearing 22210,SUP_003,Nippon Advanced Metallurgy,PLANT_05,Chennai Industrial Complex,W09,1373,37.17,3.6,55969.06,37.75,W01,W09,9,COMPLIANT
MAT_024,Sealed Spherical Roller Bearing 22210,SUP_011,Shinshu Bearing & Motion Systems,PLANT_01,Detroit Advanced Assembly Hub,W09,802,38.02,5.1,34599.49,37.75,W04,W09,5,SUB_MOQ_VIOLATION
MAT_024,Sealed Spherical Roller Bearing 22210,SUP_011,Shinshu Bearing & Motion Systems,PLANT_02,Munich Engineering Works,W09,346,38.02,6.5,15403.92,37.75,W03,W09,6,SUB_MOQ_VIOLATION
MAT_024,Sealed Spherical Roller Bearing 22210,SUP_011,Shinshu Bearing & Motion Systems,PLANT_03,Monterrey Global Production Hub,W09,439,38.02,5.3,19008.82,37.75,W03,W09,6,SUB_MOQ_VIOLATION
MAT_024,Sealed Spherical Roller Bearing 22210,SUP_011,Shinshu Bearing & Motion Systems,PLANT_04,Tokyo Precision Facility,W09,741,38.02,0.45,28513.96,37.75,W06,W09,3,SUB_MOQ_VIOLATION
MAT_024,Sealed Spherical Roller Bearing 22210,SUP_011,Shinshu Bearing & Motion Systems,PLANT_05,Chennai Industrial Complex,W09,915,38.02,3.6,38090.62,37.75,W04,W09,5,SUB_MOQ_VIOLATION
MAT_025,High-Speed Miniature Precision Bearing,SUP_003,Nippon Advanced Metallurgy,PLANT_01,Detroit Advanced Assembly Hub,W09,1029,131.11,5.1,140102.88,139.57,W01,W09,8,COMPLIANT
MAT_025,High-Speed Miniature Precision Bearing,SUP_003,Nippon Advanced Metallurgy,PLANT_02,Munich Engineering Works,W09,1629,131.11,6.5,224216.23,139.57,W01,W09,9,COMPLIANT
MAT_025,High-Speed Miniature Precision Bearing,SUP_003,Nippon Advanced Metallurgy,PLANT_03,Monterrey Global Production Hub,W09,1252,131.11,5.3,170839.88,139.57,W01,W09,9,COMPLIANT
MAT_025,High-Speed Miniature Precision Bearing,SUP_003,Nippon Advanced Metallurgy,PLANT_04,Tokyo Precision Facility,W09,990,131.11,0.45,130262.82,139.57,W03,W09,6,SUB_MOQ_VIOLATION
MAT_025,High-Speed Miniature Precision Bearing,SUP_003,Nippon Advanced Metallurgy,PLANT_05,Chennai Industrial Complex,W09,1159,131.11,3.6,156182.77,139.57,W01,W09,8,COMPLIANT
MAT_025,High-Speed Miniature Precision Bearing,SUP_011,Shinshu Bearing & Motion Systems,PLANT_01,Detroit Advanced Assembly Hub,W09,630,135.66,5.1,88737.92,139.57,W02,W09,7,SUB_MOQ_VIOLATION
MAT_025,High-Speed Miniature Precision Bearing,SUP_011,Shinshu Bearing & Motion Systems,PLANT_02,Munich Engineering Works,W09,999,135.66,6.5,141966.66,139.57,W01,W09,8,COMPLIANT
MAT_025,High-Speed Miniature Precision Bearing,SUP_011,Shinshu Bearing & Motion Systems,PLANT_03,Monterrey Global Production Hub,W09,768,135.66,5.3,108200.9,139.57,W01,W09,8,COMPLIANT
MAT_025,High-Speed Miniature Precision Bearing,SUP_011,Shinshu Bearing & Motion Systems,PLANT_04,Tokyo Precision Facility,W09,607,135.66,0.45,82599.71,139.57,W04,W09,5,SUB_MOQ_VIOLATION
MAT_025,High-Speed Miniature Precision Bearing,SUP_011,Shinshu Bearing & Motion Systems,PLANT_05,Chennai Industrial Complex,W09,711,135.66,3.6,98958.16,139.57,W02,W09,7,SUB_MOQ_VIOLATION
MAT_026,Proportional Electro-Hydraulic Valve,SUP_001,Apex Precision Metals GmbH,PLANT_01,Detroit Advanced Assembly Hub,W09,979,185.93,3.4,185374.9,194.59,W04,W09,5,SUB_MOQ_VIOLATION
MAT_026,Proportional Electro-Hydraulic Valve,SUP_001,Apex Precision Metals GmbH,PLANT_02,Munich Engineering Works,W09,1664,185.93,0.45,310059.9,194.59,W05,W09,4,COMPLIANT
MAT_026,Proportional Electro-Hydraulic Valve,SUP_001,Apex Precision Metals GmbH,PLANT_03,Monterrey Global Production Hub,W09,1048,185.93,4.8,199906.02,194.59,W03,W09,6,SUB_MOQ_VIOLATION
MAT_026,Proportional Electro-Hydraulic Valve,SUP_001,Apex Precision Metals GmbH,PLANT_04,Tokyo Precision Facility,W09,1068,185.93,7.6,206713.26,194.59,W02,W09,7,SUB_MOQ_VIOLATION
MAT_026,Proportional Electro-Hydraulic Valve,SUP_001,Apex Precision Metals GmbH,PLANT_05,Chennai Industrial Complex,W09,580,185.93,5.1,110852.8,194.59,W03,W09,6,SUB_MOQ_VIOLATION
MAT_026,Proportional Electro-Hydraulic Valve,SUP_009,EuroHydraulics SpA,PLANT_01,Detroit Advanced Assembly Hub,W09,440,198.4,3.4,88769.8,194.59,W05,W09,4,COMPLIANT
MAT_026,Proportional Electro-Hydraulic Valve,SUP_009,EuroHydraulics SpA,PLANT_02,Munich Engineering Works,W09,747,198.4,0.45,148622.48,194.59,W06,W09,3,COMPLIANT
MAT_026,Proportional Electro-Hydraulic Valve,SUP_009,EuroHydraulics SpA,PLANT_03,Monterrey Global Production Hub,W09,471,198.4,4.8,95684.85,194.59,W04,W09,5,COMPLIANT
MAT_026,Proportional Electro-Hydraulic Valve,SUP_009,EuroHydraulics SpA,PLANT_04,Tokyo Precision Facility,W09,480,198.4,7.6,98855.28,194.59,W03,W09,6,COMPLIANT
MAT_026,Proportional Electro-Hydraulic Valve,SUP_009,EuroHydraulics SpA,PLANT_05,Chennai Industrial Complex,W09,261,198.4,5.1,53054.48,194.59,W04,W09,5,COMPLIANT
MAT_027,Double-Acting Heavy Cylinder 3000 PSI,SUP_001,Apex Precision Metals GmbH,PLANT_01,Detroit Advanced Assembly Hub,W09,751,95.5,3.4,74256.1,100.71,W03,W09,6,SUB_MOQ_VIOLATION
MAT_027,Double-Acting Heavy Cylinder 3000 PSI,SUP_001,Apex Precision Metals GmbH,PLANT_02,Munich Engineering Works,W09,1494,95.5,0.45,143368.49,100.71,W04,W09,5,COMPLIANT
MAT_027,Double-Acting Heavy Cylinder 3000 PSI,SUP_001,Apex Precision Metals GmbH,PLANT_03,Monterrey Global Production Hub,W09,993,95.5,4.8,99621.97,100.71,W02,W09,7,SUB_MOQ_VIOLATION
MAT_027,Double-Acting Heavy Cylinder 3000 PSI,SUP_001,Apex Precision Metals GmbH,PLANT_04,Tokyo Precision Facility,W09,639,95.5,7.6,65903.58,100.71,W01,W09,8,SUB_MOQ_VIOLATION
MAT_027,Double-Acting Heavy Cylinder 3000 PSI,SUP_001,Apex Precision Metals GmbH,PLANT_05,Chennai Industrial Complex,W09,1189,95.5,5.1,119629.5,100.71,W02,W09,7,COMPLIANT
MAT_027,Double-Acting Heavy Cylinder 3000 PSI,SUP_009,EuroHydraulics SpA,PLANT_01,Detroit Advanced Assembly Hub,W09,460,98.17,3.4,46740.48,100.71,W02,W09,7,COMPLIANT
MAT_027,Double-Acting Heavy Cylinder 3000 PSI,SUP_009,EuroHydraulics SpA,PLANT_02,Munich Engineering Works,W09,916,98.17,0.45,90316.2,100.71,W03,W09,6,COMPLIANT
MAT_027,Double-Acting Heavy Cylinder 3000 PSI,SUP_009,EuroHydraulics SpA,PLANT_03,Monterrey Global Production Hub,W09,609,98.17,4.8,62684.02,100.71,W01,W09,8,COMPLIANT
MAT_027,Double-Acting Heavy Cylinder 3000 PSI,SUP_007,Bharat Precision Engineering,PLANT_04,Tokyo Precision Facility,W09,392,101.87,3.65,41340.63,100.71,W01,W09,9,SUB_MOQ_VIOLATION
MAT_027,Double-Acting Heavy Cylinder 3000 PSI,SUP_007,Bharat Precision Engineering,PLANT_05,Chennai Industrial Complex,W09,729,101.87,0.45,74574.91,100.71,W02,W09,7,COMPLIANT
MAT_028,Variable Displacement Piston Pump Core,SUP_001,Apex Precision Metals GmbH,PLANT_01,Detroit Advanced Assembly Hub,W09,707,99.77,3.4,72926.75,102.24,W01,W09,8,SUB_MOQ_VIOLATION
MAT_028,Variable Displacement Piston Pump Core,SUP_001,Apex Precision Metals GmbH,PLANT_02,Munich Engineering Works,W09,886,99.77,0.45,88766.86,102.24,W02,W09,7,COMPLIANT
MAT_028,Variable Displacement Piston Pump Core,SUP_001,Apex Precision Metals GmbH,PLANT_03,Monterrey Global Production Hub,W09,1342,99.77,4.8,140378.95,102.24,W01,W09,9,COMPLIANT
MAT_028,Variable Displacement Piston Pump Core,SUP_001,Apex Precision Metals GmbH,PLANT_04,Tokyo Precision Facility,W09,1472,99.77,7.6,158027.17,102.24,W01,W09,10,COMPLIANT
MAT_028,Variable Displacement Piston Pump Core,SUP_001,Apex Precision Metals GmbH,PLANT_05,Chennai Industrial Complex,W09,464,99.77,5.1,48657.58,102.24,W01,W09,9,SUB_MOQ_VIOLATION
MAT_028,Variable Displacement Piston Pump Core,SUP_009,EuroHydraulics SpA,PLANT_01,Detroit Advanced Assembly Hub,W09,364,102.06,3.4,38402.2,102.24,W03,W09,6,SUB_MOQ_VIOLATION
MAT_028,Variable Displacement Piston Pump Core,SUP_009,EuroHydraulics SpA,PLANT_02,Munich Engineering Works,W09,456,102.06,0.45,46773.26,102.24,W04,W09,5,SUB_MOQ_VIOLATION
MAT_028,Variable Displacement Piston Pump Core,SUP_009,EuroHydraulics SpA,PLANT_03,Monterrey Global Production Hub,W09,692,102.06,4.8,73900.1,102.24,W02,W09,7,SUB_MOQ_VIOLATION
MAT_028,Variable Displacement Piston Pump Core,SUP_009,EuroHydraulics SpA,PLANT_04,Tokyo Precision Facility,W09,758,102.06,7.6,83144.21,102.24,W01,W09,8,SUB_MOQ_VIOLATION
MAT_028,Variable Displacement Piston Pump Core,SUP_009,EuroHydraulics SpA,PLANT_05,Chennai Industrial Complex,W09,239,102.06,5.1,25613.38,102.24,W02,W09,7,SUB_MOQ_VIOLATION
MAT_029,Reinforced High-Pressure Flex Hose Assembly,SUP_001,Apex Precision Metals GmbH,PLANT_01,Detroit Advanced Assembly Hub,W09,543,371.44,3.4,203688.06,391.29,W04,W09,5,COMPLIANT
MAT_029,Reinforced High-Pressure Flex Hose Assembly,SUP_001,Apex Precision Metals GmbH,PLANT_02,Munich Engineering Works,W09,766,371.44,0.45,284756.17,391.29,W05,W09,4,COMPLIANT
MAT_029,Reinforced High-Pressure Flex Hose Assembly,SUP_001,Apex Precision Metals GmbH,PLANT_03,Monterrey Global Production Hub,W09,1253,371.44,4.8,471259.41,391.29,W03,W09,6,COMPLIANT
MAT_029,Reinforced High-Pressure Flex Hose Assembly,SUP_001,Apex Precision Metals GmbH,PLANT_04,Tokyo Precision Facility,W09,580,371.44,7.6,219767.39,391.29,W02,W09,7,COMPLIANT
MAT_029,Reinforced High-Pressure Flex Hose Assembly,SUP_001,Apex Precision Metals GmbH,PLANT_05,Chennai Industrial Complex,W09,1600,371.44,5.1,602332.21,391.29,W03,W09,6,COMPLIANT
MAT_029,Reinforced High-Pressure Flex Hose Assembly,SUP_009,EuroHydraulics SpA,PLANT_01,Detroit Advanced Assembly Hub,W09,293,386.32,3.4,114032.07,391.29,W01,W09,8,SUB_MOQ_VIOLATION
MAT_029,Reinforced High-Pressure Flex Hose Assembly,SUP_009,EuroHydraulics SpA,PLANT_02,Munich Engineering Works,W09,412,386.32,0.45,159465.27,391.29,W02,W09,7,SUB_MOQ_VIOLATION
MAT_029,Reinforced High-Pressure Flex Hose Assembly,SUP_009,EuroHydraulics SpA,PLANT_03,Monterrey Global Production Hub,W09,674,386.32,4.8,263790.88,391.29,W01,W09,9,SUB_MOQ_VIOLATION
MAT_029,Reinforced High-Pressure Flex Hose Assembly,SUP_009,EuroHydraulics SpA,PLANT_04,Tokyo Precision Facility,W09,312,386.32,7.6,122981.82,391.29,W01,W09,10,SUB_MOQ_VIOLATION
MAT_029,Reinforced High-Pressure Flex Hose Assembly,SUP_009,EuroHydraulics SpA,PLANT_05,Chennai Industrial Complex,W09,861,386.32,5.1,337149.62,391.29,W01,W09,9,SUB_MOQ_VIOLATION
MAT_030,Servo-Controlled Hydraulic Actuator,SUP_001,Apex Precision Metals GmbH,PLANT_01,Detroit Advanced Assembly Hub,W09,631,276.63,3.4,176710.13,297.43,W02,W09,7,SUB_MOQ_VIOLATION
MAT_030,Servo-Controlled Hydraulic Actuator,SUP_001,Apex Precision Metals GmbH,PLANT_02,Munich Engineering Works,W09,972,276.63,0.45,269183.22,297.43,W03,W09,6,SUB_MOQ_VIOLATION
MAT_030,Servo-Controlled Hydraulic Actuator,SUP_001,Apex Precision Metals GmbH,PLANT_03,Monterrey Global Production Hub,W09,594,276.63,4.8,167146.91,297.43,W01,W09,8,SUB_MOQ_VIOLATION
MAT_030,Servo-Controlled Hydraulic Actuator,SUP_001,Apex Precision Metals GmbH,PLANT_04,Tokyo Precision Facility,W09,716,276.63,7.6,203593.95,297.43,W01,W09,9,SUB_MOQ_VIOLATION
MAT_030,Servo-Controlled Hydraulic Actuator,SUP_001,Apex Precision Metals GmbH,PLANT_05,Chennai Industrial Complex,W09,1560,276.63,5.1,439391.74,297.43,W01,W09,8,COMPLIANT
MAT_030,Servo-Controlled Hydraulic Actuator,SUP_009,EuroHydraulics SpA,PLANT_01,Detroit Advanced Assembly Hub,W09,457,294.96,3.4,136338.59,297.43,W02,W09,7,SUB_MOQ_VIOLATION
MAT_030,Servo-Controlled Hydraulic Actuator,SUP_009,EuroHydraulics SpA,PLANT_02,Munich Engineering Works,W09,704,294.96,0.45,207820.93,297.43,W03,W09,6,SUB_MOQ_VIOLATION
MAT_030,Servo-Controlled Hydraulic Actuator,SUP_009,EuroHydraulics SpA,PLANT_03,Monterrey Global Production Hub,W09,430,294.96,4.8,128920.78,297.43,W01,W09,8,SUB_MOQ_VIOLATION
MAT_030,Servo-Controlled Hydraulic Actuator,SUP_009,EuroHydraulics SpA,PLANT_04,Tokyo Precision Facility,W09,519,294.96,7.6,156937.87,297.43,W01,W09,9,SUB_MOQ_VIOLATION
MAT_030,Servo-Controlled Hydraulic Actuator,SUP_009,EuroHydraulics SpA,PLANT_05,Chennai Industrial Complex,W09,1129,294.96,5.1,338881.76,297.43,W01,W09,8,COMPLIANT
MAT_031,Grade 12.9 Structural Flange Hex Bolt,SUP_002,Vanguard Industrial Dynamics,PLANT_01,Detroit Advanced Assembly Hub,W09,989,14.13,0.5,14474.92,15.16,W05,W09,4,SUB_MOQ_VIOLATION
MAT_031,Grade 12.9 Structural Flange Hex Bolt,SUP_002,Vanguard Industrial Dynamics,PLANT_02,Munich Engineering Works,W09,653,14.13,3.5,11508.86,15.16,W03,W09,6,SUB_MOQ_VIOLATION
MAT_031,Grade 12.9 Structural Flange Hex Bolt,SUP_002,Vanguard Industrial Dynamics,PLANT_03,Monterrey Global Production Hub,W09,1283,14.13,1.6,20178.44,15.16,W05,W09,4,COMPLIANT
MAT_031,Grade 12.9 Structural Flange Hex Bolt,SUP_002,Vanguard Industrial Dynamics,PLANT_04,Tokyo Precision Facility,W09,439,14.13,6.2,8932.19,15.16,W02,W09,7,SUB_MOQ_VIOLATION
MAT_031,Grade 12.9 Structural Flange Hex Bolt,SUP_002,Vanguard Industrial Dynamics,PLANT_05,Chennai Industrial Complex,W09,455,14.13,6.4,9341.97,15.16,W02,W09,7,SUB_MOQ_VIOLATION
MAT_031,Grade 12.9 Structural Flange Hex Bolt,SUP_007,Bharat Precision Engineering,PLANT_04,Tokyo Precision Facility,W09,934,14.72,3.65,17150.97,15.16,W04,W09,5,SUB_MOQ_VIOLATION
MAT_031,Grade 12.9 Structural Flange Hex Bolt,SUP_007,Bharat Precision Engineering,PLANT_05,Chennai Industrial Complex,W09,967,14.72,0.45,14668.78,15.16,W06,W09,3,SUB_MOQ_VIOLATION
MAT_031,Grade 12.9 Structural Flange Hex Bolt,SUP_010,Detroit Fastener Alliance,PLANT_01,Detroit Advanced Assembly Hub,W09,660,15.41,0.5,10494.24,15.16,W05,W09,4,COMPLIANT
MAT_031,Grade 12.9 Structural Flange Hex Bolt,SUP_010,Detroit Fastener Alliance,PLANT_02,Munich Engineering Works,W09,435,15.41,3.5,8229.63,15.16,W03,W09,6,COMPLIANT
MAT_031,Grade 12.9 Structural Flange Hex Bolt,SUP_010,Detroit Fastener Alliance,PLANT_03,Monterrey Global Production Hub,W09,855,15.41,1.6,14546.95,15.16,W05,W09,4,COMPLIANT
MAT_032,Aerospace Grade Titanium Locknut,SUP_002,Vanguard Industrial Dynamics,PLANT_01,Detroit Advanced Assembly Hub,W09,491,13.27,0.5,6756.94,13.82,W03,W09,6,SUB_MOQ_VIOLATION
MAT_032,Aerospace Grade Titanium Locknut,SUP_002,Vanguard Industrial Dynamics,PLANT_02,Munich Engineering Works,W09,811,13.27,3.5,13605.5,13.82,W01,W09,8,COMPLIANT
MAT_032,Aerospace Grade Titanium Locknut,SUP_002,Vanguard Industrial Dynamics,PLANT_03,Monterrey Global Production Hub,W09,638,13.27,1.6,9482.6,13.82,W03,W09,6,SUB_MOQ_VIOLATION
MAT_032,Aerospace Grade Titanium Locknut,SUP_002,Vanguard Industrial Dynamics,PLANT_04,Tokyo Precision Facility,W09,365,13.27,6.2,7104.02,13.82,W01,W09,9,SUB_MOQ_VIOLATION
MAT_032,Aerospace Grade Titanium Locknut,SUP_002,Vanguard Industrial Dynamics,PLANT_05,Chennai Industrial Complex,W09,636,13.27,6.4,12512.48,13.82,W01,W09,9,SUB_MOQ_VIOLATION
MAT_032,Aerospace Grade Titanium Locknut,SUP_007,Bharat Precision Engineering,PLANT_04,Tokyo Precision Facility,W09,812,13.61,3.65,14017.36,13.82,W03,W09,6,SUB_MOQ_VIOLATION
MAT_032,Aerospace Grade Titanium Locknut,SUP_007,Bharat Precision Engineering,PLANT_05,Chennai Industrial Complex,W09,1416,13.61,0.45,19907.27,13.82,W05,W09,4,COMPLIANT
MAT_032,Aerospace Grade Titanium Locknut,SUP_010,Detroit Fastener Alliance,PLANT_01,Detroit Advanced Assembly Hub,W09,210,14.38,0.5,3129.26,13.82,W06,W09,3,SUB_MOQ_VIOLATION
MAT_032,Aerospace Grade Titanium Locknut,SUP_010,Detroit Fastener Alliance,PLANT_02,Munich Engineering Works,W09,348,14.38,3.5,6216.88,13.82,W04,W09,5,SUB_MOQ_VIOLATION
MAT_032,Aerospace Grade Titanium Locknut,SUP_010,Detroit Fastener Alliance,PLANT_03,Monterrey Global Production Hub,W09,273,14.38,1.6,4367.33,13.82,W06,W09,3,SUB_MOQ_VIOLATION
MAT_033,Stainless Steel A4-80 Socket Cap Screw,SUP_002,Vanguard Industrial Dynamics,PLANT_01,Detroit Advanced Assembly Hub,W09,926,10.01,0.5,9729.21,10.48,W04,W09,5,SUB_MOQ_VIOLATION
MAT_033,Stainless Steel A4-80 Socket Cap Screw,SUP_002,Vanguard Industrial Dynamics,PLANT_02,Munich Engineering Works,W09,690,10.01,3.5,9317.98,10.48,W02,W09,7,SUB_MOQ_VIOLATION
MAT_033,Stainless Steel A4-80 Socket Cap Screw,SUP_002,Vanguard Industrial Dynamics,PLANT_03,Monterrey Global Production Hub,W09,883,10.01,1.6,10247.45,10.48,W04,W09,5,SUB_MOQ_VIOLATION
MAT_033,Stainless Steel A4-80 Socket Cap Screw,SUP_002,Vanguard Industrial Dynamics,PLANT_04,Tokyo Precision Facility,W09,746,10.01,6.2,12091.69,10.48,W01,W09,8,SUB_MOQ_VIOLATION
MAT_033,Stainless Steel A4-80 Socket Cap Screw,SUP_002,Vanguard Industrial Dynamics,PLANT_05,Chennai Industrial Complex,W09,453,10.01,6.4,7439.31,10.48,W01,W09,8,SUB_MOQ_VIOLATION
MAT_033,Stainless Steel A4-80 Socket Cap Screw,SUP_007,Bharat Precision Engineering,PLANT_04,Tokyo Precision Facility,W09,1217,10.35,3.65,17038.84,10.48,W01,W09,9,COMPLIANT
MAT_033,Stainless Steel A4-80 Socket Cap Screw,SUP_007,Bharat Precision Engineering,PLANT_05,Chennai Industrial Complex,W09,740,10.35,0.45,7988.33,10.48,W02,W09,7,SUB_MOQ_VIOLATION
MAT_033,Stainless Steel A4-80 Socket Cap Screw,SUP_010,Detroit Fastener Alliance,PLANT_01,Detroit Advanced Assembly Hub,W09,643,10.68,0.5,7191.98,10.48,W03,W09,6,SUB_MOQ_VIOLATION
MAT_033,Stainless Steel A4-80 Socket Cap Screw,SUP_010,Detroit Fastener Alliance,PLANT_02,Munich Engineering Works,W09,479,10.68,3.5,6796.33,10.48,W01,W09,8,SUB_MOQ_VIOLATION
MAT_033,Stainless Steel A4-80 Socket Cap Screw,SUP_010,Detroit Fastener Alliance,PLANT_03,Monterrey Global Production Hub,W09,613,10.68,1.6,7532.06,10.48,W03,W09,6,SUB_MOQ_VIOLATION
MAT_034,Hardened Belleville Spring Washers,SUP_002,Vanguard Industrial Dynamics,PLANT_01,Detroit Advanced Assembly Hub,W09,824,17.36,0.5,14714.85,18.03,W04,W09,5,SUB_MOQ_VIOLATION
MAT_034,Hardened Belleville Spring Washers,SUP_002,Vanguard Industrial Dynamics,PLANT_02,Munich Engineering Works,W09,1067,17.36,3.5,22253.45,18.03,W02,W09,7,COMPLIANT
MAT_034,Hardened Belleville Spring Washers,SUP_002,Vanguard Industrial Dynamics,PLANT_03,Monterrey Global Production Hub,W09,939,17.36,1.6,17797.75,18.03,W04,W09,5,SUB_MOQ_VIOLATION
MAT_034,Hardened Belleville Spring Washers,SUP_002,Vanguard Industrial Dynamics,PLANT_04,Tokyo Precision Facility,W09,972,17.36,6.2,22906.68,18.03,W01,W09,8,SUB_MOQ_VIOLATION
MAT_034,Hardened Belleville Spring Washers,SUP_002,Vanguard Industrial Dynamics,PLANT_05,Chennai Industrial Complex,W09,625,17.36,6.4,14854.04,18.03,W01,W09,8,SUB_MOQ_VIOLATION
MAT_034,Hardened Belleville Spring Washers,SUP_007,Bharat Precision Engineering,PLANT_04,Tokyo Precision Facility,W09,1521,17.75,3.65,32543.62,18.03,W03,W09,6,COMPLIANT
MAT_034,Hardened Belleville Spring Washers,SUP_007,Bharat Precision Engineering,PLANT_05,Chennai Industrial Complex,W09,978,17.75,0.45,17796.51,18.03,W05,W09,4,SUB_MOQ_VIOLATION
MAT_034,Hardened Belleville Spring Washers,SUP_010,Detroit Fastener Alliance,PLANT_01,Detroit Advanced Assembly Hub,W09,353,18.55,0.5,6726.56,18.03,W03,W09,6,SUB_MOQ_VIOLATION
MAT_034,Hardened Belleville Spring Washers,SUP_010,Detroit Fastener Alliance,PLANT_02,Munich Engineering Works,W09,457,18.55,3.5,10081.26,18.03,W01,W09,8,SUB_MOQ_VIOLATION
MAT_034,Hardened Belleville Spring Washers,SUP_010,Detroit Fastener Alliance,PLANT_03,Monterrey Global Production Hub,W09,402,18.55,1.6,8106.35,18.03,W03,W09,6,SUB_MOQ_VIOLATION
MAT_035,Structural Monobolt Blind Rivet Pack,SUP_002,Vanguard Industrial Dynamics,PLANT_01,Detroit Advanced Assembly Hub,W09,1196,7.59,0.5,9674.51,7.75,W03,W09,6,COMPLIANT
MAT_035,Structural Monobolt Blind Rivet Pack,SUP_002,Vanguard Industrial Dynamics,PLANT_02,Munich Engineering Works,W09,1532,7.59,3.5,16985.33,7.75,W01,W09,8,COMPLIANT
MAT_035,Structural Monobolt Blind Rivet Pack,SUP_002,Vanguard Industrial Dynamics,PLANT_03,Monterrey Global Production Hub,W09,475,7.59,1.6,4368.74,7.75,W03,W09,6,SUB_MOQ_VIOLATION
MAT_035,Structural Monobolt Blind Rivet Pack,SUP_002,Vanguard Industrial Dynamics,PLANT_04,Tokyo Precision Facility,W09,1009,7.59,6.2,13907.49,7.75,W01,W09,9,COMPLIANT
MAT_035,Structural Monobolt Blind Rivet Pack,SUP_002,Vanguard Industrial Dynamics,PLANT_05,Chennai Industrial Complex,W09,930,7.59,6.4,13008.74,7.75,W01,W09,9,COMPLIANT
MAT_035,Structural Monobolt Blind Rivet Pack,SUP_007,Bharat Precision Engineering,PLANT_04,Tokyo Precision Facility,W09,1645,7.97,3.65,19120.48,7.75,W04,W09,5,COMPLIANT
MAT_035,Structural Monobolt Blind Rivet Pack,SUP_007,Bharat Precision Engineering,PLANT_05,Chennai Industrial Complex,W09,1517,7.97,0.45,12774.32,7.75,W06,W09,3,COMPLIANT
MAT_035,Structural Monobolt Blind Rivet Pack,SUP_010,Detroit Fastener Alliance,PLANT_01,Detroit Advanced Assembly Hub,W09,902,8.07,0.5,7731.34,7.75,W06,W09,3,SUB_MOQ_VIOLATION
MAT_035,Structural Monobolt Blind Rivet Pack,SUP_010,Detroit Fastener Alliance,PLANT_02,Munich Engineering Works,W09,1155,8.07,3.5,13368.09,7.75,W04,W09,5,COMPLIANT
MAT_035,Structural Monobolt Blind Rivet Pack,SUP_010,Detroit Fastener Alliance,PLANT_03,Monterrey Global Production Hub,W09,359,8.07,1.6,3467.86,7.75,W06,W09,3,SUB_MOQ_VIOLATION
MAT_036,Toray Carbon Fiber Prepreg 3K Twill,SUP_003,Nippon Advanced Metallurgy,PLANT_01,Detroit Advanced Assembly Hub,W09,1474,132.92,5.1,203469.08,137.13,W04,W09,5,COMPLIANT
MAT_036,Toray Carbon Fiber Prepreg 3K Twill,SUP_003,Nippon Advanced Metallurgy,PLANT_02,Munich Engineering Works,W09,502,132.92,6.5,69974.9,137.13,W03,W09,6,COMPLIANT
MAT_036,Toray Carbon Fiber Prepreg 3K Twill,SUP_003,Nippon Advanced Metallurgy,PLANT_03,Monterrey Global Production Hub,W09,938,132.92,5.3,129650.36,137.13,W03,W09,6,COMPLIANT
MAT_036,Toray Carbon Fiber Prepreg 3K Twill,SUP_003,Nippon Advanced Metallurgy,PLANT_04,Tokyo Precision Facility,W09,1460,132.92,0.45,194746.87,137.13,W06,W09,3,COMPLIANT
MAT_036,Toray Carbon Fiber Prepreg 3K Twill,SUP_003,Nippon Advanced Metallurgy,PLANT_05,Chennai Industrial Complex,W09,718,132.92,3.6,98048.66,137.13,W04,W09,5,COMPLIANT
MAT_036,Toray Carbon Fiber Prepreg 3K Twill,SUP_006,Saigon Composite Solutions,PLANT_01,Detroit Advanced Assembly Hub,W09,632,135.8,6.5,89905.14,137.13,W03,W09,6,SUB_MOQ_VIOLATION
MAT_036,Toray Carbon Fiber Prepreg 3K Twill,SUP_006,Saigon Composite Solutions,PLANT_02,Munich Engineering Works,W09,215,135.8,7.7,30866.85,137.13,W03,W09,6,SUB_MOQ_VIOLATION
MAT_036,Toray Carbon Fiber Prepreg 3K Twill,SUP_006,Saigon Composite Solutions,PLANT_03,Monterrey Global Production Hub,W09,402,135.8,6.6,57244.8,137.13,W03,W09,6,SUB_MOQ_VIOLATION
MAT_036,Toray Carbon Fiber Prepreg 3K Twill,SUP_006,Saigon Composite Solutions,PLANT_04,Tokyo Precision Facility,W09,626,135.8,1.85,86141.37,137.13,W05,W09,4,SUB_MOQ_VIOLATION
MAT_036,Toray Carbon Fiber Prepreg 3K Twill,SUP_006,Saigon Composite Solutions,PLANT_05,Chennai Industrial Complex,W09,308,135.8,2.1,42445.62,137.13,W05,W09,4,SUB_MOQ_VIOLATION
MAT_037,Structural S-Glass Woven Roving Mat,SUP_003,Nippon Advanced Metallurgy,PLANT_01,Detroit Advanced Assembly Hub,W09,1365,180.77,5.1,253760.88,188.44,W04,W09,5,COMPLIANT
MAT_037,Structural S-Glass Woven Roving Mat,SUP_003,Nippon Advanced Metallurgy,PLANT_02,Munich Engineering Works,W09,582,180.77,6.5,108942.45,188.44,W03,W09,6,SUB_MOQ_VIOLATION
MAT_037,Structural S-Glass Woven Roving Mat,SUP_003,Nippon Advanced Metallurgy,PLANT_03,Monterrey Global Production Hub,W09,974,180.77,5.3,181248.93,188.44,W03,W09,6,SUB_MOQ_VIOLATION
MAT_037,Structural S-Glass Woven Roving Mat,SUP_003,Nippon Advanced Metallurgy,PLANT_04,Tokyo Precision Facility,W09,594,180.77,0.45,107668.24,188.44,W06,W09,3,SUB_MOQ_VIOLATION
MAT_037,Structural S-Glass Woven Roving Mat,SUP_003,Nippon Advanced Metallurgy,PLANT_05,Chennai Industrial Complex,W09,1497,180.77,3.6,275970.55,188.44,W04,W09,5,COMPLIANT
MAT_037,Structural S-Glass Woven Roving Mat,SUP_006,Saigon Composite Solutions,PLANT_05,Chennai Industrial Complex,W09,1040,190.52,2.1,200357.55,188.44,W04,W09,5,COMPLIANT
MAT_037,Structural S-Glass Woven Roving Mat,SUP_008,Taiwan Micro-Silicon Ltd,PLANT_01,Detroit Advanced Assembly Hub,W09,949,191.44,5.2,186560.23,188.44,W01,W09,9,COMPLIANT
MAT_037,Structural S-Glass Woven Roving Mat,SUP_008,Taiwan Micro-Silicon Ltd,PLANT_02,Munich Engineering Works,W09,404,191.44,6.5,80019.22,188.44,W01,W09,9,COMPLIANT
MAT_037,Structural S-Glass Woven Roving Mat,SUP_008,Taiwan Micro-Silicon Ltd,PLANT_03,Monterrey Global Production Hub,W09,677,191.44,5.4,133242.96,188.44,W01,W09,9,COMPLIANT
MAT_037,Structural S-Glass Woven Roving Mat,SUP_008,Taiwan Micro-Silicon Ltd,PLANT_04,Tokyo Precision Facility,W09,413,191.44,0.9,79411.42,188.44,W03,W09,6,COMPLIANT
MAT_038,Nomex Honeycomb Structural Core 1/8,SUP_003,Nippon Advanced Metallurgy,PLANT_01,Detroit Advanced Assembly Hub,W09,1080,139.23,5.1,155921.14,149.43,W04,W09,5,COMPLIANT
MAT_038,Nomex Honeycomb Structural Core 1/8,SUP_003,Nippon Advanced Metallurgy,PLANT_02,Munich Engineering Works,W09,1427,139.23,6.5,208015.0,149.43,W03,W09,6,COMPLIANT
MAT_038,Nomex Honeycomb Structural Core 1/8,SUP_003,Nippon Advanced Metallurgy,PLANT_03,Monterrey Global Production Hub,W09,1022,139.23,5.3,147673.53,149.43,W03,W09,6,COMPLIANT
MAT_038,Nomex Honeycomb Structural Core 1/8,SUP_003,Nippon Advanced Metallurgy,PLANT_04,Tokyo Precision Facility,W09,939,139.23,0.45,131130.19,149.43,W06,W09,3,COMPLIANT
MAT_038,Nomex Honeycomb Structural Core 1/8,SUP_003,Nippon Advanced Metallurgy,PLANT_05,Chennai Industrial Complex,W09,909,139.23,3.6,129818.19,149.43,W04,W09,5,COMPLIANT
MAT_038,Nomex Honeycomb Structural Core 1/8,SUP_006,Saigon Composite Solutions,PLANT_02,Munich Engineering Works,W09,913,146.25,7.7,140494.77,149.43,W01,W09,9,SUB_MOQ_VIOLATION
MAT_038,Nomex Honeycomb Structural Core 1/8,SUP_006,Saigon Composite Solutions,PLANT_03,Monterrey Global Production Hub,W09,535,146.25,6.6,81823.65,149.43,W01,W09,9,SUB_MOQ_VIOLATION
MAT_038,Nomex Honeycomb Structural Core 1/8,SUP_006,Saigon Composite Solutions,PLANT_04,Tokyo Precision Facility,W09,600,146.25,1.85,88891.1,149.43,W02,W09,7,SUB_MOQ_VIOLATION
MAT_038,Nomex Honeycomb Structural Core 1/8,SUP_006,Saigon Composite Solutions,PLANT_05,Chennai Industrial Complex,W09,581,146.25,2.1,86206.18,149.43,W02,W09,7,SUB_MOQ_VIOLATION
MAT_038,Nomex Honeycomb Structural Core 1/8,SUP_008,Taiwan Micro-Silicon Ltd,PLANT_01,Detroit Advanced Assembly Hub,W09,691,152.45,5.2,108887.28,149.43,W01,W09,10,COMPLIANT
MAT_038,Nomex Honeycomb Structural Core 1/8,SUP_008,Taiwan Micro-Silicon Ltd,PLANT_03,Monterrey Global Production Hub,W09,118,152.45,5.4,18615.26,149.43,W01,W09,10,SUB_MOQ_VIOLATION
MAT_039,Basalt Fiber High-Temp Insulation Roll,SUP_003,Nippon Advanced Metallurgy,PLANT_01,Detroit Advanced Assembly Hub,W09,1355,183.62,5.1,255640.11,194.42,W03,W09,6,COMPLIANT
MAT_039,Basalt Fiber High-Temp Insulation Roll,SUP_003,Nippon Advanced Metallurgy,PLANT_02,Munich Engineering Works,W09,1293,183.62,6.5,245796.64,194.42,W02,W09,7,COMPLIANT
MAT_039,Basalt Fiber High-Temp Insulation Roll,SUP_003,Nippon Advanced Metallurgy,PLANT_03,Monterrey Global Production Hub,W09,1271,183.62,5.3,240070.09,194.42,W02,W09,7,COMPLIANT
MAT_039,Basalt Fiber High-Temp Insulation Roll,SUP_003,Nippon Advanced Metallurgy,PLANT_04,Tokyo Precision Facility,W09,651,183.62,0.45,119884.79,194.42,W05,W09,4,SUB_MOQ_VIOLATION
MAT_039,Basalt Fiber High-Temp Insulation Roll,SUP_003,Nippon Advanced Metallurgy,PLANT_05,Chennai Industrial Complex,W09,1533,183.62,3.6,286952.09,194.42,W03,W09,6,COMPLIANT
MAT_039,Basalt Fiber High-Temp Insulation Roll,SUP_006,Saigon Composite Solutions,PLANT_02,Munich Engineering Works,W09,426,193.95,7.7,85812.16,194.42,W01,W09,9,COMPLIANT
MAT_039,Basalt Fiber High-Temp Insulation Roll,SUP_006,Saigon Composite Solutions,PLANT_03,Monterrey Global Production Hub,W09,684,193.95,6.6,137226.34,194.42,W01,W09,9,COMPLIANT
MAT_039,Basalt Fiber High-Temp Insulation Roll,SUP_006,Saigon Composite Solutions,PLANT_04,Tokyo Precision Facility,W09,351,193.95,1.85,68667.06,194.42,W02,W09,7,COMPLIANT
MAT_039,Basalt Fiber High-Temp Insulation Roll,SUP_006,Saigon Composite Solutions,PLANT_05,Chennai Industrial Complex,W09,825,193.95,2.1,161800.06,194.42,W02,W09,7,COMPLIANT
MAT_039,Basalt Fiber High-Temp Insulation Roll,SUP_008,Taiwan Micro-Silicon Ltd,PLANT_01,Detroit Advanced Assembly Hub,W09,729,198.21,5.2,148367.25,194.42,W01,W09,8,SUB_MOQ_VIOLATION
MAT_039,Basalt Fiber High-Temp Insulation Roll,SUP_008,Taiwan Micro-Silicon Ltd,PLANT_02,Munich Engineering Works,W09,271,198.21,6.5,55394.53,194.42,W01,W09,8,SUB_MOQ_VIOLATION
MAT_040,High-Modulus Epoxy Resin Infusion Matrix,SUP_003,Nippon Advanced Metallurgy,PLANT_01,Detroit Advanced Assembly Hub,W09,443,140.07,5.1,64327.73,141.81,W01,W09,8,SUB_MOQ_VIOLATION
MAT_040,High-Modulus Epoxy Resin Infusion Matrix,SUP_003,Nippon Advanced Metallurgy,PLANT_02,Munich Engineering Works,W09,637,140.07,6.5,93341.64,141.81,W01,W09,9,SUB_MOQ_VIOLATION
MAT_040,High-Modulus Epoxy Resin Infusion Matrix,SUP_003,Nippon Advanced Metallurgy,PLANT_03,Monterrey Global Production Hub,W09,694,140.07,5.3,100924.58,141.81,W01,W09,9,SUB_MOQ_VIOLATION
MAT_040,High-Modulus Epoxy Resin Infusion Matrix,SUP_003,Nippon Advanced Metallurgy,PLANT_04,Tokyo Precision Facility,W09,440,140.07,0.45,61859.71,141.81,W03,W09,6,SUB_MOQ_VIOLATION
MAT_040,High-Modulus Epoxy Resin Infusion Matrix,SUP_003,Nippon Advanced Metallurgy,PLANT_05,Chennai Industrial Complex,W09,496,140.07,3.6,71245.95,141.81,W01,W09,8,SUB_MOQ_VIOLATION
MAT_040,High-Modulus Epoxy Resin Infusion Matrix,SUP_006,Saigon Composite Solutions,PLANT_02,Munich Engineering Works,W09,32,140.83,7.7,4758.9,141.81,W03,W09,6,SUB_MOQ_VIOLATION
MAT_040,High-Modulus Epoxy Resin Infusion Matrix,SUP_006,Saigon Composite Solutions,PLANT_03,Monterrey Global Production Hub,W09,503,140.83,6.6,74118.96,141.81,W03,W09,6,SUB_MOQ_VIOLATION
MAT_040,High-Modulus Epoxy Resin Infusion Matrix,SUP_006,Saigon Composite Solutions,PLANT_04,Tokyo Precision Facility,W09,319,140.83,1.85,45483.53,141.81,W05,W09,4,SUB_MOQ_VIOLATION
MAT_040,High-Modulus Epoxy Resin Infusion Matrix,SUP_006,Saigon Composite Solutions,PLANT_05,Chennai Industrial Complex,W09,359,140.83,2.1,51326.16,141.81,W05,W09,4,SUB_MOQ_VIOLATION
MAT_040,High-Modulus Epoxy Resin Infusion Matrix,SUP_008,Taiwan Micro-Silicon Ltd,PLANT_01,Detroit Advanced Assembly Hub,W09,321,148.12,5.2,49197.32,141.81,W03,W09,6,SUB_MOQ_VIOLATION
MAT_040,High-Modulus Epoxy Resin Infusion Matrix,SUP_008,Taiwan Micro-Silicon Ltd,PLANT_02,Munich Engineering Works,W09,429,148.12,6.5,66350.53,141.81,W03,W09,6,SUB_MOQ_VIOLATION
MAT_001,High-Tensile Structural Steel I-Beam,SUP_001,Apex Precision Metals GmbH,PLANT_02,Munich Engineering Works,W10,444,17.91,0.45,8156.8,18.41,W05,W10,5,SUB_MOQ_VIOLATION
MAT_001,High-Tensile Structural Steel I-Beam,SUP_001,Apex Precision Metals GmbH,PLANT_05,Chennai Industrial Complex,W10,419,17.91,5.1,9637.05,18.41,W03,W10,7,SUB_MOQ_VIOLATION
MAT_001,High-Tensile Structural Steel I-Beam,SUP_002,Vanguard Industrial Dynamics,PLANT_01,Detroit Advanced Assembly Hub,W10,581,18.86,0.5,11246.03,18.41,W07,W10,3,COMPLIANT
MAT_001,High-Tensile Structural Steel I-Beam,SUP_002,Vanguard Industrial Dynamics,PLANT_02,Munich Engineering Works,W10,143,18.86,3.5,3191.0,18.41,W05,W10,5,SUB_MOQ_VIOLATION
MAT_001,High-Tensile Structural Steel I-Beam,SUP_002,Vanguard Industrial Dynamics,PLANT_03,Monterrey Global Production Hub,W10,554,18.86,1.6,11341.39,18.41,W07,W10,3,COMPLIANT
MAT_001,High-Tensile Structural Steel I-Beam,SUP_002,Vanguard Industrial Dynamics,PLANT_04,Tokyo Precision Facility,W10,361,18.86,6.2,9051.67,18.41,W04,W10,6,COMPLIANT
MAT_001,High-Tensile Structural Steel I-Beam,SUP_005,MexSteel & Polymer Fabrica,PLANT_01,Detroit Advanced Assembly Hub,W10,286,18.64,1.7,5819.48,18.41,W06,W10,4,SUB_MOQ_VIOLATION
MAT_001,High-Tensile Structural Steel I-Beam,SUP_005,MexSteel & Polymer Fabrica,PLANT_03,Monterrey Global Production Hub,W10,798,18.64,0.45,15227.71,18.41,W06,W10,4,COMPLIANT
MAT_001,High-Tensile Structural Steel I-Beam,SUP_007,Bharat Precision Engineering,PLANT_02,Munich Engineering Works,W10,166,20.15,5.05,4183.7,18.41,W02,W10,8,SUB_MOQ_VIOLATION
MAT_001,High-Tensile Structural Steel I-Beam,SUP_007,Bharat Precision Engineering,PLANT_04,Tokyo Precision Facility,W10,479,20.15,3.65,11395.44,18.41,W02,W10,8,SUB_MOQ_VIOLATION
MAT_001,High-Tensile Structural Steel I-Beam,SUP_007,Bharat Precision Engineering,PLANT_05,Chennai Industrial Complex,W10,555,20.15,0.45,11436.71,18.41,W04,W10,6,SUB_MOQ_VIOLATION
MAT_002,Cold-Rolled Carbon Steel Sheet 2mm,SUP_001,Apex Precision Metals GmbH,PLANT_02,Munich Engineering Works,W10,473,8.77,0.45,4364.38,8.89,W03,W10,7,SUB_MOQ_VIOLATION
MAT_002,Cold-Rolled Carbon Steel Sheet 2mm,SUP_001,Apex Precision Metals GmbH,PLANT_05,Chennai Industrial Complex,W10,775,8.77,5.1,10752.02,8.89,W01,W10,9,COMPLIANT
MAT_002,Cold-Rolled Carbon Steel Sheet 2mm,SUP_002,Vanguard Industrial Dynamics,PLANT_01,Detroit Advanced Assembly Hub,W10,1316,8.92,0.5,12394.84,8.89,W06,W10,4,COMPLIANT
MAT_002,Cold-Rolled Carbon Steel Sheet 2mm,SUP_002,Vanguard Industrial Dynamics,PLANT_02,Munich Engineering Works,W10,303,8.92,3.5,3758.79,8.89,W04,W10,6,SUB_MOQ_VIOLATION
MAT_002,Cold-Rolled Carbon Steel Sheet 2mm,SUP_002,Vanguard Industrial Dynamics,PLANT_03,Monterrey Global Production Hub,W10,656,8.92,1.6,6896.81,8.89,W06,W10,4,SUB_MOQ_VIOLATION
MAT_002,Cold-Rolled Carbon Steel Sheet 2mm,SUP_002,Vanguard Industrial Dynamics,PLANT_04,Tokyo Precision Facility,W10,760,8.92,6.2,11489.69,8.89,W03,W10,7,SUB_MOQ_VIOLATION
MAT_002,Cold-Rolled Carbon Steel Sheet 2mm,SUP_005,MexSteel & Polymer Fabrica,PLANT_01,Detroit Advanced Assembly Hub,W10,877,9.48,1.7,9807.1,8.89,W05,W10,5,COMPLIANT
MAT_002,Cold-Rolled Carbon Steel Sheet 2mm,SUP_005,MexSteel & Polymer Fabrica,PLANT_03,Monterrey Global Production Hub,W10,943,9.48,0.45,9368.06,8.89,W05,W10,5,COMPLIANT
MAT_002,Cold-Rolled Carbon Steel Sheet 2mm,SUP_007,Bharat Precision Engineering,PLANT_04,Tokyo Precision Facility,W10,1475,9.39,3.65,19235.3,8.89,W02,W10,8,COMPLIANT
MAT_002,Cold-Rolled Carbon Steel Sheet 2mm,SUP_007,Bharat Precision Engineering,PLANT_05,Chennai Industrial Complex,W10,1505,9.39,0.45,14807.23,8.89,W04,W10,6,COMPLIANT
MAT_003,Austenitic Stainless Steel 316L Plate,SUP_001,Apex Precision Metals GmbH,PLANT_02,Munich Engineering Works,W10,748,12.58,0.45,9742.79,12.76,W06,W10,4,COMPLIANT
MAT_003,Austenitic Stainless Steel 316L Plate,SUP_001,Apex Precision Metals GmbH,PLANT_05,Chennai Industrial Complex,W10,361,12.58,5.1,6388.67,12.76,W04,W10,6,SUB_MOQ_VIOLATION
MAT_003,Austenitic Stainless Steel 316L Plate,SUP_002,Vanguard Industrial Dynamics,PLANT_01,Detroit Advanced Assembly Hub,W10,1172,13.05,0.5,15886.02,12.76,W06,W10,4,COMPLIANT
MAT_003,Austenitic Stainless Steel 316L Plate,SUP_002,Vanguard Industrial Dynamics,PLANT_02,Munich Engineering Works,W10,368,13.05,3.5,6095.03,12.76,W04,W10,6,COMPLIANT
MAT_003,Austenitic Stainless Steel 316L Plate,SUP_002,Vanguard Industrial Dynamics,PLANT_03,Monterrey Global Production Hub,W10,289,13.05,1.6,4238.83,12.76,W06,W10,4,COMPLIANT
MAT_003,Austenitic Stainless Steel 316L Plate,SUP_002,Vanguard Industrial Dynamics,PLANT_04,Tokyo Precision Facility,W10,391,13.05,6.2,7527.71,12.76,W03,W10,7,COMPLIANT
MAT_003,Austenitic Stainless Steel 316L Plate,SUP_005,MexSteel & Polymer Fabrica,PLANT_01,Detroit Advanced Assembly Hub,W10,782,13.6,1.7,11958.48,12.76,W05,W10,5,COMPLIANT
MAT_003,Austenitic Stainless Steel 316L Plate,SUP_005,MexSteel & Polymer Fabrica,PLANT_03,Monterrey Global Production Hub,W10,562,13.6,0.45,7891.32,12.76,W05,W10,5,COMPLIANT
MAT_003,Austenitic Stainless Steel 316L Plate,SUP_007,Bharat Precision Engineering,PLANT_04,Tokyo Precision Facility,W10,794,13.69,3.65,13767.09,12.76,W02,W10,8,COMPLIANT
MAT_003,Austenitic Stainless Steel 316L Plate,SUP_007,Bharat Precision Engineering,PLANT_05,Chennai Industrial Complex,W10,734,13.69,0.45,10373.81,12.76,W04,W10,6,COMPLIANT
MAT_004,Galvanized Structural Angle Steel,SUP_001,Apex Precision Metals GmbH,PLANT_02,Munich Engineering Works,W10,960,11.45,0.45,11424.59,11.96,W06,W10,4,COMPLIANT
MAT_004,Galvanized Structural Angle Steel,SUP_001,Apex Precision Metals GmbH,PLANT_05,Chennai Industrial Complex,W10,321,11.45,5.1,5312.55,11.96,W04,W10,6,SUB_MOQ_VIOLATION
MAT_004,Galvanized Structural Angle Steel,SUP_002,Vanguard Industrial Dynamics,PLANT_01,Detroit Advanced Assembly Hub,W10,563,11.89,0.5,6981.15,11.96,W07,W10,3,SUB_MOQ_VIOLATION
MAT_004,Galvanized Structural Angle Steel,SUP_002,Vanguard Industrial Dynamics,PLANT_02,Munich Engineering Works,W10,517,11.89,3.5,7955.86,11.96,W05,W10,5,SUB_MOQ_VIOLATION
MAT_004,Galvanized Structural Angle Steel,SUP_002,Vanguard Industrial Dynamics,PLANT_03,Monterrey Global Production Hub,W10,438,11.89,1.6,5906.6,11.96,W07,W10,3,SUB_MOQ_VIOLATION
MAT_004,Galvanized Structural Angle Steel,SUP_002,Vanguard Industrial Dynamics,PLANT_04,Tokyo Precision Facility,W10,514,11.89,6.2,9289.22,11.96,W04,W10,6,SUB_MOQ_VIOLATION
MAT_004,Galvanized Structural Angle Steel,SUP_005,MexSteel & Polymer Fabrica,PLANT_01,Detroit Advanced Assembly Hub,W10,392,12.54,1.7,5575.67,11.96,W03,W10,7,SUB_MOQ_VIOLATION
MAT_004,Galvanized Structural Angle Steel,SUP_005,MexSteel & Polymer Fabrica,PLANT_03,Monterrey Global Production Hub,W10,535,12.54,0.45,6951.6,11.96,W03,W10,7,SUB_MOQ_VIOLATION
MAT_004,Galvanized Structural Angle Steel,SUP_005,MexSteel & Polymer Fabrica,PLANT_04,Tokyo Precision Facility,W10,73,12.54,6.45,1391.97,11.96,W01,W10,10,SUB_MOQ_VIOLATION
MAT_004,Galvanized Structural Angle Steel,SUP_007,Bharat Precision Engineering,PLANT_04,Tokyo Precision Facility,W10,1369,13.19,3.65,23057.33,11.96,W04,W10,6,COMPLIANT
MAT_004,Galvanized Structural Angle Steel,SUP_007,Bharat Precision Engineering,PLANT_05,Chennai Industrial Complex,W10,749,13.19,0.45,10216.36,11.96,W06,W10,4,SUB_MOQ_VIOLATION
MAT_005,Hardox 450 Wear-Resistant Steel,SUP_001,Apex Precision Metals GmbH,PLANT_01,Detroit Advanced Assembly Hub,W10,882,18.57,3.4,19369.63,19.92,W03,W10,7,SUB_MOQ_VIOLATION
MAT_005,Hardox 450 Wear-Resistant Steel,SUP_001,Apex Precision Metals GmbH,PLANT_02,Munich Engineering Works,W10,1778,18.57,0.45,33820.98,19.92,W04,W10,6,COMPLIANT
MAT_005,Hardox 450 Wear-Resistant Steel,SUP_001,Apex Precision Metals GmbH,PLANT_04,Tokyo Precision Facility,W10,640,18.57,7.6,16752.73,19.92,W01,W10,9,SUB_MOQ_VIOLATION
MAT_005,Hardox 450 Wear-Resistant Steel,SUP_001,Apex Precision Metals GmbH,PLANT_05,Chennai Industrial Complex,W10,679,18.57,5.1,16062.23,19.92,W02,W10,8,SUB_MOQ_VIOLATION
MAT_005,Hardox 450 Wear-Resistant Steel,SUP_002,Vanguard Industrial Dynamics,PLANT_01,Detroit Advanced Assembly Hub,W10,1567,19.84,0.5,31880.1,19.92,W07,W10,3,COMPLIANT
MAT_005,Hardox 450 Wear-Resistant Steel,SUP_002,Vanguard Industrial Dynamics,PLANT_02,Munich Engineering Works,W10,876,19.84,3.5,20441.64,19.92,W05,W10,5,SUB_MOQ_VIOLATION
MAT_005,Hardox 450 Wear-Resistant Steel,SUP_002,Vanguard Industrial Dynamics,PLANT_03,Monterrey Global Production Hub,W10,741,19.84,1.6,15890.9,19.92,W07,W10,3,SUB_MOQ_VIOLATION
MAT_005,Hardox 450 Wear-Resistant Steel,SUP_005,MexSteel & Polymer Fabrica,PLANT_03,Monterrey Global Production Hub,W10,1505,20.42,0.45,31405.59,19.92,W07,W10,3,COMPLIANT
MAT_005,Hardox 450 Wear-Resistant Steel,SUP_007,Bharat Precision Engineering,PLANT_04,Tokyo Precision Facility,W10,1425,21.74,3.65,36176.94,19.92,W03,W10,7,COMPLIANT
MAT_005,Hardox 450 Wear-Resistant Steel,SUP_007,Bharat Precision Engineering,PLANT_05,Chennai Industrial Complex,W10,1510,21.74,0.45,33516.0,19.92,W05,W10,5,COMPLIANT
MAT_006,Aerospace Grade 7075-T6 Billet,SUP_001,Apex Precision Metals GmbH,PLANT_01,Detroit Advanced Assembly Hub,W10,1070,36.46,3.4,42668.54,37.01,W04,W10,6,SUB_MOQ_VIOLATION
MAT_006,Aerospace Grade 7075-T6 Billet,SUP_001,Apex Precision Metals GmbH,PLANT_02,Munich Engineering Works,W10,508,36.46,0.45,18766.52,37.01,W05,W10,5,SUB_MOQ_VIOLATION
MAT_006,Aerospace Grade 7075-T6 Billet,SUP_001,Apex Precision Metals GmbH,PLANT_03,Monterrey Global Production Hub,W10,581,36.46,4.8,23972.06,37.01,W03,W10,7,SUB_MOQ_VIOLATION
MAT_006,Aerospace Grade 7075-T6 Billet,SUP_001,Apex Precision Metals GmbH,PLANT_04,Tokyo Precision Facility,W10,1105,36.46,7.6,48677.49,37.01,W02,W10,8,SUB_MOQ_VIOLATION
MAT_006,Aerospace Grade 7075-T6 Billet,SUP_001,Apex Precision Metals GmbH,PLANT_05,Chennai Industrial Complex,W10,709,36.46,5.1,29474.35,37.01,W03,W10,7,SUB_MOQ_VIOLATION
MAT_006,Aerospace Grade 7075-T6 Billet,SUP_003,Nippon Advanced Metallurgy,PLANT_02,Munich Engineering Works,W10,384,37.9,6.5,17030.06,37.01,W02,W10,8,SUB_MOQ_VIOLATION
MAT_006,Aerospace Grade 7075-T6 Billet,SUP_003,Nippon Advanced Metallurgy,PLANT_04,Tokyo Precision Facility,W10,1657,37.9,0.45,63553.62,37.01,W05,W10,5,COMPLIANT
MAT_006,Aerospace Grade 7075-T6 Billet,SUP_003,Nippon Advanced Metallurgy,PLANT_05,Chennai Industrial Complex,W10,1064,37.9,3.6,44147.7,37.01,W03,W10,7,SUB_MOQ_VIOLATION
MAT_006,Aerospace Grade 7075-T6 Billet,SUP_005,MexSteel & Polymer Fabrica,PLANT_01,Detroit Advanced Assembly Hub,W10,808,38.93,1.7,32810.35,37.01,W06,W10,4,SUB_MOQ_VIOLATION
MAT_006,Aerospace Grade 7075-T6 Billet,SUP_005,MexSteel & Polymer Fabrica,PLANT_03,Monterrey Global Production Hub,W10,1079,38.93,0.45,42491.02,37.01,W06,W10,4,SUB_MOQ_VIOLATION
MAT_007,Structural Aluminum 6061-T6 Extrusion,SUP_001,Apex Precision Metals GmbH,PLANT_01,Detroit Advanced Assembly Hub,W10,1483,43.44,3.4,69450.14,44.33,W04,W10,6,COMPLIANT
MAT_007,Structural Aluminum 6061-T6 Extrusion,SUP_001,Apex Precision Metals GmbH,PLANT_02,Munich Engineering Works,W10,494,43.44,0.45,21672.44,44.33,W05,W10,5,SUB_MOQ_VIOLATION
MAT_007,Structural Aluminum 6061-T6 Extrusion,SUP_001,Apex Precision Metals GmbH,PLANT_03,Monterrey Global Production Hub,W10,503,43.44,4.8,24279.19,44.33,W03,W10,7,SUB_MOQ_VIOLATION
MAT_007,Structural Aluminum 6061-T6 Extrusion,SUP_001,Apex Precision Metals GmbH,PLANT_04,Tokyo Precision Facility,W10,830,43.44,7.6,42373.41,44.33,W02,W10,8,COMPLIANT
MAT_007,Structural Aluminum 6061-T6 Extrusion,SUP_001,Apex Precision Metals GmbH,PLANT_05,Chennai Industrial Complex,W10,761,43.44,5.1,36934.09,44.33,W03,W10,7,COMPLIANT
MAT_007,Structural Aluminum 6061-T6 Extrusion,SUP_003,Nippon Advanced Metallurgy,PLANT_02,Munich Engineering Works,W10,243,44.61,6.5,12430.46,44.33,W01,W10,9,SUB_MOQ_VIOLATION
MAT_007,Structural Aluminum 6061-T6 Extrusion,SUP_003,Nippon Advanced Metallurgy,PLANT_04,Tokyo Precision Facility,W10,1542,44.61,0.45,69473.51,44.33,W04,W10,6,COMPLIANT
MAT_007,Structural Aluminum 6061-T6 Extrusion,SUP_003,Nippon Advanced Metallurgy,PLANT_05,Chennai Industrial Complex,W10,1413,44.61,3.6,68125.55,44.33,W02,W10,8,COMPLIANT
MAT_007,Structural Aluminum 6061-T6 Extrusion,SUP_005,MexSteel & Polymer Fabrica,PLANT_01,Detroit Advanced Assembly Hub,W10,730,46.13,1.7,34929.77,44.33,W07,W10,3,COMPLIANT
MAT_007,Structural Aluminum 6061-T6 Extrusion,SUP_005,MexSteel & Polymer Fabrica,PLANT_03,Monterrey Global Production Hub,W10,935,46.13,0.45,43538.33,44.33,W07,W10,3,COMPLIANT
MAT_008,Marine Grade 5083-H116 Plate,SUP_001,Apex Precision Metals GmbH,PLANT_01,Detroit Advanced Assembly Hub,W10,442,15.98,3.4,8567.12,16.96,W06,W10,4,COMPLIANT
MAT_008,Marine Grade 5083-H116 Plate,SUP_001,Apex Precision Metals GmbH,PLANT_02,Munich Engineering Works,W10,879,15.98,0.45,14434.41,16.96,W07,W10,3,COMPLIANT
MAT_008,Marine Grade 5083-H116 Plate,SUP_001,Apex Precision Metals GmbH,PLANT_04,Tokyo Precision Facility,W10,350,15.98,7.6,8251.11,16.96,W04,W10,6,COMPLIANT
MAT_008,Marine Grade 5083-H116 Plate,SUP_001,Apex Precision Metals GmbH,PLANT_05,Chennai Industrial Complex,W10,476,15.98,5.1,10039.98,16.96,W05,W10,5,COMPLIANT
MAT_008,Marine Grade 5083-H116 Plate,SUP_003,Nippon Advanced Metallurgy,PLANT_04,Tokyo Precision Facility,W10,622,17.32,0.45,11054.36,16.96,W04,W10,6,COMPLIANT
MAT_008,Marine Grade 5083-H116 Plate,SUP_003,Nippon Advanced Metallurgy,PLANT_05,Chennai Industrial Complex,W10,847,17.32,3.6,17713.38,16.96,W02,W10,8,COMPLIANT
MAT_008,Marine Grade 5083-H116 Plate,SUP_005,MexSteel & Polymer Fabrica,PLANT_01,Detroit Advanced Assembly Hub,W10,271,17.33,1.7,5155.99,16.96,W04,W10,6,SUB_MOQ_VIOLATION
MAT_008,Marine Grade 5083-H116 Plate,SUP_005,MexSteel & Polymer Fabrica,PLANT_02,Munich Engineering Works,W10,538,17.33,4.9,11969.97,16.96,W02,W10,8,SUB_MOQ_VIOLATION
MAT_008,Marine Grade 5083-H116 Plate,SUP_005,MexSteel & Polymer Fabrica,PLANT_03,Monterrey Global Production Hub,W10,516,17.33,0.45,9171.81,16.96,W04,W10,6,SUB_MOQ_VIOLATION
MAT_008,Marine Grade 5083-H116 Plate,SUP_012,Monterrey Die & Mold S.A.,PLANT_03,Monterrey Global Production Hub,W10,389,18.51,0.45,7378.28,16.96,W04,W10,6,COMPLIANT
MAT_009,Die-Cast Aluminum A380 Ingot,SUP_001,Apex Precision Metals GmbH,PLANT_01,Detroit Advanced Assembly Hub,W10,775,27.55,3.4,23982.23,28.35,W06,W10,4,SUB_MOQ_VIOLATION
MAT_009,Die-Cast Aluminum A380 Ingot,SUP_001,Apex Precision Metals GmbH,PLANT_02,Munich Engineering Works,W10,1237,27.55,0.45,34640.76,28.35,W07,W10,3,COMPLIANT
MAT_009,Die-Cast Aluminum A380 Ingot,SUP_001,Apex Precision Metals GmbH,PLANT_03,Monterrey Global Production Hub,W10,707,27.55,4.8,22867.57,28.35,W05,W10,5,SUB_MOQ_VIOLATION
MAT_009,Die-Cast Aluminum A380 Ingot,SUP_001,Apex Precision Metals GmbH,PLANT_04,Tokyo Precision Facility,W10,257,27.55,7.6,9047.61,28.35,W04,W10,6,SUB_MOQ_VIOLATION
MAT_009,Die-Cast Aluminum A380 Ingot,SUP_001,Apex Precision Metals GmbH,PLANT_05,Chennai Industrial Complex,W10,743,27.55,5.1,24272.01,28.35,W05,W10,5,SUB_MOQ_VIOLATION
MAT_009,Die-Cast Aluminum A380 Ingot,SUP_003,Nippon Advanced Metallurgy,PLANT_02,Munich Engineering Works,W10,556,27.71,6.5,19014.94,28.35,W01,W10,9,COMPLIANT
MAT_009,Die-Cast Aluminum A380 Ingot,SUP_003,Nippon Advanced Metallurgy,PLANT_04,Tokyo Precision Facility,W10,601,27.71,0.45,16912.9,28.35,W04,W10,6,COMPLIANT
MAT_009,Die-Cast Aluminum A380 Ingot,SUP_003,Nippon Advanced Metallurgy,PLANT_05,Chennai Industrial Complex,W10,1735,27.71,3.6,54310.33,28.35,W02,W10,8,COMPLIANT
MAT_009,Die-Cast Aluminum A380 Ingot,SUP_005,MexSteel & Polymer Fabrica,PLANT_01,Detroit Advanced Assembly Hub,W10,348,29.65,1.7,10913.88,28.35,W03,W10,7,SUB_MOQ_VIOLATION
MAT_009,Die-Cast Aluminum A380 Ingot,SUP_005,MexSteel & Polymer Fabrica,PLANT_03,Monterrey Global Production Hub,W10,1502,29.65,0.45,45213.81,28.35,W03,W10,7,COMPLIANT
MAT_010,Alloy 2024-T3 Precision Sheet,SUP_001,Apex Precision Metals GmbH,PLANT_01,Detroit Advanced Assembly Hub,W10,1608,14.39,3.4,28601.87,15.01,W05,W10,5,COMPLIANT
MAT_010,Alloy 2024-T3 Precision Sheet,SUP_001,Apex Precision Metals GmbH,PLANT_02,Munich Engineering Works,W10,1234,14.39,0.45,18307.96,15.01,W06,W10,4,COMPLIANT
MAT_010,Alloy 2024-T3 Precision Sheet,SUP_001,Apex Precision Metals GmbH,PLANT_04,Tokyo Precision Facility,W10,321,14.39,7.6,7053.51,15.01,W03,W10,7,SUB_MOQ_VIOLATION
MAT_010,Alloy 2024-T3 Precision Sheet,SUP_001,Apex Precision Metals GmbH,PLANT_05,Chennai Industrial Complex,W10,926,14.39,5.1,18043.06,15.01,W04,W10,6,COMPLIANT
MAT_010,Alloy 2024-T3 Precision Sheet,SUP_003,Nippon Advanced Metallurgy,PLANT_04,Tokyo Precision Facility,W10,408,15.26,0.45,6413.45,15.01,W06,W10,4,SUB_MOQ_VIOLATION
MAT_010,Alloy 2024-T3 Precision Sheet,SUP_003,Nippon Advanced Metallurgy,PLANT_05,Chennai Industrial Complex,W10,1178,15.26,3.6,22221.61,15.01,W04,W10,6,COMPLIANT
MAT_010,Alloy 2024-T3 Precision Sheet,SUP_005,MexSteel & Polymer Fabrica,PLANT_01,Detroit Advanced Assembly Hub,W10,1117,15.42,1.7,19127.32,15.01,W05,W10,5,COMPLIANT
MAT_010,Alloy 2024-T3 Precision Sheet,SUP_005,MexSteel & Polymer Fabrica,PLANT_02,Munich Engineering Works,W10,789,15.42,4.9,16034.51,15.01,W03,W10,7,COMPLIANT
MAT_010,Alloy 2024-T3 Precision Sheet,SUP_005,MexSteel & Polymer Fabrica,PLANT_03,Monterrey Global Production Hub,W10,735,15.42,0.45,11667.78,15.01,W05,W10,5,SUB_MOQ_VIOLATION
MAT_010,Alloy 2024-T3 Precision Sheet,SUP_012,Monterrey Die & Mold S.A.,PLANT_02,Munich Engineering Works,W10,68,15.89,4.9,1418.09,15.01,W02,W10,8,SUB_MOQ_VIOLATION
MAT_010,Alloy 2024-T3 Precision Sheet,SUP_012,Monterrey Die & Mold S.A.,PLANT_03,Monterrey Global Production Hub,W10,432,15.89,0.45,7055.45,15.01,W04,W10,6,SUB_MOQ_VIOLATION
MAT_011,Engineered Polyamide PA66-GF30 Resin,SUP_002,Vanguard Industrial Dynamics,PLANT_01,Detroit Advanced Assembly Hub,W10,1452,10.91,0.5,16565.04,11.68,W05,W10,5,COMPLIANT
MAT_011,Engineered Polyamide PA66-GF30 Resin,SUP_002,Vanguard Industrial Dynamics,PLANT_02,Munich Engineering Works,W10,681,10.91,3.5,9809.75,11.68,W03,W10,7,SUB_MOQ_VIOLATION
MAT_011,Engineered Polyamide PA66-GF30 Resin,SUP_002,Vanguard Industrial Dynamics,PLANT_03,Monterrey Global Production Hub,W10,876,10.91,1.6,10958.26,11.68,W05,W10,5,SUB_MOQ_VIOLATION
MAT_011,Engineered Polyamide PA66-GF30 Resin,SUP_002,Vanguard Industrial Dynamics,PLANT_05,Chennai Industrial Complex,W10,415,10.91,6.4,7175.48,11.68,W02,W10,8,SUB_MOQ_VIOLATION
MAT_011,Engineered Polyamide PA66-GF30 Resin,SUP_004,Hansol High-Tech Components,PLANT_02,Munich Engineering Works,W10,435,11.47,6.55,7843.02,11.68,W01,W10,9,SUB_MOQ_VIOLATION
MAT_011,Engineered Polyamide PA66-GF30 Resin,SUP_004,Hansol High-Tech Components,PLANT_04,Tokyo Precision Facility,W10,1537,11.47,0.85,18931.4,11.68,W04,W10,6,COMPLIANT
MAT_011,Engineered Polyamide PA66-GF30 Resin,SUP_004,Hansol High-Tech Components,PLANT_05,Chennai Industrial Complex,W10,1589,11.47,3.55,23868.58,11.68,W02,W10,8,COMPLIANT
MAT_011,Engineered Polyamide PA66-GF30 Resin,SUP_005,MexSteel & Polymer Fabrica,PLANT_01,Detroit Advanced Assembly Hub,W10,928,12.28,1.7,12976.24,11.68,W04,W10,6,SUB_MOQ_VIOLATION
MAT_011,Engineered Polyamide PA66-GF30 Resin,SUP_005,MexSteel & Polymer Fabrica,PLANT_03,Monterrey Global Production Hub,W10,560,12.28,0.45,7129.31,11.68,W04,W10,6,SUB_MOQ_VIOLATION
MAT_011,Engineered Polyamide PA66-GF30 Resin,SUP_006,Saigon Composite Solutions,PLANT_04,Tokyo Precision Facility,W10,864,12.47,1.85,12377.64,11.68,W03,W10,7,SUB_MOQ_VIOLATION
MAT_011,Engineered Polyamide PA66-GF30 Resin,SUP_006,Saigon Composite Solutions,PLANT_05,Chennai Industrial Complex,W10,479,12.47,2.1,6984.16,11.68,W03,W10,7,SUB_MOQ_VIOLATION
MAT_012,High-Density Polyethylene HDPE Copolymer,SUP_002,Vanguard Industrial Dynamics,PLANT_01,Detroit Advanced Assembly Hub,W10,781,18.72,0.5,15002.75,19.14,W04,W10,6,COMPLIANT
MAT_012,High-Density Polyethylene HDPE Copolymer,SUP_002,Vanguard Industrial Dynamics,PLANT_02,Munich Engineering Works,W10,463,18.72,3.5,10277.19,19.14,W02,W10,8,SUB_MOQ_VIOLATION
MAT_012,High-Density Polyethylene HDPE Copolymer,SUP_002,Vanguard Industrial Dynamics,PLANT_03,Monterrey Global Production Hub,W10,359,18.72,1.6,7292.85,19.14,W04,W10,6,SUB_MOQ_VIOLATION
MAT_012,High-Density Polyethylene HDPE Copolymer,SUP_002,Vanguard Industrial Dynamics,PLANT_05,Chennai Industrial Complex,W10,99,18.72,6.4,2490.95,19.14,W01,W10,9,SUB_MOQ_VIOLATION
MAT_012,High-Density Polyethylene HDPE Copolymer,SUP_004,Hansol High-Tech Components,PLANT_04,Tokyo Precision Facility,W10,440,18.6,0.85,8557.22,19.14,W04,W10,6,SUB_MOQ_VIOLATION
MAT_012,High-Density Polyethylene HDPE Copolymer,SUP_004,Hansol High-Tech Components,PLANT_05,Chennai Industrial Complex,W10,778,18.6,3.55,17230.93,19.14,W02,W10,8,COMPLIANT
MAT_012,High-Density Polyethylene HDPE Copolymer,SUP_005,MexSteel & Polymer Fabrica,PLANT_01,Detroit Advanced Assembly Hub,W10,478,20.39,1.7,10568.3,19.14,W03,W10,7,SUB_MOQ_VIOLATION
MAT_012,High-Density Polyethylene HDPE Copolymer,SUP_005,MexSteel & Polymer Fabrica,PLANT_02,Munich Engineering Works,W10,283,20.39,4.9,7169.21,19.14,W01,W10,9,SUB_MOQ_VIOLATION
MAT_012,High-Density Polyethylene HDPE Copolymer,SUP_005,MexSteel & Polymer Fabrica,PLANT_03,Monterrey Global Production Hub,W10,438,20.39,0.45,9130.0,19.14,W03,W10,7,SUB_MOQ_VIOLATION
MAT_012,High-Density Polyethylene HDPE Copolymer,SUP_006,Saigon Composite Solutions,PLANT_04,Tokyo Precision Facility,W10,207,20.75,1.85,4679.1,19.14,W06,W10,4,SUB_MOQ_VIOLATION
MAT_012,High-Density Polyethylene HDPE Copolymer,SUP_006,Saigon Composite Solutions,PLANT_05,Chennai Industrial Complex,W10,267,20.75,2.1,6099.08,19.14,W06,W10,4,COMPLIANT
MAT_013,Polycarbonate Optical-Grade Pellets,SUP_002,Vanguard Industrial Dynamics,PLANT_01,Detroit Advanced Assembly Hub,W10,388,6.41,0.5,2681.22,6.69,W05,W10,5,COMPLIANT
MAT_013,Polycarbonate Optical-Grade Pellets,SUP_002,Vanguard Industrial Dynamics,PLANT_02,Munich Engineering Works,W10,814,6.41,3.5,8069.91,6.69,W03,W10,7,COMPLIANT
MAT_013,Polycarbonate Optical-Grade Pellets,SUP_002,Vanguard Industrial Dynamics,PLANT_03,Monterrey Global Production Hub,W10,559,6.41,1.6,4478.55,6.69,W05,W10,5,COMPLIANT
MAT_013,Polycarbonate Optical-Grade Pellets,SUP_002,Vanguard Industrial Dynamics,PLANT_05,Chennai Industrial Complex,W10,366,6.41,6.4,4694.52,6.69,W02,W10,8,COMPLIANT
MAT_013,Polycarbonate Optical-Grade Pellets,SUP_004,Hansol High-Tech Components,PLANT_04,Tokyo Precision Facility,W10,972,6.62,0.85,7257.1,6.69,W05,W10,5,SUB_MOQ_VIOLATION
MAT_013,Polycarbonate Optical-Grade Pellets,SUP_004,Hansol High-Tech Components,PLANT_05,Chennai Industrial Complex,W10,1390,6.62,3.55,14132.03,6.69,W03,W10,7,COMPLIANT
MAT_013,Polycarbonate Optical-Grade Pellets,SUP_005,MexSteel & Polymer Fabrica,PLANT_01,Detroit Advanced Assembly Hub,W10,281,6.86,1.7,2405.19,6.69,W04,W10,6,COMPLIANT
MAT_013,Polycarbonate Optical-Grade Pellets,SUP_005,MexSteel & Polymer Fabrica,PLANT_02,Munich Engineering Works,W10,590,6.86,4.9,6934.64,6.69,W02,W10,8,COMPLIANT
MAT_013,Polycarbonate Optical-Grade Pellets,SUP_005,MexSteel & Polymer Fabrica,PLANT_03,Monterrey Global Production Hub,W10,405,6.86,0.45,2959.67,6.69,W04,W10,6,COMPLIANT
MAT_013,Polycarbonate Optical-Grade Pellets,SUP_006,Saigon Composite Solutions,PLANT_04,Tokyo Precision Facility,W10,478,7.43,1.85,4440.48,6.69,W05,W10,5,SUB_MOQ_VIOLATION
MAT_013,Polycarbonate Optical-Grade Pellets,SUP_006,Saigon Composite Solutions,PLANT_05,Chennai Industrial Complex,W10,318,7.43,2.1,3030.03,6.69,W05,W10,5,SUB_MOQ_VIOLATION
MAT_014,Polyether Ether Ketone PEEK Polymer,SUP_002,Vanguard Industrial Dynamics,PLANT_01,Detroit Advanced Assembly Hub,W10,446,10.82,0.5,5043.06,11.17,W06,W10,4,COMPLIANT
MAT_014,Polyether Ether Ketone PEEK Polymer,SUP_002,Vanguard Industrial Dynamics,PLANT_02,Munich Engineering Works,W10,1064,10.82,3.5,15232.18,11.17,W04,W10,6,COMPLIANT
MAT_014,Polyether Ether Ketone PEEK Polymer,SUP_002,Vanguard Industrial Dynamics,PLANT_03,Monterrey Global Production Hub,W10,1400,10.82,1.6,17384.9,11.17,W06,W10,4,COMPLIANT
MAT_014,Polyether Ether Ketone PEEK Polymer,SUP_002,Vanguard Industrial Dynamics,PLANT_05,Chennai Industrial Complex,W10,473,10.82,6.4,8146.85,11.17,W03,W10,7,COMPLIANT
MAT_014,Polyether Ether Ketone PEEK Polymer,SUP_004,Hansol High-Tech Components,PLANT_04,Tokyo Precision Facility,W10,1062,10.94,0.85,12515.67,11.17,W04,W10,6,COMPLIANT
MAT_014,Polyether Ether Ketone PEEK Polymer,SUP_004,Hansol High-Tech Components,PLANT_05,Chennai Industrial Complex,W10,1346,10.94,3.55,19498.9,11.17,W02,W10,8,COMPLIANT
MAT_014,Polyether Ether Ketone PEEK Polymer,SUP_005,MexSteel & Polymer Fabrica,PLANT_01,Detroit Advanced Assembly Hub,W10,364,11.43,1.7,4785.88,11.17,W05,W10,5,SUB_MOQ_VIOLATION
MAT_014,Polyether Ether Ketone PEEK Polymer,SUP_005,MexSteel & Polymer Fabrica,PLANT_02,Munich Engineering Works,W10,870,11.43,4.9,14212.0,11.17,W03,W10,7,COMPLIANT
MAT_014,Polyether Ether Ketone PEEK Polymer,SUP_005,MexSteel & Polymer Fabrica,PLANT_03,Monterrey Global Production Hub,W10,1145,11.43,0.45,13605.57,11.17,W05,W10,5,COMPLIANT
MAT_014,Polyether Ether Ketone PEEK Polymer,SUP_006,Saigon Composite Solutions,PLANT_04,Tokyo Precision Facility,W10,623,12.23,1.85,8778.18,11.17,W05,W10,5,COMPLIANT
MAT_014,Polyether Ether Ketone PEEK Polymer,SUP_006,Saigon Composite Solutions,PLANT_05,Chennai Industrial Complex,W10,317,12.23,2.1,4545.71,11.17,W05,W10,5,COMPLIANT
MAT_015,Thermoplastic Polyurethane TPU Elastomer,SUP_002,Vanguard Industrial Dynamics,PLANT_01,Detroit Advanced Assembly Hub,W10,1355,21.33,0.5,29583.14,22.9,W03,W10,7,COMPLIANT
MAT_015,Thermoplastic Polyurethane TPU Elastomer,SUP_002,Vanguard Industrial Dynamics,PLANT_02,Munich Engineering Works,W10,508,21.33,3.5,12609.67,22.9,W01,W10,9,SUB_MOQ_VIOLATION
MAT_015,Thermoplastic Polyurethane TPU Elastomer,SUP_002,Vanguard Industrial Dynamics,PLANT_03,Monterrey Global Production Hub,W10,936,21.33,1.6,21454.23,22.9,W03,W10,7,COMPLIANT
MAT_015,Thermoplastic Polyurethane TPU Elastomer,SUP_002,Vanguard Industrial Dynamics,PLANT_04,Tokyo Precision Facility,W10,241,21.33,6.2,6631.98,22.9,W01,W10,10,SUB_MOQ_VIOLATION
MAT_015,Thermoplastic Polyurethane TPU Elastomer,SUP_002,Vanguard Industrial Dynamics,PLANT_05,Chennai Industrial Complex,W10,436,21.33,6.4,12088.34,22.9,W01,W10,10,SUB_MOQ_VIOLATION
MAT_015,Thermoplastic Polyurethane TPU Elastomer,SUP_004,Hansol High-Tech Components,PLANT_04,Tokyo Precision Facility,W10,489,22.76,0.85,11547.65,22.9,W07,W10,3,SUB_MOQ_VIOLATION
MAT_015,Thermoplastic Polyurethane TPU Elastomer,SUP_004,Hansol High-Tech Components,PLANT_05,Chennai Industrial Complex,W10,885,22.76,3.55,23286.19,22.9,W05,W10,5,COMPLIANT
MAT_015,Thermoplastic Polyurethane TPU Elastomer,SUP_005,MexSteel & Polymer Fabrica,PLANT_01,Detroit Advanced Assembly Hub,W10,609,23.46,1.7,15318.41,22.9,W03,W10,7,SUB_MOQ_VIOLATION
MAT_015,Thermoplastic Polyurethane TPU Elastomer,SUP_005,MexSteel & Polymer Fabrica,PLANT_02,Munich Engineering Works,W10,228,23.46,4.9,6470.62,22.9,W01,W10,9,SUB_MOQ_VIOLATION
MAT_015,Thermoplastic Polyurethane TPU Elastomer,SUP_005,MexSteel & Polymer Fabrica,PLANT_03,Monterrey Global Production Hub,W10,420,23.46,0.45,10050.81,22.9,W03,W10,7,SUB_MOQ_VIOLATION
MAT_016,Quad-Core Embedded Controller SoC,SUP_003,Nippon Advanced Metallurgy,PLANT_01,Detroit Advanced Assembly Hub,W10,1625,212.57,5.1,353659.33,227.56,W05,W10,5,COMPLIANT
MAT_016,Quad-Core Embedded Controller SoC,SUP_003,Nippon Advanced Metallurgy,PLANT_02,Munich Engineering Works,W10,1561,212.57,6.5,341990.18,227.56,W04,W10,6,COMPLIANT
MAT_016,Quad-Core Embedded Controller SoC,SUP_003,Nippon Advanced Metallurgy,PLANT_03,Monterrey Global Production Hub,W10,1796,212.57,5.3,391207.37,227.56,W04,W10,6,COMPLIANT
MAT_016,Quad-Core Embedded Controller SoC,SUP_003,Nippon Advanced Metallurgy,PLANT_04,Tokyo Precision Facility,W10,702,212.57,0.45,149574.12,227.56,W07,W10,3,SUB_MOQ_VIOLATION
MAT_016,Quad-Core Embedded Controller SoC,SUP_003,Nippon Advanced Metallurgy,PLANT_05,Chennai Industrial Complex,W10,860,212.57,3.6,185966.73,227.56,W05,W10,5,COMPLIANT
MAT_016,Quad-Core Embedded Controller SoC,SUP_004,Hansol High-Tech Components,PLANT_01,Detroit Advanced Assembly Hub,W10,800,222.17,5.15,181912.83,227.56,W01,W10,9,COMPLIANT
MAT_016,Quad-Core Embedded Controller SoC,SUP_004,Hansol High-Tech Components,PLANT_02,Munich Engineering Works,W10,769,222.17,6.55,175862.81,227.56,W01,W10,9,COMPLIANT
MAT_016,Quad-Core Embedded Controller SoC,SUP_004,Hansol High-Tech Components,PLANT_03,Monterrey Global Production Hub,W10,884,222.17,5.35,201218.69,227.56,W01,W10,9,COMPLIANT
MAT_016,Quad-Core Embedded Controller SoC,SUP_004,Hansol High-Tech Components,PLANT_04,Tokyo Precision Facility,W10,346,222.17,0.85,77129.24,227.56,W04,W10,6,SUB_MOQ_VIOLATION
MAT_016,Quad-Core Embedded Controller SoC,SUP_004,Hansol High-Tech Components,PLANT_05,Chennai Industrial Complex,W10,424,222.17,3.55,95642.08,227.56,W02,W10,8,SUB_MOQ_VIOLATION
MAT_017,Industrial Power Management Module,SUP_003,Nippon Advanced Metallurgy,PLANT_01,Detroit Advanced Assembly Hub,W10,776,113.98,5.1,92391.79,118.85,W01,W10,9,SUB_MOQ_VIOLATION
MAT_017,Industrial Power Management Module,SUP_003,Nippon Advanced Metallurgy,PLANT_02,Munich Engineering Works,W10,861,113.98,6.5,103718.82,118.85,W01,W10,10,SUB_MOQ_VIOLATION
MAT_017,Industrial Power Management Module,SUP_003,Nippon Advanced Metallurgy,PLANT_03,Monterrey Global Production Hub,W10,1184,113.98,5.3,141213.21,118.85,W01,W10,10,COMPLIANT
MAT_017,Industrial Power Management Module,SUP_003,Nippon Advanced Metallurgy,PLANT_04,Tokyo Precision Facility,W10,964,113.98,0.45,110260.17,118.85,W03,W10,7,SUB_MOQ_VIOLATION
MAT_017,Industrial Power Management Module,SUP_003,Nippon Advanced Metallurgy,PLANT_05,Chennai Industrial Complex,W10,1710,113.98,3.6,201085.32,118.85,W01,W10,9,COMPLIANT
MAT_017,Industrial Power Management Module,SUP_004,Hansol High-Tech Components,PLANT_01,Detroit Advanced Assembly Hub,W10,365,121.21,5.15,46136.56,118.85,W02,W10,8,COMPLIANT
MAT_017,Industrial Power Management Module,SUP_004,Hansol High-Tech Components,PLANT_02,Munich Engineering Works,W10,405,121.21,6.55,51758.13,118.85,W02,W10,8,COMPLIANT
MAT_017,Industrial Power Management Module,SUP_004,Hansol High-Tech Components,PLANT_03,Monterrey Global Production Hub,W10,557,121.21,5.35,70509.11,118.85,W02,W10,8,COMPLIANT
MAT_017,Industrial Power Management Module,SUP_004,Hansol High-Tech Components,PLANT_04,Tokyo Precision Facility,W10,453,121.21,0.85,55346.89,118.85,W05,W10,5,COMPLIANT
MAT_017,Industrial Power Management Module,SUP_004,Hansol High-Tech Components,PLANT_05,Chennai Industrial Complex,W10,805,121.21,3.55,100406.85,118.85,W03,W10,7,COMPLIANT
MAT_018,Multi-Layer High-Frequency PCB Array,SUP_003,Nippon Advanced Metallurgy,PLANT_01,Detroit Advanced Assembly Hub,W10,822,230.16,5.1,193491.94,242.4,W04,W10,6,SUB_MOQ_VIOLATION
MAT_018,Multi-Layer High-Frequency PCB Array,SUP_003,Nippon Advanced Metallurgy,PLANT_02,Munich Engineering Works,W10,1314,230.16,6.5,310954.67,242.4,W03,W10,7,COMPLIANT
MAT_018,Multi-Layer High-Frequency PCB Array,SUP_003,Nippon Advanced Metallurgy,PLANT_03,Monterrey Global Production Hub,W10,547,230.16,5.3,128780.14,242.4,W03,W10,7,SUB_MOQ_VIOLATION
MAT_018,Multi-Layer High-Frequency PCB Array,SUP_003,Nippon Advanced Metallurgy,PLANT_04,Tokyo Precision Facility,W10,645,230.16,0.45,148849.53,242.4,W06,W10,4,SUB_MOQ_VIOLATION
MAT_018,Multi-Layer High-Frequency PCB Array,SUP_003,Nippon Advanced Metallurgy,PLANT_05,Chennai Industrial Complex,W10,1181,230.16,3.6,276112.64,242.4,W04,W10,6,COMPLIANT
MAT_018,Multi-Layer High-Frequency PCB Array,SUP_004,Hansol High-Tech Components,PLANT_01,Detroit Advanced Assembly Hub,W10,572,239.2,5.15,139655.8,242.4,W02,W10,8,SUB_MOQ_VIOLATION
MAT_018,Multi-Layer High-Frequency PCB Array,SUP_004,Hansol High-Tech Components,PLANT_02,Munich Engineering Works,W10,913,239.2,6.55,224386.95,242.4,W02,W10,8,SUB_MOQ_VIOLATION
MAT_018,Multi-Layer High-Frequency PCB Array,SUP_004,Hansol High-Tech Components,PLANT_03,Monterrey Global Production Hub,W10,380,239.2,5.35,92946.12,242.4,W02,W10,8,SUB_MOQ_VIOLATION
MAT_018,Multi-Layer High-Frequency PCB Array,SUP_004,Hansol High-Tech Components,PLANT_04,Tokyo Precision Facility,W10,449,239.2,0.85,107672.03,242.4,W05,W10,5,SUB_MOQ_VIOLATION
MAT_018,Multi-Layer High-Frequency PCB Array,SUP_004,Hansol High-Tech Components,PLANT_05,Chennai Industrial Complex,W10,821,239.2,3.55,199254.06,242.4,W03,W10,7,SUB_MOQ_VIOLATION
MAT_019,Precision MEMS IMU Sensor Package,SUP_003,Nippon Advanced Metallurgy,PLANT_01,Detroit Advanced Assembly Hub,W10,1453,307.13,5.1,453557.79,316.16,W02,W10,8,COMPLIANT
MAT_019,Precision MEMS IMU Sensor Package,SUP_003,Nippon Advanced Metallurgy,PLANT_02,Munich Engineering Works,W10,1221,307.13,6.5,382879.5,316.16,W01,W10,9,COMPLIANT
MAT_019,Precision MEMS IMU Sensor Package,SUP_003,Nippon Advanced Metallurgy,PLANT_03,Monterrey Global Production Hub,W10,1350,307.13,5.3,421830.49,316.16,W01,W10,9,COMPLIANT
MAT_019,Precision MEMS IMU Sensor Package,SUP_003,Nippon Advanced Metallurgy,PLANT_04,Tokyo Precision Facility,W10,1094,307.13,0.45,336394.09,316.16,W04,W10,6,COMPLIANT
MAT_019,Precision MEMS IMU Sensor Package,SUP_003,Nippon Advanced Metallurgy,PLANT_05,Chennai Industrial Complex,W10,573,307.13,3.6,178185.01,316.16,W02,W10,8,SUB_MOQ_VIOLATION
MAT_019,Precision MEMS IMU Sensor Package,SUP_004,Hansol High-Tech Components,PLANT_01,Detroit Advanced Assembly Hub,W10,1141,310.88,5.15,360704.0,316.16,W02,W10,8,COMPLIANT
MAT_019,Precision MEMS IMU Sensor Package,SUP_004,Hansol High-Tech Components,PLANT_02,Munich Engineering Works,W10,959,310.88,6.55,304478.86,316.16,W02,W10,8,COMPLIANT
MAT_019,Precision MEMS IMU Sensor Package,SUP_004,Hansol High-Tech Components,PLANT_03,Monterrey Global Production Hub,W10,1061,310.88,5.35,335469.43,316.16,W02,W10,8,COMPLIANT
MAT_019,Precision MEMS IMU Sensor Package,SUP_004,Hansol High-Tech Components,PLANT_04,Tokyo Precision Facility,W10,859,310.88,0.85,267875.82,316.16,W05,W10,5,COMPLIANT
MAT_019,Precision MEMS IMU Sensor Package,SUP_004,Hansol High-Tech Components,PLANT_05,Chennai Industrial Complex,W10,451,310.88,3.55,141669.58,316.16,W03,W10,7,SUB_MOQ_VIOLATION
MAT_020,Fiber-Optic Gigabit Transceiver Subassembly,SUP_003,Nippon Advanced Metallurgy,PLANT_01,Detroit Advanced Assembly Hub,W10,1282,44.87,5.1,64080.53,47.18,W03,W10,7,COMPLIANT
MAT_020,Fiber-Optic Gigabit Transceiver Subassembly,SUP_003,Nippon Advanced Metallurgy,PLANT_02,Munich Engineering Works,W10,703,44.87,6.5,36111.06,47.18,W02,W10,8,SUB_MOQ_VIOLATION
MAT_020,Fiber-Optic Gigabit Transceiver Subassembly,SUP_003,Nippon Advanced Metallurgy,PLANT_03,Monterrey Global Production Hub,W10,1177,44.87,5.3,59041.06,47.18,W02,W10,8,COMPLIANT
MAT_020,Fiber-Optic Gigabit Transceiver Subassembly,SUP_003,Nippon Advanced Metallurgy,PLANT_04,Tokyo Precision Facility,W10,1036,44.87,0.45,46972.37,47.18,W05,W10,5,COMPLIANT
MAT_020,Fiber-Optic Gigabit Transceiver Subassembly,SUP_003,Nippon Advanced Metallurgy,PLANT_05,Chennai Industrial Complex,W10,1284,44.87,3.6,62213.18,47.18,W03,W10,7,COMPLIANT
MAT_020,Fiber-Optic Gigabit Transceiver Subassembly,SUP_004,Hansol High-Tech Components,PLANT_01,Detroit Advanced Assembly Hub,W10,929,47.81,5.15,49179.72,47.18,W04,W10,6,COMPLIANT
MAT_020,Fiber-Optic Gigabit Transceiver Subassembly,SUP_004,Hansol High-Tech Components,PLANT_02,Munich Engineering Works,W10,509,47.81,6.55,27671.41,47.18,W04,W10,6,SUB_MOQ_VIOLATION
MAT_020,Fiber-Optic Gigabit Transceiver Subassembly,SUP_004,Hansol High-Tech Components,PLANT_03,Monterrey Global Production Hub,W10,852,47.81,5.35,45301.89,47.18,W04,W10,6,COMPLIANT
MAT_020,Fiber-Optic Gigabit Transceiver Subassembly,SUP_004,Hansol High-Tech Components,PLANT_04,Tokyo Precision Facility,W10,751,47.81,0.85,36521.28,47.18,W07,W10,3,COMPLIANT
MAT_020,Fiber-Optic Gigabit Transceiver Subassembly,SUP_004,Hansol High-Tech Components,PLANT_05,Chennai Industrial Complex,W10,929,47.81,3.55,47737.07,47.18,W05,W10,5,COMPLIANT
MAT_021,Angular Contact Spindle Bearing 7008,SUP_003,Nippon Advanced Metallurgy,PLANT_01,Detroit Advanced Assembly Hub,W10,850,116.17,5.1,103063.73,120.34,W01,W10,9,SUB_MOQ_VIOLATION
MAT_021,Angular Contact Spindle Bearing 7008,SUP_003,Nippon Advanced Metallurgy,PLANT_02,Munich Engineering Works,W10,1196,116.17,6.5,146766.07,120.34,W01,W10,10,SUB_MOQ_VIOLATION
MAT_021,Angular Contact Spindle Bearing 7008,SUP_003,Nippon Advanced Metallurgy,PLANT_03,Monterrey Global Production Hub,W10,365,116.17,5.3,44381.49,120.34,W01,W10,10,SUB_MOQ_VIOLATION
MAT_021,Angular Contact Spindle Bearing 7008,SUP_003,Nippon Advanced Metallurgy,PLANT_04,Tokyo Precision Facility,W10,1241,116.17,0.45,144712.59,120.34,W03,W10,7,COMPLIANT
MAT_021,Angular Contact Spindle Bearing 7008,SUP_003,Nippon Advanced Metallurgy,PLANT_05,Chennai Industrial Complex,W10,551,116.17,3.6,65947.76,120.34,W01,W10,9,SUB_MOQ_VIOLATION
MAT_021,Angular Contact Spindle Bearing 7008,SUP_011,Shinshu Bearing & Motion Systems,PLANT_01,Detroit Advanced Assembly Hub,W10,641,118.13,5.1,79006.45,120.34,W03,W10,7,COMPLIANT
MAT_021,Angular Contact Spindle Bearing 7008,SUP_011,Shinshu Bearing & Motion Systems,PLANT_02,Munich Engineering Works,W10,903,118.13,6.5,112487.3,120.34,W02,W10,8,COMPLIANT
MAT_021,Angular Contact Spindle Bearing 7008,SUP_011,Shinshu Bearing & Motion Systems,PLANT_03,Monterrey Global Production Hub,W10,276,118.13,5.3,34021.01,120.34,W02,W10,8,SUB_MOQ_VIOLATION
MAT_021,Angular Contact Spindle Bearing 7008,SUP_011,Shinshu Bearing & Motion Systems,PLANT_04,Tokyo Precision Facility,W10,936,118.13,0.45,111003.92,120.34,W05,W10,5,COMPLIANT
MAT_021,Angular Contact Spindle Bearing 7008,SUP_011,Shinshu Bearing & Motion Systems,PLANT_05,Chennai Industrial Complex,W10,415,118.13,3.6,50564.21,120.34,W03,W10,7,SUB_MOQ_VIOLATION
MAT_022,Double-Row Tapered Roller Bearing,SUP_003,Nippon Advanced Metallurgy,PLANT_01,Detroit Advanced Assembly Hub,W10,984,103.66,5.1,107074.22,106.66,W02,W10,8,COMPLIANT
MAT_022,Double-Row Tapered Roller Bearing,SUP_003,Nippon Advanced Metallurgy,PLANT_02,Munich Engineering Works,W10,1051,103.66,6.5,115783.67,106.66,W01,W10,9,COMPLIANT
MAT_022,Double-Row Tapered Roller Bearing,SUP_003,Nippon Advanced Metallurgy,PLANT_03,Monterrey Global Production Hub,W10,1492,103.66,5.3,162584.66,106.66,W01,W10,9,COMPLIANT
MAT_022,Double-Row Tapered Roller Bearing,SUP_003,Nippon Advanced Metallurgy,PLANT_04,Tokyo Precision Facility,W10,424,103.66,0.45,44090.58,106.66,W04,W10,6,SUB_MOQ_VIOLATION
MAT_022,Double-Row Tapered Roller Bearing,SUP_003,Nippon Advanced Metallurgy,PLANT_05,Chennai Industrial Complex,W10,1248,103.66,3.6,133855.12,106.66,W02,W10,8,COMPLIANT
MAT_022,Double-Row Tapered Roller Bearing,SUP_011,Shinshu Bearing & Motion Systems,PLANT_01,Detroit Advanced Assembly Hub,W10,806,105.28,5.1,88911.09,106.66,W02,W10,8,SUB_MOQ_VIOLATION
MAT_022,Double-Row Tapered Roller Bearing,SUP_011,Shinshu Bearing & Motion Systems,PLANT_02,Munich Engineering Works,W10,860,105.28,6.5,96125.21,106.66,W01,W10,9,SUB_MOQ_VIOLATION
MAT_022,Double-Row Tapered Roller Bearing,SUP_011,Shinshu Bearing & Motion Systems,PLANT_03,Monterrey Global Production Hub,W10,1221,105.28,5.3,135001.59,106.66,W01,W10,9,COMPLIANT
MAT_022,Double-Row Tapered Roller Bearing,SUP_011,Shinshu Bearing & Motion Systems,PLANT_04,Tokyo Precision Facility,W10,346,105.28,0.45,36635.44,106.66,W04,W10,6,SUB_MOQ_VIOLATION
MAT_022,Double-Row Tapered Roller Bearing,SUP_011,Shinshu Bearing & Motion Systems,PLANT_05,Chennai Industrial Complex,W10,1021,105.28,3.6,111171.92,106.66,W02,W10,8,COMPLIANT
MAT_023,Deep-Groove Ceramic Hybrid Bearing,SUP_003,Nippon Advanced Metallurgy,PLANT_01,Detroit Advanced Assembly Hub,W10,1501,57.2,5.1,93491.12,61.21,W04,W10,6,COMPLIANT
MAT_023,Deep-Groove Ceramic Hybrid Bearing,SUP_003,Nippon Advanced Metallurgy,PLANT_02,Munich Engineering Works,W10,1269,57.2,6.5,80863.97,61.21,W03,W10,7,COMPLIANT
MAT_023,Deep-Groove Ceramic Hybrid Bearing,SUP_003,Nippon Advanced Metallurgy,PLANT_03,Monterrey Global Production Hub,W10,1040,57.2,5.3,64968.75,61.21,W03,W10,7,COMPLIANT
MAT_023,Deep-Groove Ceramic Hybrid Bearing,SUP_003,Nippon Advanced Metallurgy,PLANT_04,Tokyo Precision Facility,W10,1622,57.2,0.45,93486.39,61.21,W06,W10,4,COMPLIANT
MAT_023,Deep-Groove Ceramic Hybrid Bearing,SUP_003,Nippon Advanced Metallurgy,PLANT_05,Chennai Industrial Complex,W10,1324,57.2,3.6,80515.01,61.21,W04,W10,6,COMPLIANT
MAT_023,Deep-Groove Ceramic Hybrid Bearing,SUP_011,Shinshu Bearing & Motion Systems,PLANT_01,Detroit Advanced Assembly Hub,W10,881,60.49,5.1,57807.09,61.21,W05,W10,5,COMPLIANT
MAT_023,Deep-Groove Ceramic Hybrid Bearing,SUP_011,Shinshu Bearing & Motion Systems,PLANT_02,Munich Engineering Works,W10,746,60.49,6.5,49944.39,61.21,W04,W10,6,COMPLIANT
MAT_023,Deep-Groove Ceramic Hybrid Bearing,SUP_011,Shinshu Bearing & Motion Systems,PLANT_03,Monterrey Global Production Hub,W10,610,60.49,5.3,40164.8,61.21,W04,W10,6,COMPLIANT
MAT_023,Deep-Groove Ceramic Hybrid Bearing,SUP_011,Shinshu Bearing & Motion Systems,PLANT_04,Tokyo Precision Facility,W10,952,60.49,0.45,58038.04,61.21,W07,W10,3,COMPLIANT
MAT_023,Deep-Groove Ceramic Hybrid Bearing,SUP_011,Shinshu Bearing & Motion Systems,PLANT_05,Chennai Industrial Complex,W10,778,60.49,3.6,49845.36,61.21,W05,W10,5,COMPLIANT
MAT_024,Sealed Spherical Roller Bearing 22210,SUP_003,Nippon Advanced Metallurgy,PLANT_01,Detroit Advanced Assembly Hub,W10,1251,37.17,5.1,52879.77,37.75,W01,W10,9,COMPLIANT
MAT_024,Sealed Spherical Roller Bearing 22210,SUP_003,Nippon Advanced Metallurgy,PLANT_02,Munich Engineering Works,W10,488,37.17,6.5,21328.43,37.75,W01,W10,10,SUB_MOQ_VIOLATION
MAT_024,Sealed Spherical Roller Bearing 22210,SUP_003,Nippon Advanced Metallurgy,PLANT_03,Monterrey Global Production Hub,W10,643,37.17,5.3,27316.7,37.75,W01,W10,10,SUB_MOQ_VIOLATION
MAT_024,Sealed Spherical Roller Bearing 22210,SUP_003,Nippon Advanced Metallurgy,PLANT_04,Tokyo Precision Facility,W10,1145,37.17,0.45,43089.95,37.75,W03,W10,7,COMPLIANT
MAT_024,Sealed Spherical Roller Bearing 22210,SUP_003,Nippon Advanced Metallurgy,PLANT_05,Chennai Industrial Complex,W10,1416,37.17,3.6,57730.32,37.75,W01,W10,9,COMPLIANT
MAT_024,Sealed Spherical Roller Bearing 22210,SUP_011,Shinshu Bearing & Motion Systems,PLANT_01,Detroit Advanced Assembly Hub,W10,834,38.02,5.1,35962.08,37.75,W05,W10,5,SUB_MOQ_VIOLATION
MAT_024,Sealed Spherical Roller Bearing 22210,SUP_011,Shinshu Bearing & Motion Systems,PLANT_02,Munich Engineering Works,W10,326,38.02,6.5,14495.71,37.75,W04,W10,6,SUB_MOQ_VIOLATION
MAT_024,Sealed Spherical Roller Bearing 22210,SUP_011,Shinshu Bearing & Motion Systems,PLANT_03,Monterrey Global Production Hub,W10,429,38.02,5.3,18575.62,37.75,W04,W10,6,SUB_MOQ_VIOLATION
MAT_024,Sealed Spherical Roller Bearing 22210,SUP_011,Shinshu Bearing & Motion Systems,PLANT_04,Tokyo Precision Facility,W10,764,38.02,0.45,29375.69,37.75,W07,W10,3,SUB_MOQ_VIOLATION
MAT_024,Sealed Spherical Roller Bearing 22210,SUP_011,Shinshu Bearing & Motion Systems,PLANT_05,Chennai Industrial Complex,W10,944,38.02,3.6,39289.28,37.75,W05,W10,5,SUB_MOQ_VIOLATION
MAT_025,High-Speed Miniature Precision Bearing,SUP_003,Nippon Advanced Metallurgy,PLANT_01,Detroit Advanced Assembly Hub,W10,1042,131.11,5.1,141876.34,139.57,W02,W10,8,COMPLIANT
MAT_025,High-Speed Miniature Precision Bearing,SUP_003,Nippon Advanced Metallurgy,PLANT_02,Munich Engineering Works,W10,1595,131.11,6.5,219523.73,139.57,W01,W10,9,COMPLIANT
MAT_025,High-Speed Miniature Precision Bearing,SUP_003,Nippon Advanced Metallurgy,PLANT_03,Monterrey Global Production Hub,W10,1331,131.11,5.3,181580.81,139.57,W01,W10,9,COMPLIANT
MAT_025,High-Speed Miniature Precision Bearing,SUP_003,Nippon Advanced Metallurgy,PLANT_04,Tokyo Precision Facility,W10,1034,131.11,0.45,136054.09,139.57,W04,W10,6,COMPLIANT
MAT_025,High-Speed Miniature Precision Bearing,SUP_003,Nippon Advanced Metallurgy,PLANT_05,Chennai Industrial Complex,W10,978,131.11,3.6,131724.83,139.57,W02,W10,8,SUB_MOQ_VIOLATION
MAT_025,High-Speed Miniature Precision Bearing,SUP_011,Shinshu Bearing & Motion Systems,PLANT_01,Detroit Advanced Assembly Hub,W10,638,135.66,5.1,89861.18,139.57,W03,W10,7,SUB_MOQ_VIOLATION
MAT_025,High-Speed Miniature Precision Bearing,SUP_011,Shinshu Bearing & Motion Systems,PLANT_02,Munich Engineering Works,W10,978,135.66,6.5,138995.52,139.57,W02,W10,8,COMPLIANT
MAT_025,High-Speed Miniature Precision Bearing,SUP_011,Shinshu Bearing & Motion Systems,PLANT_03,Monterrey Global Production Hub,W10,816,135.66,5.3,115003.63,139.57,W02,W10,8,COMPLIANT
MAT_025,High-Speed Miniature Precision Bearing,SUP_011,Shinshu Bearing & Motion Systems,PLANT_04,Tokyo Precision Facility,W10,634,135.66,0.45,86271.96,139.57,W05,W10,5,SUB_MOQ_VIOLATION
MAT_025,High-Speed Miniature Precision Bearing,SUP_011,Shinshu Bearing & Motion Systems,PLANT_05,Chennai Industrial Complex,W10,982,135.66,3.6,136775.6,139.57,W03,W10,7,COMPLIANT
MAT_026,Proportional Electro-Hydraulic Valve,SUP_001,Apex Precision Metals GmbH,PLANT_01,Detroit Advanced Assembly Hub,W10,1019,185.93,3.4,192951.88,194.59,W05,W10,5,SUB_MOQ_VIOLATION
MAT_026,Proportional Electro-Hydraulic Valve,SUP_001,Apex Precision Metals GmbH,PLANT_02,Munich Engineering Works,W10,1568,185.93,0.45,292184.2,194.59,W06,W10,4,COMPLIANT
MAT_026,Proportional Electro-Hydraulic Valve,SUP_001,Apex Precision Metals GmbH,PLANT_03,Monterrey Global Production Hub,W10,1090,185.93,4.8,207933.85,194.59,W04,W10,6,SUB_MOQ_VIOLATION
MAT_026,Proportional Electro-Hydraulic Valve,SUP_001,Apex Precision Metals GmbH,PLANT_04,Tokyo Precision Facility,W10,1130,185.93,7.6,218731.48,194.59,W03,W10,7,SUB_MOQ_VIOLATION
MAT_026,Proportional Electro-Hydraulic Valve,SUP_001,Apex Precision Metals GmbH,PLANT_05,Chennai Industrial Complex,W10,610,185.93,5.1,116520.66,194.59,W04,W10,6,SUB_MOQ_VIOLATION
MAT_026,Proportional Electro-Hydraulic Valve,SUP_009,EuroHydraulics SpA,PLANT_01,Detroit Advanced Assembly Hub,W10,458,198.4,3.4,92398.17,194.59,W06,W10,4,COMPLIANT
MAT_026,Proportional Electro-Hydraulic Valve,SUP_009,EuroHydraulics SpA,PLANT_02,Munich Engineering Works,W10,704,198.4,0.45,140054.03,194.59,W07,W10,3,COMPLIANT
MAT_026,Proportional Electro-Hydraulic Valve,SUP_009,EuroHydraulics SpA,PLANT_03,Monterrey Global Production Hub,W10,490,198.4,4.8,99527.36,194.59,W05,W10,5,COMPLIANT
MAT_026,Proportional Electro-Hydraulic Valve,SUP_009,EuroHydraulics SpA,PLANT_04,Tokyo Precision Facility,W10,508,198.4,7.6,104602.68,194.59,W04,W10,6,COMPLIANT
MAT_026,Proportional Electro-Hydraulic Valve,SUP_009,EuroHydraulics SpA,PLANT_05,Chennai Industrial Complex,W10,274,198.4,5.1,55767.14,194.59,W05,W10,5,COMPLIANT
MAT_027,Double-Acting Heavy Cylinder 3000 PSI,SUP_001,Apex Precision Metals GmbH,PLANT_01,Detroit Advanced Assembly Hub,W10,735,95.5,3.4,72661.83,100.71,W04,W10,6,SUB_MOQ_VIOLATION
MAT_027,Double-Acting Heavy Cylinder 3000 PSI,SUP_001,Apex Precision Metals GmbH,PLANT_02,Munich Engineering Works,W10,1702,95.5,0.45,163297.31,100.71,W05,W10,5,COMPLIANT
MAT_027,Double-Acting Heavy Cylinder 3000 PSI,SUP_001,Apex Precision Metals GmbH,PLANT_03,Monterrey Global Production Hub,W10,962,95.5,4.8,96512.67,100.71,W03,W10,7,SUB_MOQ_VIOLATION
MAT_027,Double-Acting Heavy Cylinder 3000 PSI,SUP_001,Apex Precision Metals GmbH,PLANT_04,Tokyo Precision Facility,W10,696,95.5,7.6,71720.48,100.71,W02,W10,8,SUB_MOQ_VIOLATION
MAT_027,Double-Acting Heavy Cylinder 3000 PSI,SUP_001,Apex Precision Metals GmbH,PLANT_05,Chennai Industrial Complex,W10,1178,95.5,5.1,118506.8,100.71,W03,W10,7,COMPLIANT
MAT_027,Double-Acting Heavy Cylinder 3000 PSI,SUP_009,EuroHydraulics SpA,PLANT_01,Detroit Advanced Assembly Hub,W10,450,98.17,3.4,45736.97,100.71,W03,W10,7,COMPLIANT
MAT_027,Double-Acting Heavy Cylinder 3000 PSI,SUP_009,EuroHydraulics SpA,PLANT_02,Munich Engineering Works,W10,1043,98.17,0.45,102870.52,100.71,W04,W10,6,COMPLIANT
MAT_027,Double-Acting Heavy Cylinder 3000 PSI,SUP_009,EuroHydraulics SpA,PLANT_03,Monterrey Global Production Hub,W10,590,98.17,4.8,60727.59,100.71,W02,W10,8,COMPLIANT
MAT_027,Double-Acting Heavy Cylinder 3000 PSI,SUP_007,Bharat Precision Engineering,PLANT_04,Tokyo Precision Facility,W10,426,101.87,3.65,44989.51,100.71,W01,W10,9,SUB_MOQ_VIOLATION
MAT_027,Double-Acting Heavy Cylinder 3000 PSI,SUP_007,Bharat Precision Engineering,PLANT_05,Chennai Industrial Complex,W10,722,101.87,0.45,73875.04,100.71,W03,W10,7,COMPLIANT
MAT_028,Variable Displacement Piston Pump Core,SUP_001,Apex Precision Metals GmbH,PLANT_01,Detroit Advanced Assembly Hub,W10,669,99.77,3.4,68977.4,102.24,W02,W10,8,SUB_MOQ_VIOLATION
MAT_028,Variable Displacement Piston Pump Core,SUP_001,Apex Precision Metals GmbH,PLANT_02,Munich Engineering Works,W10,918,99.77,0.45,92007.97,102.24,W03,W10,7,COMPLIANT
MAT_028,Variable Displacement Piston Pump Core,SUP_001,Apex Precision Metals GmbH,PLANT_03,Monterrey Global Production Hub,W10,1445,99.77,4.8,151076.46,102.24,W01,W10,9,COMPLIANT
MAT_028,Variable Displacement Piston Pump Core,SUP_001,Apex Precision Metals GmbH,PLANT_04,Tokyo Precision Facility,W10,1348,99.77,7.6,144775.56,102.24,W01,W10,10,COMPLIANT
MAT_028,Variable Displacement Piston Pump Core,SUP_001,Apex Precision Metals GmbH,PLANT_05,Chennai Industrial Complex,W10,439,99.77,5.1,46027.44,102.24,W01,W10,9,SUB_MOQ_VIOLATION
MAT_028,Variable Displacement Piston Pump Core,SUP_009,EuroHydraulics SpA,PLANT_01,Detroit Advanced Assembly Hub,W10,344,102.06,3.4,36322.53,102.24,W04,W10,6,SUB_MOQ_VIOLATION
MAT_028,Variable Displacement Piston Pump Core,SUP_009,EuroHydraulics SpA,PLANT_02,Munich Engineering Works,W10,473,102.06,0.45,48481.08,102.24,W05,W10,5,SUB_MOQ_VIOLATION
MAT_028,Variable Displacement Piston Pump Core,SUP_009,EuroHydraulics SpA,PLANT_03,Monterrey Global Production Hub,W10,744,102.06,4.8,79531.62,102.24,W03,W10,7,SUB_MOQ_VIOLATION
MAT_028,Variable Displacement Piston Pump Core,SUP_009,EuroHydraulics SpA,PLANT_04,Tokyo Precision Facility,W10,695,102.06,7.6,76172.03,102.24,W02,W10,8,SUB_MOQ_VIOLATION
MAT_028,Variable Displacement Piston Pump Core,SUP_009,EuroHydraulics SpA,PLANT_05,Chennai Industrial Complex,W10,226,102.06,5.1,24228.88,102.24,W03,W10,7,SUB_MOQ_VIOLATION
MAT_029,Reinforced High-Pressure Flex Hose Assembly,SUP_001,Apex Precision Metals GmbH,PLANT_01,Detroit Advanced Assembly Hub,W10,530,371.44,3.4,198571.49,391.29,W05,W10,5,COMPLIANT
MAT_029,Reinforced High-Pressure Flex Hose Assembly,SUP_001,Apex Precision Metals GmbH,PLANT_02,Munich Engineering Works,W10,776,371.44,0.45,288623.83,391.29,W06,W10,4,COMPLIANT
MAT_029,Reinforced High-Pressure Flex Hose Assembly,SUP_001,Apex Precision Metals GmbH,PLANT_03,Monterrey Global Production Hub,W10,1210,371.44,4.8,455363.27,391.29,W04,W10,6,COMPLIANT
MAT_029,Reinforced High-Pressure Flex Hose Assembly,SUP_001,Apex Precision Metals GmbH,PLANT_04,Tokyo Precision Facility,W10,608,371.44,7.6,230607.94,391.29,W03,W10,7,COMPLIANT
MAT_029,Reinforced High-Pressure Flex Hose Assembly,SUP_001,Apex Precision Metals GmbH,PLANT_05,Chennai Industrial Complex,W10,1609,371.44,5.1,606003.48,391.29,W04,W10,6,COMPLIANT
MAT_029,Reinforced High-Pressure Flex Hose Assembly,SUP_009,EuroHydraulics SpA,PLANT_01,Detroit Advanced Assembly Hub,W10,285,386.32,3.4,111167.63,391.29,W02,W10,8,SUB_MOQ_VIOLATION
MAT_029,Reinforced High-Pressure Flex Hose Assembly,SUP_009,EuroHydraulics SpA,PLANT_02,Munich Engineering Works,W10,418,386.32,0.45,161631.18,391.29,W03,W10,7,SUB_MOQ_VIOLATION
MAT_029,Reinforced High-Pressure Flex Hose Assembly,SUP_009,EuroHydraulics SpA,PLANT_03,Monterrey Global Production Hub,W10,652,386.32,4.8,254892.9,391.29,W01,W10,9,SUB_MOQ_VIOLATION
MAT_029,Reinforced High-Pressure Flex Hose Assembly,SUP_009,EuroHydraulics SpA,PLANT_04,Tokyo Precision Facility,W10,328,386.32,7.6,129048.19,391.29,W01,W10,10,SUB_MOQ_VIOLATION
MAT_029,Reinforced High-Pressure Flex Hose Assembly,SUP_009,EuroHydraulics SpA,PLANT_05,Chennai Industrial Complex,W10,867,386.32,5.1,339204.57,391.29,W01,W10,9,SUB_MOQ_VIOLATION
MAT_030,Servo-Controlled Hydraulic Actuator,SUP_001,Apex Precision Metals GmbH,PLANT_01,Detroit Advanced Assembly Hub,W10,646,276.63,3.4,180770.57,297.43,W03,W10,7,SUB_MOQ_VIOLATION
MAT_030,Servo-Controlled Hydraulic Actuator,SUP_001,Apex Precision Metals GmbH,PLANT_02,Munich Engineering Works,W10,929,276.63,0.45,257451.65,297.43,W04,W10,6,SUB_MOQ_VIOLATION
MAT_030,Servo-Controlled Hydraulic Actuator,SUP_001,Apex Precision Metals GmbH,PLANT_03,Monterrey Global Production Hub,W10,646,276.63,4.8,181674.32,297.43,W02,W10,8,SUB_MOQ_VIOLATION
MAT_030,Servo-Controlled Hydraulic Actuator,SUP_001,Apex Precision Metals GmbH,PLANT_04,Tokyo Precision Facility,W10,756,276.63,7.6,214803.98,297.43,W01,W10,9,SUB_MOQ_VIOLATION
MAT_030,Servo-Controlled Hydraulic Actuator,SUP_001,Apex Precision Metals GmbH,PLANT_05,Chennai Industrial Complex,W10,1519,276.63,5.1,427953.5,297.43,W02,W10,8,COMPLIANT
MAT_030,Servo-Controlled Hydraulic Actuator,SUP_009,EuroHydraulics SpA,PLANT_01,Detroit Advanced Assembly Hub,W10,467,294.96,3.4,139471.37,297.43,W03,W10,7,SUB_MOQ_VIOLATION
MAT_030,Servo-Controlled Hydraulic Actuator,SUP_009,EuroHydraulics SpA,PLANT_02,Munich Engineering Works,W10,673,294.96,0.45,198763.66,297.43,W04,W10,6,SUB_MOQ_VIOLATION
MAT_030,Servo-Controlled Hydraulic Actuator,SUP_009,EuroHydraulics SpA,PLANT_03,Monterrey Global Production Hub,W10,467,294.96,4.8,140125.81,297.43,W02,W10,8,SUB_MOQ_VIOLATION
MAT_030,Servo-Controlled Hydraulic Actuator,SUP_009,EuroHydraulics SpA,PLANT_04,Tokyo Precision Facility,W10,547,294.96,7.6,165578.99,297.43,W01,W10,9,SUB_MOQ_VIOLATION
MAT_030,Servo-Controlled Hydraulic Actuator,SUP_009,EuroHydraulics SpA,PLANT_05,Chennai Industrial Complex,W10,1100,294.96,5.1,330060.0,297.43,W02,W10,8,COMPLIANT
MAT_031,Grade 12.9 Structural Flange Hex Bolt,SUP_002,Vanguard Industrial Dynamics,PLANT_01,Detroit Advanced Assembly Hub,W10,967,14.13,0.5,14141.36,15.16,W06,W10,4,SUB_MOQ_VIOLATION
MAT_031,Grade 12.9 Structural Flange Hex Bolt,SUP_002,Vanguard Industrial Dynamics,PLANT_02,Munich Engineering Works,W10,718,14.13,3.5,12651.29,15.16,W04,W10,6,SUB_MOQ_VIOLATION
MAT_031,Grade 12.9 Structural Flange Hex Bolt,SUP_002,Vanguard Industrial Dynamics,PLANT_03,Monterrey Global Production Hub,W10,1274,14.13,1.6,20036.87,15.16,W06,W10,4,COMPLIANT
MAT_031,Grade 12.9 Structural Flange Hex Bolt,SUP_002,Vanguard Industrial Dynamics,PLANT_04,Tokyo Precision Facility,W10,433,14.13,6.2,8808.58,15.16,W03,W10,7,SUB_MOQ_VIOLATION
MAT_031,Grade 12.9 Structural Flange Hex Bolt,SUP_002,Vanguard Industrial Dynamics,PLANT_05,Chennai Industrial Complex,W10,460,14.13,6.4,9447.08,15.16,W03,W10,7,SUB_MOQ_VIOLATION
MAT_031,Grade 12.9 Structural Flange Hex Bolt,SUP_007,Bharat Precision Engineering,PLANT_04,Tokyo Precision Facility,W10,921,14.72,3.65,16913.63,15.16,W05,W10,5,SUB_MOQ_VIOLATION
MAT_031,Grade 12.9 Structural Flange Hex Bolt,SUP_007,Bharat Precision Engineering,PLANT_05,Chennai Industrial Complex,W10,978,14.72,0.45,14833.83,15.16,W07,W10,3,SUB_MOQ_VIOLATION
MAT_031,Grade 12.9 Structural Flange Hex Bolt,SUP_010,Detroit Fastener Alliance,PLANT_01,Detroit Advanced Assembly Hub,W10,644,15.41,0.5,10252.4,15.16,W06,W10,4,COMPLIANT
MAT_031,Grade 12.9 Structural Flange Hex Bolt,SUP_010,Detroit Fastener Alliance,PLANT_02,Munich Engineering Works,W10,478,15.41,3.5,9046.54,15.16,W04,W10,6,COMPLIANT
MAT_031,Grade 12.9 Structural Flange Hex Bolt,SUP_010,Detroit Fastener Alliance,PLANT_03,Monterrey Global Production Hub,W10,849,15.41,1.6,14444.89,15.16,W06,W10,4,COMPLIANT
MAT_032,Aerospace Grade Titanium Locknut,SUP_002,Vanguard Industrial Dynamics,PLANT_01,Detroit Advanced Assembly Hub,W10,475,13.27,0.5,6535.24,13.82,W04,W10,6,SUB_MOQ_VIOLATION
MAT_032,Aerospace Grade Titanium Locknut,SUP_002,Vanguard Industrial Dynamics,PLANT_02,Munich Engineering Works,W10,902,13.27,3.5,15119.83,13.82,W02,W10,8,COMPLIANT
MAT_032,Aerospace Grade Titanium Locknut,SUP_002,Vanguard Industrial Dynamics,PLANT_03,Monterrey Global Production Hub,W10,609,13.27,1.6,9055.83,13.82,W04,W10,6,SUB_MOQ_VIOLATION
MAT_032,Aerospace Grade Titanium Locknut,SUP_002,Vanguard Industrial Dynamics,PLANT_04,Tokyo Precision Facility,W10,356,13.27,6.2,6935.02,13.82,W01,W10,9,SUB_MOQ_VIOLATION
MAT_032,Aerospace Grade Titanium Locknut,SUP_002,Vanguard Industrial Dynamics,PLANT_05,Chennai Industrial Complex,W10,639,13.27,6.4,12561.26,13.82,W01,W10,9,SUB_MOQ_VIOLATION
MAT_032,Aerospace Grade Titanium Locknut,SUP_007,Bharat Precision Engineering,PLANT_04,Tokyo Precision Facility,W10,793,13.61,3.65,13683.9,13.82,W04,W10,6,SUB_MOQ_VIOLATION
MAT_032,Aerospace Grade Titanium Locknut,SUP_007,Bharat Precision Engineering,PLANT_05,Chennai Industrial Complex,W10,1421,13.61,0.45,19984.88,13.82,W06,W10,4,COMPLIANT
MAT_032,Aerospace Grade Titanium Locknut,SUP_010,Detroit Fastener Alliance,PLANT_01,Detroit Advanced Assembly Hub,W10,203,14.38,0.5,3026.59,13.82,W07,W10,3,SUB_MOQ_VIOLATION
MAT_032,Aerospace Grade Titanium Locknut,SUP_010,Detroit Fastener Alliance,PLANT_02,Munich Engineering Works,W10,386,14.38,3.5,6908.83,13.82,W05,W10,5,SUB_MOQ_VIOLATION
MAT_032,Aerospace Grade Titanium Locknut,SUP_010,Detroit Fastener Alliance,PLANT_03,Monterrey Global Production Hub,W10,261,14.38,1.6,4170.78,13.82,W07,W10,3,SUB_MOQ_VIOLATION
MAT_033,Stainless Steel A4-80 Socket Cap Screw,SUP_002,Vanguard Industrial Dynamics,PLANT_01,Detroit Advanced Assembly Hub,W10,934,10.01,0.5,9816.02,10.48,W05,W10,5,SUB_MOQ_VIOLATION
MAT_033,Stainless Steel A4-80 Socket Cap Screw,SUP_002,Vanguard Industrial Dynamics,PLANT_02,Munich Engineering Works,W10,726,10.01,3.5,9804.21,10.48,W03,W10,7,SUB_MOQ_VIOLATION
MAT_033,Stainless Steel A4-80 Socket Cap Screw,SUP_002,Vanguard Industrial Dynamics,PLANT_03,Monterrey Global Production Hub,W10,904,10.01,1.6,10494.05,10.48,W05,W10,5,SUB_MOQ_VIOLATION
MAT_033,Stainless Steel A4-80 Socket Cap Screw,SUP_002,Vanguard Industrial Dynamics,PLANT_04,Tokyo Precision Facility,W10,792,10.01,6.2,12837.02,10.48,W02,W10,8,SUB_MOQ_VIOLATION
MAT_033,Stainless Steel A4-80 Socket Cap Screw,SUP_002,Vanguard Industrial Dynamics,PLANT_05,Chennai Industrial Complex,W10,445,10.01,6.4,7302.12,10.48,W02,W10,8,SUB_MOQ_VIOLATION
MAT_033,Stainless Steel A4-80 Socket Cap Screw,SUP_007,Bharat Precision Engineering,PLANT_04,Tokyo Precision Facility,W10,1292,10.35,3.65,18089.12,10.48,W01,W10,9,COMPLIANT
MAT_033,Stainless Steel A4-80 Socket Cap Screw,SUP_007,Bharat Precision Engineering,PLANT_05,Chennai Industrial Complex,W10,726,10.35,0.45,7841.02,10.48,W03,W10,7,SUB_MOQ_VIOLATION
MAT_033,Stainless Steel A4-80 Socket Cap Screw,SUP_010,Detroit Fastener Alliance,PLANT_01,Detroit Advanced Assembly Hub,W10,649,10.68,0.5,7256.16,10.48,W04,W10,6,SUB_MOQ_VIOLATION
MAT_033,Stainless Steel A4-80 Socket Cap Screw,SUP_010,Detroit Fastener Alliance,PLANT_02,Munich Engineering Works,W10,504,10.68,3.5,7150.97,10.48,W02,W10,8,SUB_MOQ_VIOLATION
MAT_033,Stainless Steel A4-80 Socket Cap Screw,SUP_010,Detroit Fastener Alliance,PLANT_03,Monterrey Global Production Hub,W10,628,10.68,1.6,7713.31,10.48,W04,W10,6,SUB_MOQ_VIOLATION
MAT_034,Hardened Belleville Spring Washers,SUP_002,Vanguard Industrial Dynamics,PLANT_01,Detroit Advanced Assembly Hub,W10,943,17.36,0.5,16840.19,18.03,W05,W10,5,SUB_MOQ_VIOLATION
MAT_034,Hardened Belleville Spring Washers,SUP_002,Vanguard Industrial Dynamics,PLANT_02,Munich Engineering Works,W10,1102,17.36,3.5,22983.55,18.03,W03,W10,7,COMPLIANT
MAT_034,Hardened Belleville Spring Washers,SUP_002,Vanguard Industrial Dynamics,PLANT_03,Monterrey Global Production Hub,W10,992,17.36,1.6,18806.42,18.03,W05,W10,5,SUB_MOQ_VIOLATION
MAT_034,Hardened Belleville Spring Washers,SUP_002,Vanguard Industrial Dynamics,PLANT_04,Tokyo Precision Facility,W10,1005,17.36,6.2,23678.51,18.03,W02,W10,8,COMPLIANT
MAT_034,Hardened Belleville Spring Washers,SUP_002,Vanguard Industrial Dynamics,PLANT_05,Chennai Industrial Complex,W10,655,17.36,6.4,15567.55,18.03,W02,W10,8,SUB_MOQ_VIOLATION
MAT_034,Hardened Belleville Spring Washers,SUP_007,Bharat Precision Engineering,PLANT_04,Tokyo Precision Facility,W10,1572,17.75,3.65,33640.16,18.03,W04,W10,6,COMPLIANT
MAT_034,Hardened Belleville Spring Washers,SUP_007,Bharat Precision Engineering,PLANT_05,Chennai Industrial Complex,W10,1025,17.75,0.45,18651.36,18.03,W06,W10,4,COMPLIANT
MAT_034,Hardened Belleville Spring Washers,SUP_010,Detroit Fastener Alliance,PLANT_01,Detroit Advanced Assembly Hub,W10,404,18.55,0.5,7698.11,18.03,W04,W10,6,SUB_MOQ_VIOLATION
MAT_034,Hardened Belleville Spring Washers,SUP_010,Detroit Fastener Alliance,PLANT_02,Munich Engineering Works,W10,472,18.55,3.5,10412.01,18.03,W02,W10,8,SUB_MOQ_VIOLATION
MAT_034,Hardened Belleville Spring Washers,SUP_010,Detroit Fastener Alliance,PLANT_03,Monterrey Global Production Hub,W10,425,18.55,1.6,8565.77,18.03,W04,W10,6,SUB_MOQ_VIOLATION
MAT_035,Structural Monobolt Blind Rivet Pack,SUP_002,Vanguard Industrial Dynamics,PLANT_01,Detroit Advanced Assembly Hub,W10,1297,7.59,0.5,10490.71,7.75,W04,W10,6,COMPLIANT
MAT_035,Structural Monobolt Blind Rivet Pack,SUP_002,Vanguard Industrial Dynamics,PLANT_02,Munich Engineering Works,W10,1556,7.59,3.5,17257.15,7.75,W02,W10,8,COMPLIANT
MAT_035,Structural Monobolt Blind Rivet Pack,SUP_002,Vanguard Industrial Dynamics,PLANT_03,Monterrey Global Production Hub,W10,485,7.59,1.6,4457.79,7.75,W04,W10,6,SUB_MOQ_VIOLATION
MAT_035,Structural Monobolt Blind Rivet Pack,SUP_002,Vanguard Industrial Dynamics,PLANT_04,Tokyo Precision Facility,W10,913,7.59,6.2,12586.96,7.75,W01,W10,9,COMPLIANT
MAT_035,Structural Monobolt Blind Rivet Pack,SUP_002,Vanguard Industrial Dynamics,PLANT_05,Chennai Industrial Complex,W10,942,7.59,6.4,13184.18,7.75,W01,W10,9,COMPLIANT
MAT_035,Structural Monobolt Blind Rivet Pack,SUP_007,Bharat Precision Engineering,PLANT_04,Tokyo Precision Facility,W10,1489,7.97,3.65,17304.97,7.75,W05,W10,5,COMPLIANT
MAT_035,Structural Monobolt Blind Rivet Pack,SUP_007,Bharat Precision Engineering,PLANT_05,Chennai Industrial Complex,W10,1538,7.97,0.45,12946.59,7.75,W07,W10,3,COMPLIANT
MAT_035,Structural Monobolt Blind Rivet Pack,SUP_010,Detroit Fastener Alliance,PLANT_01,Detroit Advanced Assembly Hub,W10,978,8.07,0.5,8383.6,7.75,W07,W10,3,SUB_MOQ_VIOLATION
MAT_035,Structural Monobolt Blind Rivet Pack,SUP_010,Detroit Fastener Alliance,PLANT_02,Munich Engineering Works,W10,1174,8.07,3.5,13582.02,7.75,W05,W10,5,COMPLIANT
MAT_035,Structural Monobolt Blind Rivet Pack,SUP_010,Detroit Fastener Alliance,PLANT_03,Monterrey Global Production Hub,W10,366,8.07,1.6,3538.54,7.75,W07,W10,3,SUB_MOQ_VIOLATION
MAT_036,Toray Carbon Fiber Prepreg 3K Twill,SUP_003,Nippon Advanced Metallurgy,PLANT_01,Detroit Advanced Assembly Hub,W10,1435,132.92,5.1,198058.7,137.13,W05,W10,5,COMPLIANT
MAT_036,Toray Carbon Fiber Prepreg 3K Twill,SUP_003,Nippon Advanced Metallurgy,PLANT_02,Munich Engineering Works,W10,527,132.92,6.5,73488.28,137.13,W04,W10,6,COMPLIANT
MAT_036,Toray Carbon Fiber Prepreg 3K Twill,SUP_003,Nippon Advanced Metallurgy,PLANT_03,Monterrey Global Production Hub,W10,867,132.92,5.3,119878.21,137.13,W04,W10,6,COMPLIANT
MAT_036,Toray Carbon Fiber Prepreg 3K Twill,SUP_003,Nippon Advanced Metallurgy,PLANT_04,Tokyo Precision Facility,W10,1530,132.92,0.45,204082.77,137.13,W07,W10,3,COMPLIANT
MAT_036,Toray Carbon Fiber Prepreg 3K Twill,SUP_003,Nippon Advanced Metallurgy,PLANT_05,Chennai Industrial Complex,W10,772,132.92,3.6,105407.09,137.13,W05,W10,5,COMPLIANT
MAT_036,Toray Carbon Fiber Prepreg 3K Twill,SUP_006,Saigon Composite Solutions,PLANT_01,Detroit Advanced Assembly Hub,W10,615,135.8,6.5,87514.5,137.13,W04,W10,6,SUB_MOQ_VIOLATION
MAT_036,Toray Carbon Fiber Prepreg 3K Twill,SUP_006,Saigon Composite Solutions,PLANT_02,Munich Engineering Works,W10,226,135.8,7.7,32416.65,137.13,W04,W10,6,SUB_MOQ_VIOLATION
MAT_036,Toray Carbon Fiber Prepreg 3K Twill,SUP_006,Saigon Composite Solutions,PLANT_03,Monterrey Global Production Hub,W10,372,135.8,6.6,52930.08,137.13,W04,W10,6,SUB_MOQ_VIOLATION
MAT_036,Toray Carbon Fiber Prepreg 3K Twill,SUP_006,Saigon Composite Solutions,PLANT_04,Tokyo Precision Facility,W10,656,135.8,1.85,90270.87,137.13,W06,W10,4,SUB_MOQ_VIOLATION
MAT_036,Toray Carbon Fiber Prepreg 3K Twill,SUP_006,Saigon Composite Solutions,PLANT_05,Chennai Industrial Complex,W10,331,135.8,2.1,45631.11,137.13,W06,W10,4,SUB_MOQ_VIOLATION
MAT_037,Structural S-Glass Woven Roving Mat,SUP_003,Nippon Advanced Metallurgy,PLANT_01,Detroit Advanced Assembly Hub,W10,1467,180.77,5.1,272732.63,188.44,W05,W10,5,COMPLIANT
MAT_037,Structural S-Glass Woven Roving Mat,SUP_003,Nippon Advanced Metallurgy,PLANT_02,Munich Engineering Works,W10,669,180.77,6.5,125294.87,188.44,W04,W10,6,SUB_MOQ_VIOLATION
MAT_037,Structural S-Glass Woven Roving Mat,SUP_003,Nippon Advanced Metallurgy,PLANT_03,Monterrey Global Production Hub,W10,982,180.77,5.3,182676.08,188.44,W04,W10,6,SUB_MOQ_VIOLATION
MAT_037,Structural S-Glass Woven Roving Mat,SUP_003,Nippon Advanced Metallurgy,PLANT_04,Tokyo Precision Facility,W10,595,180.77,0.45,107882.08,188.44,W07,W10,3,SUB_MOQ_VIOLATION
MAT_037,Structural S-Glass Woven Roving Mat,SUP_003,Nippon Advanced Metallurgy,PLANT_05,Chennai Industrial Complex,W10,1500,180.77,3.6,276514.44,188.44,W05,W10,5,COMPLIANT
MAT_037,Structural S-Glass Woven Roving Mat,SUP_006,Saigon Composite Solutions,PLANT_05,Chennai Industrial Complex,W10,1042,190.52,2.1,200752.42,188.44,W05,W10,5,COMPLIANT
MAT_037,Structural S-Glass Woven Roving Mat,SUP_008,Taiwan Micro-Silicon Ltd,PLANT_01,Detroit Advanced Assembly Hub,W10,1020,191.44,5.2,200507.91,188.44,W01,W10,9,COMPLIANT
MAT_037,Structural S-Glass Woven Roving Mat,SUP_008,Taiwan Micro-Silicon Ltd,PLANT_02,Munich Engineering Works,W10,465,191.44,6.5,92030.22,188.44,W01,W10,9,COMPLIANT
MAT_037,Structural S-Glass Woven Roving Mat,SUP_008,Taiwan Micro-Silicon Ltd,PLANT_03,Monterrey Global Production Hub,W10,682,191.44,5.4,134292.12,188.44,W01,W10,9,COMPLIANT
MAT_037,Structural S-Glass Woven Roving Mat,SUP_008,Taiwan Micro-Silicon Ltd,PLANT_04,Tokyo Precision Facility,W10,414,191.44,0.9,79569.13,188.44,W04,W10,6,COMPLIANT
MAT_038,Nomex Honeycomb Structural Core 1/8,SUP_003,Nippon Advanced Metallurgy,PLANT_01,Detroit Advanced Assembly Hub,W10,1077,139.23,5.1,155392.89,149.43,W05,W10,5,COMPLIANT
MAT_038,Nomex Honeycomb Structural Core 1/8,SUP_003,Nippon Advanced Metallurgy,PLANT_02,Munich Engineering Works,W10,1380,139.23,6.5,201170.06,149.43,W04,W10,6,COMPLIANT
MAT_038,Nomex Honeycomb Structural Core 1/8,SUP_003,Nippon Advanced Metallurgy,PLANT_03,Monterrey Global Production Hub,W10,1149,139.23,5.3,166099.66,149.43,W04,W10,6,COMPLIANT
MAT_038,Nomex Honeycomb Structural Core 1/8,SUP_003,Nippon Advanced Metallurgy,PLANT_04,Tokyo Precision Facility,W10,985,139.23,0.45,137520.55,149.43,W07,W10,3,COMPLIANT
MAT_038,Nomex Honeycomb Structural Core 1/8,SUP_003,Nippon Advanced Metallurgy,PLANT_05,Chennai Industrial Complex,W10,903,139.23,3.6,129034.05,149.43,W05,W10,5,COMPLIANT
MAT_038,Nomex Honeycomb Structural Core 1/8,SUP_006,Saigon Composite Solutions,PLANT_02,Munich Engineering Works,W10,883,146.25,7.7,135871.65,149.43,W01,W10,9,SUB_MOQ_VIOLATION
MAT_038,Nomex Honeycomb Structural Core 1/8,SUP_006,Saigon Composite Solutions,PLANT_03,Monterrey Global Production Hub,W10,597,146.25,6.6,91232.7,149.43,W01,W10,9,SUB_MOQ_VIOLATION
MAT_038,Nomex Honeycomb Structural Core 1/8,SUP_006,Saigon Composite Solutions,PLANT_04,Tokyo Precision Facility,W10,629,146.25,1.85,93223.03,149.43,W03,W10,7,SUB_MOQ_VIOLATION
MAT_038,Nomex Honeycomb Structural Core 1/8,SUP_006,Saigon Composite Solutions,PLANT_05,Chennai Industrial Complex,W10,578,146.25,2.1,85685.48,149.43,W03,W10,7,SUB_MOQ_VIOLATION
MAT_038,Nomex Honeycomb Structural Core 1/8,SUP_008,Taiwan Micro-Silicon Ltd,PLANT_01,Detroit Advanced Assembly Hub,W10,688,152.45,5.2,108518.38,149.43,W01,W10,10,COMPLIANT
MAT_038,Nomex Honeycomb Structural Core 1/8,SUP_008,Taiwan Micro-Silicon Ltd,PLANT_03,Monterrey Global Production Hub,W10,138,152.45,5.4,21764.78,149.43,W01,W10,10,SUB_MOQ_VIOLATION
MAT_039,Basalt Fiber High-Temp Insulation Roll,SUP_003,Nippon Advanced Metallurgy,PLANT_01,Detroit Advanced Assembly Hub,W10,1392,183.62,5.1,262632.19,194.42,W04,W10,6,COMPLIANT
MAT_039,Basalt Fiber High-Temp Insulation Roll,SUP_003,Nippon Advanced Metallurgy,PLANT_02,Munich Engineering Works,W10,1347,183.62,6.5,256053.62,194.42,W03,W10,7,COMPLIANT
MAT_039,Basalt Fiber High-Temp Insulation Roll,SUP_003,Nippon Advanced Metallurgy,PLANT_03,Monterrey Global Production Hub,W10,1372,183.62,5.3,259103.78,194.42,W03,W10,7,COMPLIANT
MAT_039,Basalt Fiber High-Temp Insulation Roll,SUP_003,Nippon Advanced Metallurgy,PLANT_04,Tokyo Precision Facility,W10,732,183.62,0.45,134720.83,194.42,W06,W10,4,SUB_MOQ_VIOLATION
MAT_039,Basalt Fiber High-Temp Insulation Roll,SUP_003,Nippon Advanced Metallurgy,PLANT_05,Chennai Industrial Complex,W10,1659,183.62,3.6,310560.54,194.42,W04,W10,6,COMPLIANT
MAT_039,Basalt Fiber High-Temp Insulation Roll,SUP_006,Saigon Composite Solutions,PLANT_02,Munich Engineering Works,W10,475,193.95,7.7,95693.01,194.42,W01,W10,9,COMPLIANT
MAT_039,Basalt Fiber High-Temp Insulation Roll,SUP_006,Saigon Composite Solutions,PLANT_03,Monterrey Global Production Hub,W10,738,193.95,6.6,148106.17,194.42,W01,W10,9,COMPLIANT
MAT_039,Basalt Fiber High-Temp Insulation Roll,SUP_006,Saigon Composite Solutions,PLANT_04,Tokyo Precision Facility,W10,394,193.95,1.85,77164.78,194.42,W03,W10,7,COMPLIANT
MAT_039,Basalt Fiber High-Temp Insulation Roll,SUP_006,Saigon Composite Solutions,PLANT_05,Chennai Industrial Complex,W10,893,193.95,2.1,175111.86,194.42,W03,W10,7,COMPLIANT
MAT_039,Basalt Fiber High-Temp Insulation Roll,SUP_008,Taiwan Micro-Silicon Ltd,PLANT_01,Detroit Advanced Assembly Hub,W10,749,198.21,5.2,152425.28,194.42,W02,W10,8,SUB_MOQ_VIOLATION
MAT_039,Basalt Fiber High-Temp Insulation Roll,SUP_008,Taiwan Micro-Silicon Ltd,PLANT_02,Munich Engineering Works,W10,251,198.21,6.5,51310.56,194.42,W02,W10,8,SUB_MOQ_VIOLATION
MAT_040,High-Modulus Epoxy Resin Infusion Matrix,SUP_003,Nippon Advanced Metallurgy,PLANT_01,Detroit Advanced Assembly Hub,W10,431,140.07,5.1,62559.56,141.81,W02,W10,8,SUB_MOQ_VIOLATION
MAT_040,High-Modulus Epoxy Resin Infusion Matrix,SUP_003,Nippon Advanced Metallurgy,PLANT_02,Munich Engineering Works,W10,602,140.07,6.5,88241.0,141.81,W01,W10,9,SUB_MOQ_VIOLATION
MAT_040,High-Modulus Epoxy Resin Infusion Matrix,SUP_003,Nippon Advanced Metallurgy,PLANT_03,Monterrey Global Production Hub,W10,739,140.07,5.3,107416.8,141.81,W01,W10,9,SUB_MOQ_VIOLATION
MAT_040,High-Modulus Epoxy Resin Infusion Matrix,SUP_003,Nippon Advanced Metallurgy,PLANT_04,Tokyo Precision Facility,W10,436,140.07,0.45,61289.2,141.81,W04,W10,6,SUB_MOQ_VIOLATION
MAT_040,High-Modulus Epoxy Resin Infusion Matrix,SUP_003,Nippon Advanced Metallurgy,PLANT_05,Chennai Industrial Complex,W10,503,140.07,3.6,72245.9,141.81,W02,W10,8,SUB_MOQ_VIOLATION
MAT_040,High-Modulus Epoxy Resin Infusion Matrix,SUP_006,Saigon Composite Solutions,PLANT_03,Monterrey Global Production Hub,W10,533,140.83,6.6,78594.93,141.81,W04,W10,6,SUB_MOQ_VIOLATION
MAT_040,High-Modulus Epoxy Resin Infusion Matrix,SUP_006,Saigon Composite Solutions,PLANT_04,Tokyo Precision Facility,W10,316,140.83,1.85,45064.05,141.81,W06,W10,4,SUB_MOQ_VIOLATION
MAT_040,High-Modulus Epoxy Resin Infusion Matrix,SUP_006,Saigon Composite Solutions,PLANT_05,Chennai Industrial Complex,W10,364,140.83,2.1,52046.53,141.81,W06,W10,4,SUB_MOQ_VIOLATION
MAT_040,High-Modulus Epoxy Resin Infusion Matrix,SUP_008,Taiwan Micro-Silicon Ltd,PLANT_01,Detroit Advanced Assembly Hub,W10,312,148.12,5.2,47845.04,141.81,W04,W10,6,SUB_MOQ_VIOLATION
MAT_040,High-Modulus Epoxy Resin Infusion Matrix,SUP_008,Taiwan Micro-Silicon Ltd,PLANT_02,Munich Engineering Works,W10,436,148.12,6.5,67408.14,141.81,W04,W10,6,SUB_MOQ_VIOLATION
MAT_040,High-Modulus Epoxy Resin Infusion Matrix,SUP_008,Taiwan Micro-Silicon Ltd,PLANT_03,Monterrey Global Production Hub,W10,2,148.12,5.4,303.97,141.81,W04,W10,6,SUB_MOQ_VIOLATION
MAT_001,High-Tensile Structural Steel I-Beam,SUP_001,Apex Precision Metals GmbH,PLANT_02,Munich Engineering Works,W11,441,17.91,0.45,8102.64,18.41,W06,W11,5,SUB_MOQ_VIOLATION
MAT_001,High-Tensile Structural Steel I-Beam,SUP_001,Apex Precision Metals GmbH,PLANT_05,Chennai Industrial Complex,W11,405,17.91,5.1,9330.32,18.41,W04,W11,7,SUB_MOQ_VIOLATION
MAT_001,High-Tensile Structural Steel I-Beam,SUP_002,Vanguard Industrial Dynamics,PLANT_01,Detroit Advanced Assembly Hub,W11,590,18.86,0.5,11414.66,18.41,W08,W11,3,COMPLIANT
MAT_001,High-Tensile Structural Steel I-Beam,SUP_002,Vanguard Industrial Dynamics,PLANT_02,Munich Engineering Works,W11,136,18.86,3.5,3043.2,18.41,W06,W11,5,SUB_MOQ_VIOLATION
MAT_001,High-Tensile Structural Steel I-Beam,SUP_002,Vanguard Industrial Dynamics,PLANT_03,Monterrey Global Production Hub,W11,628,18.86,1.6,12842.95,18.41,W08,W11,3,COMPLIANT
MAT_001,High-Tensile Structural Steel I-Beam,SUP_002,Vanguard Industrial Dynamics,PLANT_04,Tokyo Precision Facility,W11,371,18.86,6.2,9299.52,18.41,W05,W11,6,COMPLIANT
MAT_001,High-Tensile Structural Steel I-Beam,SUP_005,MexSteel & Polymer Fabrica,PLANT_01,Detroit Advanced Assembly Hub,W11,290,18.64,1.7,5906.74,18.41,W07,W11,4,SUB_MOQ_VIOLATION
MAT_001,High-Tensile Structural Steel I-Beam,SUP_005,MexSteel & Polymer Fabrica,PLANT_03,Monterrey Global Production Hub,W11,903,18.64,0.45,17243.81,18.41,W07,W11,4,COMPLIANT
MAT_001,High-Tensile Structural Steel I-Beam,SUP_007,Bharat Precision Engineering,PLANT_02,Munich Engineering Works,W11,171,20.15,5.05,4298.62,18.41,W03,W11,8,SUB_MOQ_VIOLATION
MAT_001,High-Tensile Structural Steel I-Beam,SUP_007,Bharat Precision Engineering,PLANT_04,Tokyo Precision Facility,W11,492,20.15,3.65,11707.46,18.41,W03,W11,8,SUB_MOQ_VIOLATION
MAT_001,High-Tensile Structural Steel I-Beam,SUP_007,Bharat Precision Engineering,PLANT_05,Chennai Industrial Complex,W11,538,20.15,0.45,11072.71,18.41,W05,W11,6,SUB_MOQ_VIOLATION
MAT_002,Cold-Rolled Carbon Steel Sheet 2mm,SUP_001,Apex Precision Metals GmbH,PLANT_02,Munich Engineering Works,W11,461,8.77,0.45,4246.27,8.89,W04,W11,7,SUB_MOQ_VIOLATION
MAT_002,Cold-Rolled Carbon Steel Sheet 2mm,SUP_001,Apex Precision Metals GmbH,PLANT_05,Chennai Industrial Complex,W11,799,8.77,5.1,11077.41,8.89,W02,W11,9,COMPLIANT
MAT_002,Cold-Rolled Carbon Steel Sheet 2mm,SUP_002,Vanguard Industrial Dynamics,PLANT_01,Detroit Advanced Assembly Hub,W11,1366,8.92,0.5,12863.95,8.89,W07,W11,4,COMPLIANT
MAT_002,Cold-Rolled Carbon Steel Sheet 2mm,SUP_002,Vanguard Industrial Dynamics,PLANT_02,Munich Engineering Works,W11,294,8.92,3.5,3657.07,8.89,W05,W11,6,SUB_MOQ_VIOLATION
MAT_002,Cold-Rolled Carbon Steel Sheet 2mm,SUP_002,Vanguard Industrial Dynamics,PLANT_03,Monterrey Global Production Hub,W11,716,8.92,1.6,7530.85,8.89,W07,W11,4,SUB_MOQ_VIOLATION
MAT_002,Cold-Rolled Carbon Steel Sheet 2mm,SUP_002,Vanguard Industrial Dynamics,PLANT_04,Tokyo Precision Facility,W11,721,8.92,6.2,10898.5,8.89,W04,W11,7,SUB_MOQ_VIOLATION
MAT_002,Cold-Rolled Carbon Steel Sheet 2mm,SUP_005,MexSteel & Polymer Fabrica,PLANT_01,Detroit Advanced Assembly Hub,W11,910,9.48,1.7,10178.27,8.89,W06,W11,5,COMPLIANT
MAT_002,Cold-Rolled Carbon Steel Sheet 2mm,SUP_005,MexSteel & Polymer Fabrica,PLANT_03,Monterrey Global Production Hub,W11,1030,9.48,0.45,10229.29,8.89,W06,W11,5,COMPLIANT
MAT_002,Cold-Rolled Carbon Steel Sheet 2mm,SUP_007,Bharat Precision Engineering,PLANT_04,Tokyo Precision Facility,W11,1399,9.39,3.65,18245.57,8.89,W03,W11,8,COMPLIANT
MAT_002,Cold-Rolled Carbon Steel Sheet 2mm,SUP_007,Bharat Precision Engineering,PLANT_05,Chennai Industrial Complex,W11,1550,9.39,0.45,15255.35,8.89,W05,W11,6,COMPLIANT
MAT_003,Austenitic Stainless Steel 316L Plate,SUP_001,Apex Precision Metals GmbH,PLANT_02,Munich Engineering Works,W11,757,12.58,0.45,9865.01,12.76,W07,W11,4,COMPLIANT
MAT_003,Austenitic Stainless Steel 316L Plate,SUP_001,Apex Precision Metals GmbH,PLANT_05,Chennai Industrial Complex,W11,412,12.58,5.1,7287.17,12.76,W05,W11,6,SUB_MOQ_VIOLATION
MAT_003,Austenitic Stainless Steel 316L Plate,SUP_002,Vanguard Industrial Dynamics,PLANT_01,Detroit Advanced Assembly Hub,W11,1178,13.05,0.5,15959.19,12.76,W07,W11,4,COMPLIANT
MAT_003,Austenitic Stainless Steel 316L Plate,SUP_002,Vanguard Industrial Dynamics,PLANT_02,Munich Engineering Works,W11,373,13.05,3.5,6171.49,12.76,W05,W11,6,COMPLIANT
MAT_003,Austenitic Stainless Steel 316L Plate,SUP_002,Vanguard Industrial Dynamics,PLANT_03,Monterrey Global Production Hub,W11,299,13.05,1.6,4383.28,12.76,W07,W11,4,COMPLIANT
MAT_003,Austenitic Stainless Steel 316L Plate,SUP_002,Vanguard Industrial Dynamics,PLANT_04,Tokyo Precision Facility,W11,392,13.05,6.2,7546.77,12.76,W04,W11,7,COMPLIANT
MAT_003,Austenitic Stainless Steel 316L Plate,SUP_005,MexSteel & Polymer Fabrica,PLANT_01,Detroit Advanced Assembly Hub,W11,785,13.6,1.7,12013.56,12.76,W06,W11,5,COMPLIANT
MAT_003,Austenitic Stainless Steel 316L Plate,SUP_005,MexSteel & Polymer Fabrica,PLANT_03,Monterrey Global Production Hub,W11,581,13.6,0.45,8160.24,12.76,W06,W11,5,COMPLIANT
MAT_003,Austenitic Stainless Steel 316L Plate,SUP_007,Bharat Precision Engineering,PLANT_04,Tokyo Precision Facility,W11,796,13.69,3.65,13801.95,12.76,W03,W11,8,COMPLIANT
MAT_003,Austenitic Stainless Steel 316L Plate,SUP_007,Bharat Precision Engineering,PLANT_05,Chennai Industrial Complex,W11,837,13.69,0.45,11832.78,12.76,W05,W11,6,COMPLIANT
MAT_004,Galvanized Structural Angle Steel,SUP_001,Apex Precision Metals GmbH,PLANT_02,Munich Engineering Works,W11,903,11.45,0.45,10743.91,11.96,W07,W11,4,COMPLIANT
MAT_004,Galvanized Structural Angle Steel,SUP_001,Apex Precision Metals GmbH,PLANT_05,Chennai Industrial Complex,W11,304,11.45,5.1,5039.47,11.96,W05,W11,6,SUB_MOQ_VIOLATION
MAT_004,Galvanized Structural Angle Steel,SUP_002,Vanguard Industrial Dynamics,PLANT_01,Detroit Advanced Assembly Hub,W11,560,11.89,0.5,6944.6,11.96,W08,W11,3,SUB_MOQ_VIOLATION
MAT_004,Galvanized Structural Angle Steel,SUP_002,Vanguard Industrial Dynamics,PLANT_02,Munich Engineering Works,W11,486,11.89,3.5,7481.85,11.96,W06,W11,5,SUB_MOQ_VIOLATION
MAT_004,Galvanized Structural Angle Steel,SUP_002,Vanguard Industrial Dynamics,PLANT_03,Monterrey Global Production Hub,W11,462,11.89,1.6,6228.33,11.96,W08,W11,3,SUB_MOQ_VIOLATION
MAT_004,Galvanized Structural Angle Steel,SUP_002,Vanguard Industrial Dynamics,PLANT_04,Tokyo Precision Facility,W11,567,11.89,6.2,10257.03,11.96,W05,W11,6,SUB_MOQ_VIOLATION
MAT_004,Galvanized Structural Angle Steel,SUP_005,MexSteel & Polymer Fabrica,PLANT_01,Detroit Advanced Assembly Hub,W11,390,12.54,1.7,5546.48,11.96,W04,W11,7,SUB_MOQ_VIOLATION
MAT_004,Galvanized Structural Angle Steel,SUP_005,MexSteel & Polymer Fabrica,PLANT_03,Monterrey Global Production Hub,W11,564,12.54,0.45,7330.26,11.96,W04,W11,7,SUB_MOQ_VIOLATION
MAT_004,Galvanized Structural Angle Steel,SUP_005,MexSteel & Polymer Fabrica,PLANT_04,Tokyo Precision Facility,W11,46,12.54,6.45,877.34,11.96,W01,W11,10,SUB_MOQ_VIOLATION
MAT_004,Galvanized Structural Angle Steel,SUP_007,Bharat Precision Engineering,PLANT_04,Tokyo Precision Facility,W11,1431,13.19,3.65,24094.67,11.96,W05,W11,6,COMPLIANT
MAT_004,Galvanized Structural Angle Steel,SUP_007,Bharat Precision Engineering,PLANT_05,Chennai Industrial Complex,W11,710,13.19,0.45,9691.22,11.96,W07,W11,4,SUB_MOQ_VIOLATION
MAT_005,Hardox 450 Wear-Resistant Steel,SUP_001,Apex Precision Metals GmbH,PLANT_01,Detroit Advanced Assembly Hub,W11,1000,18.57,3.4,21963.85,19.92,W04,W11,7,SUB_MOQ_VIOLATION
MAT_005,Hardox 450 Wear-Resistant Steel,SUP_001,Apex Precision Metals GmbH,PLANT_02,Munich Engineering Works,W11,1623,18.57,0.45,30864.51,19.92,W05,W11,6,COMPLIANT
MAT_005,Hardox 450 Wear-Resistant Steel,SUP_001,Apex Precision Metals GmbH,PLANT_04,Tokyo Precision Facility,W11,724,18.57,7.6,18959.38,19.92,W02,W11,9,SUB_MOQ_VIOLATION
MAT_005,Hardox 450 Wear-Resistant Steel,SUP_001,Apex Precision Metals GmbH,PLANT_05,Chennai Industrial Complex,W11,634,18.57,5.1,15012.93,19.92,W03,W11,8,SUB_MOQ_VIOLATION
MAT_005,Hardox 450 Wear-Resistant Steel,SUP_002,Vanguard Industrial Dynamics,PLANT_01,Detroit Advanced Assembly Hub,W11,1777,19.84,0.5,36149.88,19.92,W08,W11,3,COMPLIANT
MAT_005,Hardox 450 Wear-Resistant Steel,SUP_002,Vanguard Industrial Dynamics,PLANT_02,Munich Engineering Works,W11,799,19.84,3.5,18654.73,19.92,W06,W11,5,SUB_MOQ_VIOLATION
MAT_005,Hardox 450 Wear-Resistant Steel,SUP_002,Vanguard Industrial Dynamics,PLANT_03,Monterrey Global Production Hub,W11,717,19.84,1.6,15381.48,19.92,W08,W11,3,SUB_MOQ_VIOLATION
MAT_005,Hardox 450 Wear-Resistant Steel,SUP_005,MexSteel & Polymer Fabrica,PLANT_03,Monterrey Global Production Hub,W11,1457,20.42,0.45,30398.82,19.92,W08,W11,3,COMPLIANT
MAT_005,Hardox 450 Wear-Resistant Steel,SUP_007,Bharat Precision Engineering,PLANT_04,Tokyo Precision Facility,W11,1613,21.74,3.65,40942.14,19.92,W04,W11,7,COMPLIANT
MAT_005,Hardox 450 Wear-Resistant Steel,SUP_007,Bharat Precision Engineering,PLANT_05,Chennai Industrial Complex,W11,1412,21.74,0.45,31326.51,19.92,W06,W11,5,COMPLIANT
MAT_006,Aerospace Grade 7075-T6 Billet,SUP_001,Apex Precision Metals GmbH,PLANT_01,Detroit Advanced Assembly Hub,W11,1202,36.46,3.4,47916.9,37.01,W05,W11,6,COMPLIANT
MAT_006,Aerospace Grade 7075-T6 Billet,SUP_001,Apex Precision Metals GmbH,PLANT_02,Munich Engineering Works,W11,466,36.46,0.45,17209.66,37.01,W06,W11,5,SUB_MOQ_VIOLATION
MAT_006,Aerospace Grade 7075-T6 Billet,SUP_001,Apex Precision Metals GmbH,PLANT_03,Monterrey Global Production Hub,W11,544,36.46,4.8,22455.75,37.01,W04,W11,7,SUB_MOQ_VIOLATION
MAT_006,Aerospace Grade 7075-T6 Billet,SUP_001,Apex Precision Metals GmbH,PLANT_04,Tokyo Precision Facility,W11,1020,36.46,7.6,44958.82,37.01,W03,W11,8,SUB_MOQ_VIOLATION
MAT_006,Aerospace Grade 7075-T6 Billet,SUP_001,Apex Precision Metals GmbH,PLANT_05,Chennai Industrial Complex,W11,754,36.46,5.1,31352.86,37.01,W04,W11,7,SUB_MOQ_VIOLATION
MAT_006,Aerospace Grade 7075-T6 Billet,SUP_003,Nippon Advanced Metallurgy,PLANT_02,Munich Engineering Works,W11,352,37.9,6.5,15617.26,37.01,W03,W11,8,SUB_MOQ_VIOLATION
MAT_006,Aerospace Grade 7075-T6 Billet,SUP_003,Nippon Advanced Metallurgy,PLANT_04,Tokyo Precision Facility,W11,1531,37.9,0.45,58698.51,37.01,W06,W11,5,COMPLIANT
MAT_006,Aerospace Grade 7075-T6 Billet,SUP_003,Nippon Advanced Metallurgy,PLANT_05,Chennai Industrial Complex,W11,1132,37.9,3.6,46961.4,37.01,W04,W11,7,SUB_MOQ_VIOLATION
MAT_006,Aerospace Grade 7075-T6 Billet,SUP_005,MexSteel & Polymer Fabrica,PLANT_01,Detroit Advanced Assembly Hub,W11,907,38.93,1.7,36846.13,37.01,W07,W11,4,SUB_MOQ_VIOLATION
MAT_006,Aerospace Grade 7075-T6 Billet,SUP_005,MexSteel & Polymer Fabrica,PLANT_03,Monterrey Global Production Hub,W11,1011,38.93,0.45,39803.33,37.01,W07,W11,4,SUB_MOQ_VIOLATION
MAT_007,Structural Aluminum 6061-T6 Extrusion,SUP_001,Apex Precision Metals GmbH,PLANT_01,Detroit Advanced Assembly Hub,W11,1485,43.44,3.4,69575.67,44.33,W05,W11,6,COMPLIANT
MAT_007,Structural Aluminum 6061-T6 Extrusion,SUP_001,Apex Precision Metals GmbH,PLANT_02,Munich Engineering Works,W11,481,43.44,0.45,21113.72,44.33,W06,W11,5,SUB_MOQ_VIOLATION
MAT_007,Structural Aluminum 6061-T6 Extrusion,SUP_001,Apex Precision Metals GmbH,PLANT_03,Monterrey Global Production Hub,W11,529,43.44,4.8,25528.61,44.33,W04,W11,7,SUB_MOQ_VIOLATION
MAT_007,Structural Aluminum 6061-T6 Extrusion,SUP_001,Apex Precision Metals GmbH,PLANT_04,Tokyo Precision Facility,W11,792,43.44,7.6,40408.37,44.33,W03,W11,8,COMPLIANT
MAT_007,Structural Aluminum 6061-T6 Extrusion,SUP_001,Apex Precision Metals GmbH,PLANT_05,Chennai Industrial Complex,W11,775,43.44,5.1,37613.65,44.33,W04,W11,7,COMPLIANT
MAT_007,Structural Aluminum 6061-T6 Extrusion,SUP_003,Nippon Advanced Metallurgy,PLANT_02,Munich Engineering Works,W11,237,44.61,6.5,12110.0,44.33,W02,W11,9,SUB_MOQ_VIOLATION
MAT_007,Structural Aluminum 6061-T6 Extrusion,SUP_003,Nippon Advanced Metallurgy,PLANT_04,Tokyo Precision Facility,W11,1470,44.61,0.45,66251.72,44.33,W05,W11,6,COMPLIANT
MAT_007,Structural Aluminum 6061-T6 Extrusion,SUP_003,Nippon Advanced Metallurgy,PLANT_05,Chennai Industrial Complex,W11,1439,44.61,3.6,69379.01,44.33,W03,W11,8,COMPLIANT
MAT_007,Structural Aluminum 6061-T6 Extrusion,SUP_005,MexSteel & Polymer Fabrica,PLANT_01,Detroit Advanced Assembly Hub,W11,732,46.13,1.7,34992.91,44.33,W08,W11,3,COMPLIANT
MAT_007,Structural Aluminum 6061-T6 Extrusion,SUP_005,MexSteel & Polymer Fabrica,PLANT_03,Monterrey Global Production Hub,W11,983,46.13,0.45,45778.82,44.33,W08,W11,3,COMPLIANT
MAT_008,Marine Grade 5083-H116 Plate,SUP_001,Apex Precision Metals GmbH,PLANT_01,Detroit Advanced Assembly Hub,W11,469,15.98,3.4,9095.81,16.96,W07,W11,4,COMPLIANT
MAT_008,Marine Grade 5083-H116 Plate,SUP_001,Apex Precision Metals GmbH,PLANT_02,Munich Engineering Works,W11,890,15.98,0.45,14617.77,16.96,W08,W11,3,COMPLIANT
MAT_008,Marine Grade 5083-H116 Plate,SUP_001,Apex Precision Metals GmbH,PLANT_04,Tokyo Precision Facility,W11,352,15.98,7.6,8302.05,16.96,W05,W11,6,COMPLIANT
MAT_008,Marine Grade 5083-H116 Plate,SUP_001,Apex Precision Metals GmbH,PLANT_05,Chennai Industrial Complex,W11,492,15.98,5.1,10373.89,16.96,W06,W11,5,COMPLIANT
MAT_008,Marine Grade 5083-H116 Plate,SUP_003,Nippon Advanced Metallurgy,PLANT_04,Tokyo Precision Facility,W11,626,17.32,0.45,11122.6,16.96,W05,W11,6,COMPLIANT
MAT_008,Marine Grade 5083-H116 Plate,SUP_003,Nippon Advanced Metallurgy,PLANT_05,Chennai Industrial Complex,W11,875,17.32,3.6,18302.49,16.96,W03,W11,8,COMPLIANT
MAT_008,Marine Grade 5083-H116 Plate,SUP_005,MexSteel & Polymer Fabrica,PLANT_01,Detroit Advanced Assembly Hub,W11,288,17.33,1.7,5474.17,16.96,W05,W11,6,SUB_MOQ_VIOLATION
MAT_008,Marine Grade 5083-H116 Plate,SUP_005,MexSteel & Polymer Fabrica,PLANT_02,Munich Engineering Works,W11,545,17.33,4.9,12122.02,16.96,W03,W11,8,SUB_MOQ_VIOLATION
MAT_008,Marine Grade 5083-H116 Plate,SUP_005,MexSteel & Polymer Fabrica,PLANT_03,Monterrey Global Production Hub,W11,480,17.33,0.45,8533.33,16.96,W05,W11,6,SUB_MOQ_VIOLATION
MAT_008,Marine Grade 5083-H116 Plate,SUP_012,Monterrey Die & Mold S.A.,PLANT_03,Monterrey Global Production Hub,W11,362,18.51,0.45,6864.66,16.96,W05,W11,6,COMPLIANT
MAT_009,Die-Cast Aluminum A380 Ingot,SUP_001,Apex Precision Metals GmbH,PLANT_01,Detroit Advanced Assembly Hub,W11,749,27.55,3.4,23192.07,28.35,W07,W11,4,SUB_MOQ_VIOLATION
MAT_009,Die-Cast Aluminum A380 Ingot,SUP_001,Apex Precision Metals GmbH,PLANT_02,Munich Engineering Works,W11,1352,27.55,0.45,37867.2,28.35,W08,W11,3,COMPLIANT
MAT_009,Die-Cast Aluminum A380 Ingot,SUP_001,Apex Precision Metals GmbH,PLANT_03,Monterrey Global Production Hub,W11,658,27.55,4.8,21273.36,28.35,W06,W11,5,SUB_MOQ_VIOLATION
MAT_009,Die-Cast Aluminum A380 Ingot,SUP_001,Apex Precision Metals GmbH,PLANT_04,Tokyo Precision Facility,W11,245,27.55,7.6,8625.81,28.35,W05,W11,6,SUB_MOQ_VIOLATION
MAT_009,Die-Cast Aluminum A380 Ingot,SUP_001,Apex Precision Metals GmbH,PLANT_05,Chennai Industrial Complex,W11,706,27.55,5.1,23047.63,28.35,W06,W11,5,SUB_MOQ_VIOLATION
MAT_009,Die-Cast Aluminum A380 Ingot,SUP_003,Nippon Advanced Metallurgy,PLANT_02,Munich Engineering Works,W11,608,27.71,6.5,20786.0,28.35,W02,W11,9,COMPLIANT
MAT_009,Die-Cast Aluminum A380 Ingot,SUP_003,Nippon Advanced Metallurgy,PLANT_04,Tokyo Precision Facility,W11,573,27.71,0.45,16124.42,28.35,W05,W11,6,COMPLIANT
MAT_009,Die-Cast Aluminum A380 Ingot,SUP_003,Nippon Advanced Metallurgy,PLANT_05,Chennai Industrial Complex,W11,1647,27.71,3.6,51570.7,28.35,W03,W11,8,COMPLIANT
MAT_009,Die-Cast Aluminum A380 Ingot,SUP_005,MexSteel & Polymer Fabrica,PLANT_01,Detroit Advanced Assembly Hub,W11,337,29.65,1.7,10554.29,28.35,W04,W11,7,SUB_MOQ_VIOLATION
MAT_009,Die-Cast Aluminum A380 Ingot,SUP_005,MexSteel & Polymer Fabrica,PLANT_03,Monterrey Global Production Hub,W11,1397,29.65,0.45,42061.74,28.35,W04,W11,7,COMPLIANT
MAT_010,Alloy 2024-T3 Precision Sheet,SUP_001,Apex Precision Metals GmbH,PLANT_01,Detroit Advanced Assembly Hub,W11,1521,14.39,3.4,27058.95,15.01,W06,W11,5,COMPLIANT
MAT_010,Alloy 2024-T3 Precision Sheet,SUP_001,Apex Precision Metals GmbH,PLANT_02,Munich Engineering Works,W11,1166,14.39,0.45,17301.07,15.01,W07,W11,4,COMPLIANT
MAT_010,Alloy 2024-T3 Precision Sheet,SUP_001,Apex Precision Metals GmbH,PLANT_04,Tokyo Precision Facility,W11,322,14.39,7.6,7072.86,15.01,W04,W11,7,SUB_MOQ_VIOLATION
MAT_010,Alloy 2024-T3 Precision Sheet,SUP_001,Apex Precision Metals GmbH,PLANT_05,Chennai Industrial Complex,W11,902,14.39,5.1,17588.56,15.01,W05,W11,6,COMPLIANT
MAT_010,Alloy 2024-T3 Precision Sheet,SUP_003,Nippon Advanced Metallurgy,PLANT_04,Tokyo Precision Facility,W11,409,15.26,0.45,6431.05,15.01,W07,W11,4,SUB_MOQ_VIOLATION
MAT_010,Alloy 2024-T3 Precision Sheet,SUP_003,Nippon Advanced Metallurgy,PLANT_05,Chennai Industrial Complex,W11,1149,15.26,3.6,21661.84,15.01,W05,W11,6,COMPLIANT
MAT_010,Alloy 2024-T3 Precision Sheet,SUP_005,MexSteel & Polymer Fabrica,PLANT_01,Detroit Advanced Assembly Hub,W11,1057,15.42,1.7,18095.5,15.01,W06,W11,5,COMPLIANT
MAT_010,Alloy 2024-T3 Precision Sheet,SUP_005,MexSteel & Polymer Fabrica,PLANT_02,Munich Engineering Works,W11,757,15.42,4.9,15384.68,15.01,W04,W11,7,COMPLIANT
MAT_010,Alloy 2024-T3 Precision Sheet,SUP_005,MexSteel & Polymer Fabrica,PLANT_03,Monterrey Global Production Hub,W11,761,15.42,0.45,12077.7,15.01,W06,W11,5,COMPLIANT
MAT_010,Alloy 2024-T3 Precision Sheet,SUP_012,Monterrey Die & Mold S.A.,PLANT_02,Munich Engineering Works,W11,53,15.89,4.9,1102.7,15.01,W03,W11,8,SUB_MOQ_VIOLATION
MAT_010,Alloy 2024-T3 Precision Sheet,SUP_012,Monterrey Die & Mold S.A.,PLANT_03,Monterrey Global Production Hub,W11,447,15.89,0.45,7303.33,15.01,W05,W11,6,SUB_MOQ_VIOLATION
MAT_011,Engineered Polyamide PA66-GF30 Resin,SUP_002,Vanguard Industrial Dynamics,PLANT_01,Detroit Advanced Assembly Hub,W11,1476,10.91,0.5,16836.48,11.68,W06,W11,5,COMPLIANT
MAT_011,Engineered Polyamide PA66-GF30 Resin,SUP_002,Vanguard Industrial Dynamics,PLANT_02,Munich Engineering Works,W11,721,10.91,3.5,10389.9,11.68,W04,W11,7,SUB_MOQ_VIOLATION
MAT_011,Engineered Polyamide PA66-GF30 Resin,SUP_002,Vanguard Industrial Dynamics,PLANT_03,Monterrey Global Production Hub,W11,861,10.91,1.6,10767.48,11.68,W06,W11,5,SUB_MOQ_VIOLATION
MAT_011,Engineered Polyamide PA66-GF30 Resin,SUP_002,Vanguard Industrial Dynamics,PLANT_05,Chennai Industrial Complex,W11,371,10.91,6.4,6421.43,11.68,W03,W11,8,SUB_MOQ_VIOLATION
MAT_011,Engineered Polyamide PA66-GF30 Resin,SUP_004,Hansol High-Tech Components,PLANT_02,Munich Engineering Works,W11,461,11.47,6.55,8306.86,11.68,W02,W11,9,SUB_MOQ_VIOLATION
MAT_011,Engineered Polyamide PA66-GF30 Resin,SUP_004,Hansol High-Tech Components,PLANT_04,Tokyo Precision Facility,W11,1473,11.47,0.85,18142.92,11.68,W05,W11,6,COMPLIANT
MAT_011,Engineered Polyamide PA66-GF30 Resin,SUP_004,Hansol High-Tech Components,PLANT_05,Chennai Industrial Complex,W11,1550,11.47,3.55,23282.2,11.68,W03,W11,8,COMPLIANT
MAT_011,Engineered Polyamide PA66-GF30 Resin,SUP_005,MexSteel & Polymer Fabrica,PLANT_01,Detroit Advanced Assembly Hub,W11,943,12.28,1.7,13188.87,11.68,W05,W11,6,SUB_MOQ_VIOLATION
MAT_011,Engineered Polyamide PA66-GF30 Resin,SUP_005,MexSteel & Polymer Fabrica,PLANT_03,Monterrey Global Production Hub,W11,550,12.28,0.45,7005.19,11.68,W05,W11,6,SUB_MOQ_VIOLATION
MAT_011,Engineered Polyamide PA66-GF30 Resin,SUP_006,Saigon Composite Solutions,PLANT_04,Tokyo Precision Facility,W11,828,12.47,1.85,11862.12,11.68,W04,W11,7,SUB_MOQ_VIOLATION
MAT_011,Engineered Polyamide PA66-GF30 Resin,SUP_006,Saigon Composite Solutions,PLANT_05,Chennai Industrial Complex,W11,501,12.47,2.1,7298.89,11.68,W04,W11,7,SUB_MOQ_VIOLATION
MAT_012,High-Density Polyethylene HDPE Copolymer,SUP_002,Vanguard Industrial Dynamics,PLANT_01,Detroit Advanced Assembly Hub,W11,878,18.72,0.5,16873.62,19.14,W05,W11,6,COMPLIANT
MAT_012,High-Density Polyethylene HDPE Copolymer,SUP_002,Vanguard Industrial Dynamics,PLANT_02,Munich Engineering Works,W11,428,18.72,3.5,9505.72,19.14,W03,W11,8,SUB_MOQ_VIOLATION
MAT_012,High-Density Polyethylene HDPE Copolymer,SUP_002,Vanguard Industrial Dynamics,PLANT_03,Monterrey Global Production Hub,W11,349,18.72,1.6,7097.37,19.14,W05,W11,6,SUB_MOQ_VIOLATION
MAT_012,High-Density Polyethylene HDPE Copolymer,SUP_002,Vanguard Industrial Dynamics,PLANT_05,Chennai Industrial Complex,W11,86,18.72,6.4,2153.94,19.14,W02,W11,9,SUB_MOQ_VIOLATION
MAT_012,High-Density Polyethylene HDPE Copolymer,SUP_004,Hansol High-Tech Components,PLANT_04,Tokyo Precision Facility,W11,445,18.6,0.85,8663.03,19.14,W05,W11,6,SUB_MOQ_VIOLATION
MAT_012,High-Density Polyethylene HDPE Copolymer,SUP_004,Hansol High-Tech Components,PLANT_05,Chennai Industrial Complex,W11,764,18.6,3.55,16914.63,19.14,W03,W11,8,COMPLIANT
MAT_012,High-Density Polyethylene HDPE Copolymer,SUP_005,MexSteel & Polymer Fabrica,PLANT_01,Detroit Advanced Assembly Hub,W11,538,20.39,1.7,11886.19,19.14,W04,W11,7,SUB_MOQ_VIOLATION
MAT_012,High-Density Polyethylene HDPE Copolymer,SUP_005,MexSteel & Polymer Fabrica,PLANT_02,Munich Engineering Works,W11,262,20.39,4.9,6631.04,19.14,W02,W11,9,SUB_MOQ_VIOLATION
MAT_012,High-Density Polyethylene HDPE Copolymer,SUP_005,MexSteel & Polymer Fabrica,PLANT_03,Monterrey Global Production Hub,W11,400,20.39,0.45,8330.16,19.14,W04,W11,7,SUB_MOQ_VIOLATION
MAT_012,High-Density Polyethylene HDPE Copolymer,SUP_006,Saigon Composite Solutions,PLANT_04,Tokyo Precision Facility,W11,210,20.75,1.85,4736.96,19.14,W07,W11,4,SUB_MOQ_VIOLATION
MAT_012,High-Density Polyethylene HDPE Copolymer,SUP_006,Saigon Composite Solutions,PLANT_05,Chennai Industrial Complex,W11,274,20.75,2.1,6252.08,19.14,W07,W11,4,COMPLIANT
MAT_013,Polycarbonate Optical-Grade Pellets,SUP_002,Vanguard Industrial Dynamics,PLANT_01,Detroit Advanced Assembly Hub,W11,391,6.41,0.5,2701.26,6.69,W06,W11,5,COMPLIANT
MAT_013,Polycarbonate Optical-Grade Pellets,SUP_002,Vanguard Industrial Dynamics,PLANT_02,Munich Engineering Works,W11,827,6.41,3.5,8196.36,6.69,W04,W11,7,COMPLIANT
MAT_013,Polycarbonate Optical-Grade Pellets,SUP_002,Vanguard Industrial Dynamics,PLANT_03,Monterrey Global Production Hub,W11,611,6.41,1.6,4896.67,6.69,W06,W11,5,COMPLIANT
MAT_013,Polycarbonate Optical-Grade Pellets,SUP_002,Vanguard Industrial Dynamics,PLANT_05,Chennai Industrial Complex,W11,358,6.41,6.4,4580.36,6.69,W03,W11,8,COMPLIANT
MAT_013,Polycarbonate Optical-Grade Pellets,SUP_004,Hansol High-Tech Components,PLANT_04,Tokyo Precision Facility,W11,1103,6.62,0.85,8243.07,6.69,W06,W11,5,COMPLIANT
MAT_013,Polycarbonate Optical-Grade Pellets,SUP_004,Hansol High-Tech Components,PLANT_05,Chennai Industrial Complex,W11,1251,6.62,3.55,12721.55,6.69,W04,W11,7,COMPLIANT
MAT_013,Polycarbonate Optical-Grade Pellets,SUP_005,MexSteel & Polymer Fabrica,PLANT_01,Detroit Advanced Assembly Hub,W11,283,6.86,1.7,2423.16,6.69,W05,W11,6,COMPLIANT
MAT_013,Polycarbonate Optical-Grade Pellets,SUP_005,MexSteel & Polymer Fabrica,PLANT_02,Munich Engineering Works,W11,599,6.86,4.9,7043.3,6.69,W03,W11,8,COMPLIANT
MAT_013,Polycarbonate Optical-Grade Pellets,SUP_005,MexSteel & Polymer Fabrica,PLANT_03,Monterrey Global Production Hub,W11,443,6.86,0.45,3235.99,6.69,W05,W11,6,COMPLIANT
MAT_013,Polycarbonate Optical-Grade Pellets,SUP_006,Saigon Composite Solutions,PLANT_04,Tokyo Precision Facility,W11,544,7.43,1.85,5043.77,6.69,W06,W11,5,SUB_MOQ_VIOLATION
MAT_013,Polycarbonate Optical-Grade Pellets,SUP_006,Saigon Composite Solutions,PLANT_05,Chennai Industrial Complex,W11,259,7.43,2.1,2463.97,6.69,W06,W11,5,SUB_MOQ_VIOLATION
MAT_014,Polyether Ether Ketone PEEK Polymer,SUP_002,Vanguard Industrial Dynamics,PLANT_01,Detroit Advanced Assembly Hub,W11,428,10.82,0.5,4850.05,11.17,W07,W11,4,COMPLIANT
MAT_014,Polyether Ether Ketone PEEK Polymer,SUP_002,Vanguard Industrial Dynamics,PLANT_02,Munich Engineering Works,W11,1173,10.82,3.5,16791.63,11.17,W05,W11,6,COMPLIANT
MAT_014,Polyether Ether Ketone PEEK Polymer,SUP_002,Vanguard Industrial Dynamics,PLANT_03,Monterrey Global Production Hub,W11,1505,10.82,1.6,18696.45,11.17,W07,W11,4,COMPLIANT
MAT_014,Polyether Ether Ketone PEEK Polymer,SUP_002,Vanguard Industrial Dynamics,PLANT_05,Chennai Industrial Complex,W11,407,10.82,6.4,7006.71,11.17,W04,W11,7,COMPLIANT
MAT_014,Polyether Ether Ketone PEEK Polymer,SUP_004,Hansol High-Tech Components,PLANT_04,Tokyo Precision Facility,W11,988,10.94,0.85,11654.06,11.17,W05,W11,6,COMPLIANT
MAT_014,Polyether Ether Ketone PEEK Polymer,SUP_004,Hansol High-Tech Components,PLANT_05,Chennai Industrial Complex,W11,1265,10.94,3.55,18330.43,11.17,W03,W11,8,COMPLIANT
MAT_014,Polyether Ether Ketone PEEK Polymer,SUP_005,MexSteel & Polymer Fabrica,PLANT_01,Detroit Advanced Assembly Hub,W11,351,11.43,1.7,4602.72,11.17,W06,W11,5,SUB_MOQ_VIOLATION
MAT_014,Polyether Ether Ketone PEEK Polymer,SUP_005,MexSteel & Polymer Fabrica,PLANT_02,Munich Engineering Works,W11,959,11.43,4.9,15667.0,11.17,W04,W11,7,COMPLIANT
MAT_014,Polyether Ether Ketone PEEK Polymer,SUP_005,MexSteel & Polymer Fabrica,PLANT_03,Monterrey Global Production Hub,W11,1232,11.43,0.45,14632.0,11.17,W06,W11,5,COMPLIANT
MAT_014,Polyether Ether Ketone PEEK Polymer,SUP_006,Saigon Composite Solutions,PLANT_04,Tokyo Precision Facility,W11,581,12.23,1.85,8173.86,11.17,W06,W11,5,COMPLIANT
MAT_014,Polyether Ether Ketone PEEK Polymer,SUP_006,Saigon Composite Solutions,PLANT_05,Chennai Industrial Complex,W11,336,12.23,2.1,4815.83,11.17,W06,W11,5,COMPLIANT
MAT_015,Thermoplastic Polyurethane TPU Elastomer,SUP_002,Vanguard Industrial Dynamics,PLANT_01,Detroit Advanced Assembly Hub,W11,1417,21.33,0.5,30923.72,22.9,W04,W11,7,COMPLIANT
MAT_015,Thermoplastic Polyurethane TPU Elastomer,SUP_002,Vanguard Industrial Dynamics,PLANT_02,Munich Engineering Works,W11,560,21.33,3.5,13911.75,22.9,W02,W11,9,SUB_MOQ_VIOLATION
MAT_015,Thermoplastic Polyurethane TPU Elastomer,SUP_002,Vanguard Industrial Dynamics,PLANT_03,Monterrey Global Production Hub,W11,998,21.33,1.6,22878.18,22.9,W04,W11,7,COMPLIANT
MAT_015,Thermoplastic Polyurethane TPU Elastomer,SUP_002,Vanguard Industrial Dynamics,PLANT_04,Tokyo Precision Facility,W11,264,21.33,6.2,7267.92,22.9,W01,W11,10,SUB_MOQ_VIOLATION
MAT_015,Thermoplastic Polyurethane TPU Elastomer,SUP_002,Vanguard Industrial Dynamics,PLANT_05,Chennai Industrial Complex,W11,459,21.33,6.4,12738.05,22.9,W01,W11,10,SUB_MOQ_VIOLATION
MAT_015,Thermoplastic Polyurethane TPU Elastomer,SUP_004,Hansol High-Tech Components,PLANT_04,Tokyo Precision Facility,W11,536,22.76,0.85,12654.96,22.9,W08,W11,3,COMPLIANT
MAT_015,Thermoplastic Polyurethane TPU Elastomer,SUP_004,Hansol High-Tech Components,PLANT_05,Chennai Industrial Complex,W11,933,22.76,3.55,24537.76,22.9,W06,W11,5,COMPLIANT
MAT_015,Thermoplastic Polyurethane TPU Elastomer,SUP_005,MexSteel & Polymer Fabrica,PLANT_01,Detroit Advanced Assembly Hub,W11,636,23.46,1.7,16012.58,22.9,W04,W11,7,SUB_MOQ_VIOLATION
MAT_015,Thermoplastic Polyurethane TPU Elastomer,SUP_005,MexSteel & Polymer Fabrica,PLANT_02,Munich Engineering Works,W11,252,23.46,4.9,7138.78,22.9,W02,W11,9,SUB_MOQ_VIOLATION
MAT_015,Thermoplastic Polyurethane TPU Elastomer,SUP_005,MexSteel & Polymer Fabrica,PLANT_03,Monterrey Global Production Hub,W11,448,23.46,0.45,10717.9,22.9,W04,W11,7,SUB_MOQ_VIOLATION
MAT_016,Quad-Core Embedded Controller SoC,SUP_003,Nippon Advanced Metallurgy,PLANT_01,Detroit Advanced Assembly Hub,W11,1696,212.57,5.1,369118.26,227.56,W06,W11,5,COMPLIANT
MAT_016,Quad-Core Embedded Controller SoC,SUP_003,Nippon Advanced Metallurgy,PLANT_02,Munich Engineering Works,W11,1523,212.57,6.5,333623.89,227.56,W05,W11,6,COMPLIANT
MAT_016,Quad-Core Embedded Controller SoC,SUP_003,Nippon Advanced Metallurgy,PLANT_03,Monterrey Global Production Hub,W11,1863,212.57,5.3,405950.63,227.56,W05,W11,6,COMPLIANT
MAT_016,Quad-Core Embedded Controller SoC,SUP_003,Nippon Advanced Metallurgy,PLANT_04,Tokyo Precision Facility,W11,697,212.57,0.45,148575.06,227.56,W08,W11,3,SUB_MOQ_VIOLATION
MAT_016,Quad-Core Embedded Controller SoC,SUP_003,Nippon Advanced Metallurgy,PLANT_05,Chennai Industrial Complex,W11,762,212.57,3.6,164820.98,227.56,W06,W11,5,COMPLIANT
MAT_016,Quad-Core Embedded Controller SoC,SUP_004,Hansol High-Tech Components,PLANT_01,Detroit Advanced Assembly Hub,W11,835,222.17,5.15,189864.48,227.56,W02,W11,9,COMPLIANT
MAT_016,Quad-Core Embedded Controller SoC,SUP_004,Hansol High-Tech Components,PLANT_02,Munich Engineering Works,W11,750,222.17,6.55,171560.58,227.56,W02,W11,9,COMPLIANT
MAT_016,Quad-Core Embedded Controller SoC,SUP_004,Hansol High-Tech Components,PLANT_03,Monterrey Global Production Hub,W11,918,222.17,5.35,208801.93,227.56,W02,W11,9,COMPLIANT
MAT_016,Quad-Core Embedded Controller SoC,SUP_004,Hansol High-Tech Components,PLANT_04,Tokyo Precision Facility,W11,344,222.17,0.85,76614.06,227.56,W05,W11,6,SUB_MOQ_VIOLATION
MAT_016,Quad-Core Embedded Controller SoC,SUP_004,Hansol High-Tech Components,PLANT_05,Chennai Industrial Complex,W11,376,222.17,3.55,84766.89,227.56,W03,W11,8,SUB_MOQ_VIOLATION
MAT_017,Industrial Power Management Module,SUP_003,Nippon Advanced Metallurgy,PLANT_01,Detroit Advanced Assembly Hub,W11,803,113.98,5.1,95630.77,118.85,W02,W11,9,SUB_MOQ_VIOLATION
MAT_017,Industrial Power Management Module,SUP_003,Nippon Advanced Metallurgy,PLANT_02,Munich Engineering Works,W11,960,113.98,6.5,115680.08,118.85,W01,W11,10,SUB_MOQ_VIOLATION
MAT_017,Industrial Power Management Module,SUP_003,Nippon Advanced Metallurgy,PLANT_03,Monterrey Global Production Hub,W11,1160,113.98,5.3,138374.34,118.85,W01,W11,10,COMPLIANT
MAT_017,Industrial Power Management Module,SUP_003,Nippon Advanced Metallurgy,PLANT_04,Tokyo Precision Facility,W11,929,113.98,0.45,106291.74,118.85,W04,W11,7,SUB_MOQ_VIOLATION
MAT_017,Industrial Power Management Module,SUP_003,Nippon Advanced Metallurgy,PLANT_05,Chennai Industrial Complex,W11,1571,113.98,3.6,184694.66,118.85,W02,W11,9,COMPLIANT
MAT_017,Industrial Power Management Module,SUP_004,Hansol High-Tech Components,PLANT_01,Detroit Advanced Assembly Hub,W11,378,121.21,5.15,47753.97,118.85,W03,W11,8,COMPLIANT
MAT_017,Industrial Power Management Module,SUP_004,Hansol High-Tech Components,PLANT_02,Munich Engineering Works,W11,452,121.21,6.55,57727.08,118.85,W03,W11,8,COMPLIANT
MAT_017,Industrial Power Management Module,SUP_004,Hansol High-Tech Components,PLANT_03,Monterrey Global Production Hub,W11,546,121.21,5.35,69091.64,118.85,W03,W11,8,COMPLIANT
MAT_017,Industrial Power Management Module,SUP_004,Hansol High-Tech Components,PLANT_04,Tokyo Precision Facility,W11,437,121.21,0.85,53354.87,118.85,W06,W11,5,COMPLIANT
MAT_017,Industrial Power Management Module,SUP_004,Hansol High-Tech Components,PLANT_05,Chennai Industrial Complex,W11,739,121.21,3.55,92222.59,118.85,W04,W11,7,COMPLIANT
MAT_018,Multi-Layer High-Frequency PCB Array,SUP_003,Nippon Advanced Metallurgy,PLANT_01,Detroit Advanced Assembly Hub,W11,829,230.16,5.1,195018.78,242.4,W05,W11,6,SUB_MOQ_VIOLATION
MAT_018,Multi-Layer High-Frequency PCB Array,SUP_003,Nippon Advanced Metallurgy,PLANT_02,Munich Engineering Works,W11,1345,230.16,6.5,318215.4,242.4,W04,W11,7,COMPLIANT
MAT_018,Multi-Layer High-Frequency PCB Array,SUP_003,Nippon Advanced Metallurgy,PLANT_03,Monterrey Global Production Hub,W11,501,230.16,5.3,117944.27,242.4,W04,W11,7,SUB_MOQ_VIOLATION
MAT_018,Multi-Layer High-Frequency PCB Array,SUP_003,Nippon Advanced Metallurgy,PLANT_04,Tokyo Precision Facility,W11,640,230.16,0.45,147624.99,242.4,W07,W11,4,SUB_MOQ_VIOLATION
MAT_018,Multi-Layer High-Frequency PCB Array,SUP_003,Nippon Advanced Metallurgy,PLANT_05,Chennai Industrial Complex,W11,1308,230.16,3.6,305765.09,242.4,W05,W11,6,COMPLIANT
MAT_018,Multi-Layer High-Frequency PCB Array,SUP_004,Hansol High-Tech Components,PLANT_01,Detroit Advanced Assembly Hub,W11,576,239.2,5.15,140757.82,242.4,W03,W11,8,SUB_MOQ_VIOLATION
MAT_018,Multi-Layer High-Frequency PCB Array,SUP_004,Hansol High-Tech Components,PLANT_02,Munich Engineering Works,W11,934,239.2,6.55,229626.34,242.4,W03,W11,8,SUB_MOQ_VIOLATION
MAT_018,Multi-Layer High-Frequency PCB Array,SUP_004,Hansol High-Tech Components,PLANT_03,Monterrey Global Production Hub,W11,348,239.2,5.35,85125.41,242.4,W03,W11,8,SUB_MOQ_VIOLATION
MAT_018,Multi-Layer High-Frequency PCB Array,SUP_004,Hansol High-Tech Components,PLANT_04,Tokyo Precision Facility,W11,445,239.2,0.85,106786.24,242.4,W06,W11,5,SUB_MOQ_VIOLATION
MAT_018,Multi-Layer High-Frequency PCB Array,SUP_004,Hansol High-Tech Components,PLANT_05,Chennai Industrial Complex,W11,909,239.2,3.55,220652.47,242.4,W04,W11,7,SUB_MOQ_VIOLATION
MAT_019,Precision MEMS IMU Sensor Package,SUP_003,Nippon Advanced Metallurgy,PLANT_01,Detroit Advanced Assembly Hub,W11,1516,307.13,5.1,473490.55,316.16,W03,W11,8,COMPLIANT
MAT_019,Precision MEMS IMU Sensor Package,SUP_003,Nippon Advanced Metallurgy,PLANT_02,Munich Engineering Works,W11,1258,307.13,6.5,394646.9,316.16,W02,W11,9,COMPLIANT
MAT_019,Precision MEMS IMU Sensor Package,SUP_003,Nippon Advanced Metallurgy,PLANT_03,Monterrey Global Production Hub,W11,1374,307.13,5.3,429178.84,316.16,W02,W11,9,COMPLIANT
MAT_019,Precision MEMS IMU Sensor Package,SUP_003,Nippon Advanced Metallurgy,PLANT_04,Tokyo Precision Facility,W11,1019,307.13,0.45,313485.54,316.16,W05,W11,6,COMPLIANT
MAT_019,Precision MEMS IMU Sensor Package,SUP_003,Nippon Advanced Metallurgy,PLANT_05,Chennai Industrial Complex,W11,602,307.13,3.6,187059.46,316.16,W03,W11,8,SUB_MOQ_VIOLATION
MAT_019,Precision MEMS IMU Sensor Package,SUP_004,Hansol High-Tech Components,PLANT_01,Detroit Advanced Assembly Hub,W11,1192,310.88,5.15,376556.07,316.16,W03,W11,8,COMPLIANT
MAT_019,Precision MEMS IMU Sensor Package,SUP_004,Hansol High-Tech Components,PLANT_02,Munich Engineering Works,W11,989,310.88,6.55,313836.69,316.16,W03,W11,8,COMPLIANT
MAT_019,Precision MEMS IMU Sensor Package,SUP_004,Hansol High-Tech Components,PLANT_03,Monterrey Global Production Hub,W11,1079,310.88,5.35,341313.36,316.16,W03,W11,8,COMPLIANT
MAT_019,Precision MEMS IMU Sensor Package,SUP_004,Hansol High-Tech Components,PLANT_04,Tokyo Precision Facility,W11,801,310.88,0.85,249633.38,316.16,W06,W11,5,COMPLIANT
MAT_019,Precision MEMS IMU Sensor Package,SUP_004,Hansol High-Tech Components,PLANT_05,Chennai Industrial Complex,W11,473,310.88,3.55,148725.39,316.16,W04,W11,7,SUB_MOQ_VIOLATION
MAT_020,Fiber-Optic Gigabit Transceiver Subassembly,SUP_003,Nippon Advanced Metallurgy,PLANT_01,Detroit Advanced Assembly Hub,W11,1402,44.87,5.1,70079.93,47.18,W04,W11,7,COMPLIANT
MAT_020,Fiber-Optic Gigabit Transceiver Subassembly,SUP_003,Nippon Advanced Metallurgy,PLANT_02,Munich Engineering Works,W11,771,44.87,6.5,39626.82,47.18,W03,W11,8,SUB_MOQ_VIOLATION
MAT_020,Fiber-Optic Gigabit Transceiver Subassembly,SUP_003,Nippon Advanced Metallurgy,PLANT_03,Monterrey Global Production Hub,W11,1234,44.87,5.3,61921.82,47.18,W03,W11,8,COMPLIANT
MAT_020,Fiber-Optic Gigabit Transceiver Subassembly,SUP_003,Nippon Advanced Metallurgy,PLANT_04,Tokyo Precision Facility,W11,1007,44.87,0.45,45658.09,47.18,W06,W11,5,COMPLIANT
MAT_020,Fiber-Optic Gigabit Transceiver Subassembly,SUP_003,Nippon Advanced Metallurgy,PLANT_05,Chennai Industrial Complex,W11,1270,44.87,3.6,61538.48,47.18,W04,W11,7,COMPLIANT
MAT_020,Fiber-Optic Gigabit Transceiver Subassembly,SUP_004,Hansol High-Tech Components,PLANT_01,Detroit Advanced Assembly Hub,W11,1016,47.81,5.15,53784.06,47.18,W05,W11,6,COMPLIANT
MAT_020,Fiber-Optic Gigabit Transceiver Subassembly,SUP_004,Hansol High-Tech Components,PLANT_02,Munich Engineering Works,W11,559,47.81,6.55,30365.5,47.18,W05,W11,6,SUB_MOQ_VIOLATION
MAT_020,Fiber-Optic Gigabit Transceiver Subassembly,SUP_004,Hansol High-Tech Components,PLANT_03,Monterrey Global Production Hub,W11,894,47.81,5.35,47512.28,47.18,W05,W11,6,COMPLIANT
MAT_020,Fiber-Optic Gigabit Transceiver Subassembly,SUP_004,Hansol High-Tech Components,PLANT_04,Tokyo Precision Facility,W11,730,47.81,0.85,35499.42,47.18,W08,W11,3,SUB_MOQ_VIOLATION
MAT_020,Fiber-Optic Gigabit Transceiver Subassembly,SUP_004,Hansol High-Tech Components,PLANT_05,Chennai Industrial Complex,W11,919,47.81,3.55,47219.36,47.18,W06,W11,5,COMPLIANT
MAT_021,Angular Contact Spindle Bearing 7008,SUP_003,Nippon Advanced Metallurgy,PLANT_01,Detroit Advanced Assembly Hub,W11,895,116.17,5.1,108593.65,120.34,W02,W11,9,SUB_MOQ_VIOLATION
MAT_021,Angular Contact Spindle Bearing 7008,SUP_003,Nippon Advanced Metallurgy,PLANT_02,Munich Engineering Works,W11,1289,116.17,6.5,158093.42,120.34,W01,W11,10,COMPLIANT
MAT_021,Angular Contact Spindle Bearing 7008,SUP_003,Nippon Advanced Metallurgy,PLANT_03,Monterrey Global Production Hub,W11,376,116.17,5.3,45697.01,120.34,W01,W11,10,SUB_MOQ_VIOLATION
MAT_021,Angular Contact Spindle Bearing 7008,SUP_003,Nippon Advanced Metallurgy,PLANT_04,Tokyo Precision Facility,W11,1327,116.17,0.45,154750.08,120.34,W04,W11,7,COMPLIANT
MAT_021,Angular Contact Spindle Bearing 7008,SUP_003,Nippon Advanced Metallurgy,PLANT_05,Chennai Industrial Complex,W11,540,116.17,3.6,64718.92,120.34,W02,W11,9,SUB_MOQ_VIOLATION
MAT_021,Angular Contact Spindle Bearing 7008,SUP_011,Shinshu Bearing & Motion Systems,PLANT_01,Detroit Advanced Assembly Hub,W11,676,118.13,5.1,83245.56,120.34,W04,W11,7,COMPLIANT
MAT_021,Angular Contact Spindle Bearing 7008,SUP_011,Shinshu Bearing & Motion Systems,PLANT_02,Munich Engineering Works,W11,972,118.13,6.5,121169.02,120.34,W03,W11,8,COMPLIANT
MAT_021,Angular Contact Spindle Bearing 7008,SUP_011,Shinshu Bearing & Motion Systems,PLANT_03,Monterrey Global Production Hub,W11,284,118.13,5.3,35029.43,120.34,W03,W11,8,SUB_MOQ_VIOLATION
MAT_021,Angular Contact Spindle Bearing 7008,SUP_011,Shinshu Bearing & Motion Systems,PLANT_04,Tokyo Precision Facility,W11,1001,118.13,0.45,118703.32,120.34,W06,W11,5,COMPLIANT
MAT_021,Angular Contact Spindle Bearing 7008,SUP_011,Shinshu Bearing & Motion Systems,PLANT_05,Chennai Industrial Complex,W11,408,118.13,3.6,49622.02,120.34,W04,W11,7,SUB_MOQ_VIOLATION
MAT_022,Double-Row Tapered Roller Bearing,SUP_003,Nippon Advanced Metallurgy,PLANT_01,Detroit Advanced Assembly Hub,W11,942,103.66,5.1,102468.23,106.66,W03,W11,8,COMPLIANT
MAT_022,Double-Row Tapered Roller Bearing,SUP_003,Nippon Advanced Metallurgy,PLANT_02,Munich Engineering Works,W11,1178,103.66,6.5,129779.5,106.66,W02,W11,9,COMPLIANT
MAT_022,Double-Row Tapered Roller Bearing,SUP_003,Nippon Advanced Metallurgy,PLANT_03,Monterrey Global Production Hub,W11,1481,103.66,5.3,161386.1,106.66,W02,W11,9,COMPLIANT
MAT_022,Double-Row Tapered Roller Bearing,SUP_003,Nippon Advanced Metallurgy,PLANT_04,Tokyo Precision Facility,W11,419,103.66,0.45,43632.5,106.66,W05,W11,6,SUB_MOQ_VIOLATION
MAT_022,Double-Row Tapered Roller Bearing,SUP_003,Nippon Advanced Metallurgy,PLANT_05,Chennai Industrial Complex,W11,1241,103.66,3.6,133147.2,106.66,W03,W11,8,COMPLIANT
MAT_022,Double-Row Tapered Roller Bearing,SUP_011,Shinshu Bearing & Motion Systems,PLANT_01,Detroit Advanced Assembly Hub,W11,771,105.28,5.1,85086.42,106.66,W03,W11,8,SUB_MOQ_VIOLATION
MAT_022,Double-Row Tapered Roller Bearing,SUP_011,Shinshu Bearing & Motion Systems,PLANT_02,Munich Engineering Works,W11,964,105.28,6.5,107744.74,106.66,W02,W11,9,SUB_MOQ_VIOLATION
MAT_022,Double-Row Tapered Roller Bearing,SUP_011,Shinshu Bearing & Motion Systems,PLANT_03,Monterrey Global Production Hub,W11,1212,105.28,5.3,134006.37,106.66,W02,W11,9,COMPLIANT
MAT_022,Double-Row Tapered Roller Bearing,SUP_011,Shinshu Bearing & Motion Systems,PLANT_04,Tokyo Precision Facility,W11,343,105.28,0.45,36254.82,106.66,W05,W11,6,SUB_MOQ_VIOLATION
MAT_022,Double-Row Tapered Roller Bearing,SUP_011,Shinshu Bearing & Motion Systems,PLANT_05,Chennai Industrial Complex,W11,1016,105.28,3.6,110583.97,106.66,W03,W11,8,COMPLIANT
MAT_023,Deep-Groove Ceramic Hybrid Bearing,SUP_003,Nippon Advanced Metallurgy,PLANT_01,Detroit Advanced Assembly Hub,W11,1396,57.2,5.1,86975.78,61.21,W05,W11,6,COMPLIANT
MAT_023,Deep-Groove Ceramic Hybrid Bearing,SUP_003,Nippon Advanced Metallurgy,PLANT_02,Munich Engineering Works,W11,1248,57.2,6.5,79499.51,61.21,W04,W11,7,COMPLIANT
MAT_023,Deep-Groove Ceramic Hybrid Bearing,SUP_003,Nippon Advanced Metallurgy,PLANT_03,Monterrey Global Production Hub,W11,1089,57.2,5.3,68040.0,61.21,W04,W11,7,COMPLIANT
MAT_023,Deep-Groove Ceramic Hybrid Bearing,SUP_003,Nippon Advanced Metallurgy,PLANT_04,Tokyo Precision Facility,W11,1618,57.2,0.45,93268.48,61.21,W07,W11,4,COMPLIANT
MAT_023,Deep-Groove Ceramic Hybrid Bearing,SUP_003,Nippon Advanced Metallurgy,PLANT_05,Chennai Industrial Complex,W11,1288,57.2,3.6,78293.38,61.21,W05,W11,6,COMPLIANT
MAT_023,Deep-Groove Ceramic Hybrid Bearing,SUP_011,Shinshu Bearing & Motion Systems,PLANT_01,Detroit Advanced Assembly Hub,W11,820,60.49,5.1,53778.55,61.21,W06,W11,5,COMPLIANT
MAT_023,Deep-Groove Ceramic Hybrid Bearing,SUP_011,Shinshu Bearing & Motion Systems,PLANT_02,Munich Engineering Works,W11,733,60.49,6.5,49101.66,61.21,W05,W11,6,COMPLIANT
MAT_023,Deep-Groove Ceramic Hybrid Bearing,SUP_011,Shinshu Bearing & Motion Systems,PLANT_03,Monterrey Global Production Hub,W11,639,60.49,5.3,42063.49,61.21,W05,W11,6,COMPLIANT
MAT_023,Deep-Groove Ceramic Hybrid Bearing,SUP_011,Shinshu Bearing & Motion Systems,PLANT_04,Tokyo Precision Facility,W11,950,60.49,0.45,57902.75,61.21,W08,W11,3,COMPLIANT
MAT_023,Deep-Groove Ceramic Hybrid Bearing,SUP_011,Shinshu Bearing & Motion Systems,PLANT_05,Chennai Industrial Complex,W11,756,60.49,3.6,48469.99,61.21,W06,W11,5,COMPLIANT
MAT_024,Sealed Spherical Roller Bearing 22210,SUP_003,Nippon Advanced Metallurgy,PLANT_01,Detroit Advanced Assembly Hub,W11,1252,37.17,5.1,52930.49,37.75,W02,W11,9,COMPLIANT
MAT_024,Sealed Spherical Roller Bearing 22210,SUP_003,Nippon Advanced Metallurgy,PLANT_02,Munich Engineering Works,W11,490,37.17,6.5,21407.03,37.75,W01,W11,10,SUB_MOQ_VIOLATION
MAT_024,Sealed Spherical Roller Bearing 22210,SUP_003,Nippon Advanced Metallurgy,PLANT_03,Monterrey Global Production Hub,W11,661,37.17,5.3,28081.16,37.75,W01,W11,10,SUB_MOQ_VIOLATION
MAT_024,Sealed Spherical Roller Bearing 22210,SUP_003,Nippon Advanced Metallurgy,PLANT_04,Tokyo Precision Facility,W11,1226,37.17,0.45,46137.17,37.75,W04,W11,7,COMPLIANT
MAT_024,Sealed Spherical Roller Bearing 22210,SUP_003,Nippon Advanced Metallurgy,PLANT_05,Chennai Industrial Complex,W11,1285,37.17,3.6,52397.6,37.75,W02,W11,9,COMPLIANT
MAT_024,Sealed Spherical Roller Bearing 22210,SUP_011,Shinshu Bearing & Motion Systems,PLANT_01,Detroit Advanced Assembly Hub,W11,835,38.02,5.1,35996.58,37.75,W06,W11,5,SUB_MOQ_VIOLATION
MAT_024,Sealed Spherical Roller Bearing 22210,SUP_011,Shinshu Bearing & Motion Systems,PLANT_02,Munich Engineering Works,W11,327,38.02,6.5,14549.14,37.75,W05,W11,6,SUB_MOQ_VIOLATION
MAT_024,Sealed Spherical Roller Bearing 22210,SUP_011,Shinshu Bearing & Motion Systems,PLANT_03,Monterrey Global Production Hub,W11,441,38.02,5.3,19095.46,37.75,W05,W11,6,SUB_MOQ_VIOLATION
MAT_024,Sealed Spherical Roller Bearing 22210,SUP_011,Shinshu Bearing & Motion Systems,PLANT_04,Tokyo Precision Facility,W11,818,38.02,0.45,31453.07,37.75,W08,W11,3,SUB_MOQ_VIOLATION
MAT_024,Sealed Spherical Roller Bearing 22210,SUP_011,Shinshu Bearing & Motion Systems,PLANT_05,Chennai Industrial Complex,W11,857,38.02,3.6,35660.02,37.75,W06,W11,5,SUB_MOQ_VIOLATION
MAT_025,High-Speed Miniature Precision Bearing,SUP_003,Nippon Advanced Metallurgy,PLANT_01,Detroit Advanced Assembly Hub,W11,1056,131.11,5.1,143903.14,139.57,W03,W11,8,COMPLIANT
MAT_025,High-Speed Miniature Precision Bearing,SUP_003,Nippon Advanced Metallurgy,PLANT_02,Munich Engineering Works,W11,1498,131.11,6.5,206128.77,139.57,W02,W11,9,COMPLIANT
MAT_025,High-Speed Miniature Precision Bearing,SUP_003,Nippon Advanced Metallurgy,PLANT_03,Monterrey Global Production Hub,W11,1230,131.11,5.3,167795.21,139.57,W02,W11,9,COMPLIANT
MAT_025,High-Speed Miniature Precision Bearing,SUP_003,Nippon Advanced Metallurgy,PLANT_04,Tokyo Precision Facility,W11,947,131.11,0.45,124553.11,139.57,W05,W11,6,SUB_MOQ_VIOLATION
MAT_025,High-Speed Miniature Precision Bearing,SUP_003,Nippon Advanced Metallurgy,PLANT_05,Chennai Industrial Complex,W11,1228,131.11,3.6,165370.0,139.57,W03,W11,8,COMPLIANT
MAT_025,High-Speed Miniature Precision Bearing,SUP_011,Shinshu Bearing & Motion Systems,PLANT_01,Detroit Advanced Assembly Hub,W11,648,135.66,5.1,91144.92,139.57,W04,W11,7,SUB_MOQ_VIOLATION
MAT_025,High-Speed Miniature Precision Bearing,SUP_011,Shinshu Bearing & Motion Systems,PLANT_02,Munich Engineering Works,W11,918,135.66,6.5,130514.25,139.57,W03,W11,8,COMPLIANT
MAT_025,High-Speed Miniature Precision Bearing,SUP_011,Shinshu Bearing & Motion Systems,PLANT_03,Monterrey Global Production Hub,W11,754,135.66,5.3,106272.56,139.57,W03,W11,8,COMPLIANT
MAT_025,High-Speed Miniature Precision Bearing,SUP_011,Shinshu Bearing & Motion Systems,PLANT_04,Tokyo Precision Facility,W11,580,135.66,0.45,78979.19,139.57,W06,W11,5,SUB_MOQ_VIOLATION
MAT_025,High-Speed Miniature Precision Bearing,SUP_011,Shinshu Bearing & Motion Systems,PLANT_05,Chennai Industrial Complex,W11,752,135.66,3.6,104779.22,139.57,W04,W11,7,COMPLIANT
MAT_026,Proportional Electro-Hydraulic Valve,SUP_001,Apex Precision Metals GmbH,PLANT_01,Detroit Advanced Assembly Hub,W11,1023,185.93,3.4,193605.07,194.59,W06,W11,5,SUB_MOQ_VIOLATION
MAT_026,Proportional Electro-Hydraulic Valve,SUP_001,Apex Precision Metals GmbH,PLANT_02,Munich Engineering Works,W11,1646,185.93,0.45,306844.85,194.59,W07,W11,4,COMPLIANT
MAT_026,Proportional Electro-Hydraulic Valve,SUP_001,Apex Precision Metals GmbH,PLANT_03,Monterrey Global Production Hub,W11,1141,185.93,4.8,217672.52,194.59,W05,W11,6,SUB_MOQ_VIOLATION
MAT_026,Proportional Electro-Hydraulic Valve,SUP_001,Apex Precision Metals GmbH,PLANT_04,Tokyo Precision Facility,W11,1113,185.93,7.6,215393.08,194.59,W04,W11,7,SUB_MOQ_VIOLATION
MAT_026,Proportional Electro-Hydraulic Valve,SUP_001,Apex Precision Metals GmbH,PLANT_05,Chennai Industrial Complex,W11,551,185.93,5.1,105316.75,194.59,W05,W11,6,SUB_MOQ_VIOLATION
MAT_026,Proportional Electro-Hydraulic Valve,SUP_009,EuroHydraulics SpA,PLANT_01,Detroit Advanced Assembly Hub,W11,459,198.4,3.4,92710.96,194.59,W07,W11,4,COMPLIANT
MAT_026,Proportional Electro-Hydraulic Valve,SUP_009,EuroHydraulics SpA,PLANT_02,Munich Engineering Works,W11,740,198.4,0.45,147081.39,194.59,W08,W11,3,COMPLIANT
MAT_026,Proportional Electro-Hydraulic Valve,SUP_009,EuroHydraulics SpA,PLANT_03,Monterrey Global Production Hub,W11,513,198.4,4.8,104188.77,194.59,W06,W11,5,COMPLIANT
MAT_026,Proportional Electro-Hydraulic Valve,SUP_009,EuroHydraulics SpA,PLANT_04,Tokyo Precision Facility,W11,500,198.4,7.6,103006.18,194.59,W05,W11,6,COMPLIANT
MAT_026,Proportional Electro-Hydraulic Valve,SUP_009,EuroHydraulics SpA,PLANT_05,Chennai Industrial Complex,W11,248,198.4,5.1,50404.92,194.59,W06,W11,5,SUB_MOQ_VIOLATION
MAT_027,Double-Acting Heavy Cylinder 3000 PSI,SUP_001,Apex Precision Metals GmbH,PLANT_01,Detroit Advanced Assembly Hub,W11,735,95.5,3.4,72723.15,100.71,W05,W11,6,SUB_MOQ_VIOLATION
MAT_027,Double-Acting Heavy Cylinder 3000 PSI,SUP_001,Apex Precision Metals GmbH,PLANT_02,Munich Engineering Works,W11,1642,95.5,0.45,157586.36,100.71,W06,W11,5,COMPLIANT
MAT_027,Double-Acting Heavy Cylinder 3000 PSI,SUP_001,Apex Precision Metals GmbH,PLANT_03,Monterrey Global Production Hub,W11,929,95.5,4.8,93154.63,100.71,W04,W11,7,SUB_MOQ_VIOLATION
MAT_027,Double-Acting Heavy Cylinder 3000 PSI,SUP_001,Apex Precision Metals GmbH,PLANT_04,Tokyo Precision Facility,W11,677,95.5,7.6,69802.82,100.71,W03,W11,8,SUB_MOQ_VIOLATION
MAT_027,Double-Acting Heavy Cylinder 3000 PSI,SUP_001,Apex Precision Metals GmbH,PLANT_05,Chennai Industrial Complex,W11,1231,95.5,5.1,123808.42,100.71,W04,W11,7,COMPLIANT
MAT_027,Double-Acting Heavy Cylinder 3000 PSI,SUP_009,EuroHydraulics SpA,PLANT_01,Detroit Advanced Assembly Hub,W11,451,98.17,3.4,45775.57,100.71,W04,W11,7,COMPLIANT
MAT_027,Double-Acting Heavy Cylinder 3000 PSI,SUP_009,EuroHydraulics SpA,PLANT_02,Munich Engineering Works,W11,1007,98.17,0.45,99272.86,100.71,W05,W11,6,COMPLIANT
MAT_027,Double-Acting Heavy Cylinder 3000 PSI,SUP_009,EuroHydraulics SpA,PLANT_03,Monterrey Global Production Hub,W11,569,98.17,4.8,58614.64,100.71,W03,W11,8,COMPLIANT
MAT_027,Double-Acting Heavy Cylinder 3000 PSI,SUP_007,Bharat Precision Engineering,PLANT_04,Tokyo Precision Facility,W11,415,101.87,3.65,43786.58,100.71,W02,W11,9,SUB_MOQ_VIOLATION
MAT_027,Double-Acting Heavy Cylinder 3000 PSI,SUP_007,Bharat Precision Engineering,PLANT_05,Chennai Industrial Complex,W11,754,101.87,0.45,77179.98,100.71,W04,W11,7,COMPLIANT
MAT_028,Variable Displacement Piston Pump Core,SUP_001,Apex Precision Metals GmbH,PLANT_01,Detroit Advanced Assembly Hub,W11,631,99.77,3.4,65096.14,102.24,W03,W11,8,SUB_MOQ_VIOLATION
MAT_028,Variable Displacement Piston Pump Core,SUP_001,Apex Precision Metals GmbH,PLANT_02,Munich Engineering Works,W11,851,99.77,0.45,85261.16,102.24,W04,W11,7,COMPLIANT
MAT_028,Variable Displacement Piston Pump Core,SUP_001,Apex Precision Metals GmbH,PLANT_03,Monterrey Global Production Hub,W11,1327,99.77,4.8,138722.56,102.24,W02,W11,9,COMPLIANT
MAT_028,Variable Displacement Piston Pump Core,SUP_001,Apex Precision Metals GmbH,PLANT_04,Tokyo Precision Facility,W11,1332,99.77,7.6,143003.96,102.24,W01,W11,10,COMPLIANT
MAT_028,Variable Displacement Piston Pump Core,SUP_001,Apex Precision Metals GmbH,PLANT_05,Chennai Industrial Complex,W11,477,99.77,5.1,50041.87,102.24,W02,W11,9,SUB_MOQ_VIOLATION
MAT_028,Variable Displacement Piston Pump Core,SUP_009,EuroHydraulics SpA,PLANT_01,Detroit Advanced Assembly Hub,W11,325,102.06,3.4,34278.72,102.24,W05,W11,6,SUB_MOQ_VIOLATION
MAT_028,Variable Displacement Piston Pump Core,SUP_009,EuroHydraulics SpA,PLANT_02,Munich Engineering Works,W11,438,102.06,0.45,44926.03,102.24,W06,W11,5,SUB_MOQ_VIOLATION
MAT_028,Variable Displacement Piston Pump Core,SUP_009,EuroHydraulics SpA,PLANT_03,Monterrey Global Production Hub,W11,683,102.06,4.8,73028.12,102.24,W04,W11,7,SUB_MOQ_VIOLATION
MAT_028,Variable Displacement Piston Pump Core,SUP_009,EuroHydraulics SpA,PLANT_04,Tokyo Precision Facility,W11,686,102.06,7.6,75239.92,102.24,W03,W11,8,SUB_MOQ_VIOLATION
MAT_028,Variable Displacement Piston Pump Core,SUP_009,EuroHydraulics SpA,PLANT_05,Chennai Industrial Complex,W11,246,102.06,5.1,26342.07,102.24,W04,W11,7,SUB_MOQ_VIOLATION
MAT_029,Reinforced High-Pressure Flex Hose Assembly,SUP_001,Apex Precision Metals GmbH,PLANT_01,Detroit Advanced Assembly Hub,W11,511,371.44,3.4,191505.76,391.29,W06,W11,5,COMPLIANT
MAT_029,Reinforced High-Pressure Flex Hose Assembly,SUP_001,Apex Precision Metals GmbH,PLANT_02,Munich Engineering Works,W11,820,371.44,0.45,304819.64,391.29,W07,W11,4,COMPLIANT
MAT_029,Reinforced High-Pressure Flex Hose Assembly,SUP_001,Apex Precision Metals GmbH,PLANT_03,Monterrey Global Production Hub,W11,1196,371.44,4.8,449983.04,391.29,W05,W11,6,COMPLIANT
MAT_029,Reinforced High-Pressure Flex Hose Assembly,SUP_001,Apex Precision Metals GmbH,PLANT_04,Tokyo Precision Facility,W11,631,371.44,7.6,239231.1,391.29,W04,W11,7,COMPLIANT
MAT_029,Reinforced High-Pressure Flex Hose Assembly,SUP_001,Apex Precision Metals GmbH,PLANT_05,Chennai Industrial Complex,W11,1637,371.44,5.1,616283.02,391.29,W05,W11,6,COMPLIANT
MAT_029,Reinforced High-Pressure Flex Hose Assembly,SUP_009,EuroHydraulics SpA,PLANT_01,Detroit Advanced Assembly Hub,W11,275,386.32,3.4,107211.97,391.29,W03,W11,8,SUB_MOQ_VIOLATION
MAT_029,Reinforced High-Pressure Flex Hose Assembly,SUP_009,EuroHydraulics SpA,PLANT_02,Munich Engineering Works,W11,441,386.32,0.45,170700.94,391.29,W04,W11,7,SUB_MOQ_VIOLATION
MAT_029,Reinforced High-Pressure Flex Hose Assembly,SUP_009,EuroHydraulics SpA,PLANT_03,Monterrey Global Production Hub,W11,644,386.32,4.8,251881.28,391.29,W02,W11,9,SUB_MOQ_VIOLATION
MAT_029,Reinforced High-Pressure Flex Hose Assembly,SUP_009,EuroHydraulics SpA,PLANT_04,Tokyo Precision Facility,W11,340,386.32,7.6,133873.71,391.29,W01,W11,10,SUB_MOQ_VIOLATION
MAT_029,Reinforced High-Pressure Flex Hose Assembly,SUP_009,EuroHydraulics SpA,PLANT_05,Chennai Industrial Complex,W11,881,386.32,5.1,344958.45,391.29,W02,W11,9,SUB_MOQ_VIOLATION
MAT_030,Servo-Controlled Hydraulic Actuator,SUP_001,Apex Precision Metals GmbH,PLANT_01,Detroit Advanced Assembly Hub,W11,650,276.63,3.4,182069.91,297.43,W04,W11,7,SUB_MOQ_VIOLATION
MAT_030,Servo-Controlled Hydraulic Actuator,SUP_001,Apex Precision Metals GmbH,PLANT_02,Munich Engineering Works,W11,1032,276.63,0.45,286057.39,297.43,W05,W11,6,SUB_MOQ_VIOLATION
MAT_030,Servo-Controlled Hydraulic Actuator,SUP_001,Apex Precision Metals GmbH,PLANT_03,Monterrey Global Production Hub,W11,660,276.63,4.8,185755.06,297.43,W03,W11,8,SUB_MOQ_VIOLATION
MAT_030,Servo-Controlled Hydraulic Actuator,SUP_001,Apex Precision Metals GmbH,PLANT_04,Tokyo Precision Facility,W11,722,276.63,7.6,205077.63,297.43,W02,W11,9,SUB_MOQ_VIOLATION
MAT_030,Servo-Controlled Hydraulic Actuator,SUP_001,Apex Precision Metals GmbH,PLANT_05,Chennai Industrial Complex,W11,1593,276.63,5.1,448869.14,297.43,W03,W11,8,COMPLIANT
MAT_030,Servo-Controlled Hydraulic Actuator,SUP_009,EuroHydraulics SpA,PLANT_01,Detroit Advanced Assembly Hub,W11,471,294.96,3.4,140473.86,297.43,W04,W11,7,SUB_MOQ_VIOLATION
MAT_030,Servo-Controlled Hydraulic Actuator,SUP_009,EuroHydraulics SpA,PLANT_02,Munich Engineering Works,W11,748,294.96,0.45,220848.52,297.43,W05,W11,6,SUB_MOQ_VIOLATION
MAT_030,Servo-Controlled Hydraulic Actuator,SUP_009,EuroHydraulics SpA,PLANT_03,Monterrey Global Production Hub,W11,478,294.96,4.8,143273.29,297.43,W03,W11,8,SUB_MOQ_VIOLATION
MAT_030,Servo-Controlled Hydraulic Actuator,SUP_009,EuroHydraulics SpA,PLANT_04,Tokyo Precision Facility,W11,522,294.96,7.6,158081.55,297.43,W02,W11,9,SUB_MOQ_VIOLATION
MAT_030,Servo-Controlled Hydraulic Actuator,SUP_009,EuroHydraulics SpA,PLANT_05,Chennai Industrial Complex,W11,1154,294.96,5.1,346191.22,297.43,W03,W11,8,COMPLIANT
MAT_031,Grade 12.9 Structural Flange Hex Bolt,SUP_002,Vanguard Industrial Dynamics,PLANT_01,Detroit Advanced Assembly Hub,W11,982,14.13,0.5,14369.59,15.16,W07,W11,4,SUB_MOQ_VIOLATION
MAT_031,Grade 12.9 Structural Flange Hex Bolt,SUP_002,Vanguard Industrial Dynamics,PLANT_02,Munich Engineering Works,W11,691,14.13,3.5,12185.86,15.16,W05,W11,6,SUB_MOQ_VIOLATION
MAT_031,Grade 12.9 Structural Flange Hex Bolt,SUP_002,Vanguard Industrial Dynamics,PLANT_03,Monterrey Global Production Hub,W11,1300,14.13,1.6,20442.71,15.16,W07,W11,4,COMPLIANT
MAT_031,Grade 12.9 Structural Flange Hex Bolt,SUP_002,Vanguard Industrial Dynamics,PLANT_04,Tokyo Precision Facility,W11,449,14.13,6.2,9133.86,15.16,W04,W11,7,SUB_MOQ_VIOLATION
MAT_031,Grade 12.9 Structural Flange Hex Bolt,SUP_002,Vanguard Industrial Dynamics,PLANT_05,Chennai Industrial Complex,W11,460,14.13,6.4,9440.52,15.16,W04,W11,7,SUB_MOQ_VIOLATION
MAT_031,Grade 12.9 Structural Flange Hex Bolt,SUP_007,Bharat Precision Engineering,PLANT_04,Tokyo Precision Facility,W11,955,14.72,3.65,17538.21,15.16,W06,W11,5,SUB_MOQ_VIOLATION
MAT_031,Grade 12.9 Structural Flange Hex Bolt,SUP_007,Bharat Precision Engineering,PLANT_05,Chennai Industrial Complex,W11,977,14.72,0.45,14823.52,15.16,W08,W11,3,SUB_MOQ_VIOLATION
MAT_031,Grade 12.9 Structural Flange Hex Bolt,SUP_010,Detroit Fastener Alliance,PLANT_01,Detroit Advanced Assembly Hub,W11,655,15.41,0.5,10417.87,15.16,W07,W11,4,COMPLIANT
MAT_031,Grade 12.9 Structural Flange Hex Bolt,SUP_010,Detroit Fastener Alliance,PLANT_02,Munich Engineering Works,W11,461,15.41,3.5,8713.73,15.16,W05,W11,6,COMPLIANT
MAT_031,Grade 12.9 Structural Flange Hex Bolt,SUP_010,Detroit Fastener Alliance,PLANT_03,Monterrey Global Production Hub,W11,866,15.41,1.6,14737.46,15.16,W07,W11,4,COMPLIANT
MAT_032,Aerospace Grade Titanium Locknut,SUP_002,Vanguard Industrial Dynamics,PLANT_01,Detroit Advanced Assembly Hub,W11,488,13.27,0.5,6718.38,13.82,W05,W11,6,SUB_MOQ_VIOLATION
MAT_032,Aerospace Grade Titanium Locknut,SUP_002,Vanguard Industrial Dynamics,PLANT_02,Munich Engineering Works,W11,895,13.27,3.5,15002.44,13.82,W03,W11,8,COMPLIANT
MAT_032,Aerospace Grade Titanium Locknut,SUP_002,Vanguard Industrial Dynamics,PLANT_03,Monterrey Global Production Hub,W11,656,13.27,1.6,9753.23,13.82,W05,W11,6,SUB_MOQ_VIOLATION
MAT_032,Aerospace Grade Titanium Locknut,SUP_002,Vanguard Industrial Dynamics,PLANT_04,Tokyo Precision Facility,W11,380,13.27,6.2,7393.73,13.82,W02,W11,9,SUB_MOQ_VIOLATION
MAT_032,Aerospace Grade Titanium Locknut,SUP_002,Vanguard Industrial Dynamics,PLANT_05,Chennai Industrial Complex,W11,694,13.27,6.4,13652.75,13.82,W02,W11,9,SUB_MOQ_VIOLATION
MAT_032,Aerospace Grade Titanium Locknut,SUP_007,Bharat Precision Engineering,PLANT_04,Tokyo Precision Facility,W11,845,13.61,3.65,14589.01,13.82,W05,W11,6,SUB_MOQ_VIOLATION
MAT_032,Aerospace Grade Titanium Locknut,SUP_007,Bharat Precision Engineering,PLANT_05,Chennai Industrial Complex,W11,1545,13.61,0.45,21721.43,13.82,W07,W11,4,COMPLIANT
MAT_032,Aerospace Grade Titanium Locknut,SUP_010,Detroit Fastener Alliance,PLANT_01,Detroit Advanced Assembly Hub,W11,209,14.38,0.5,3111.41,13.82,W08,W11,3,SUB_MOQ_VIOLATION
MAT_032,Aerospace Grade Titanium Locknut,SUP_010,Detroit Fastener Alliance,PLANT_02,Munich Engineering Works,W11,383,14.38,3.5,6855.19,13.82,W06,W11,5,SUB_MOQ_VIOLATION
MAT_032,Aerospace Grade Titanium Locknut,SUP_010,Detroit Fastener Alliance,PLANT_03,Monterrey Global Production Hub,W11,281,14.38,1.6,4491.98,13.82,W08,W11,3,SUB_MOQ_VIOLATION
MAT_033,Stainless Steel A4-80 Socket Cap Screw,SUP_002,Vanguard Industrial Dynamics,PLANT_01,Detroit Advanced Assembly Hub,W11,1002,10.01,0.5,10535.33,10.48,W06,W11,5,SUB_MOQ_VIOLATION
MAT_033,Stainless Steel A4-80 Socket Cap Screw,SUP_002,Vanguard Industrial Dynamics,PLANT_02,Munich Engineering Works,W11,675,10.01,3.5,9118.71,10.48,W04,W11,7,SUB_MOQ_VIOLATION
MAT_033,Stainless Steel A4-80 Socket Cap Screw,SUP_002,Vanguard Industrial Dynamics,PLANT_03,Monterrey Global Production Hub,W11,821,10.01,1.6,9535.06,10.48,W06,W11,5,SUB_MOQ_VIOLATION
MAT_033,Stainless Steel A4-80 Socket Cap Screw,SUP_002,Vanguard Industrial Dynamics,PLANT_04,Tokyo Precision Facility,W11,762,10.01,6.2,12356.56,10.48,W03,W11,8,SUB_MOQ_VIOLATION
MAT_033,Stainless Steel A4-80 Socket Cap Screw,SUP_002,Vanguard Industrial Dynamics,PLANT_05,Chennai Industrial Complex,W11,460,10.01,6.4,7545.32,10.48,W03,W11,8,SUB_MOQ_VIOLATION
MAT_033,Stainless Steel A4-80 Socket Cap Screw,SUP_007,Bharat Precision Engineering,PLANT_04,Tokyo Precision Facility,W11,1244,10.35,3.65,17412.08,10.48,W02,W11,9,COMPLIANT
MAT_033,Stainless Steel A4-80 Socket Cap Screw,SUP_007,Bharat Precision Engineering,PLANT_05,Chennai Industrial Complex,W11,750,10.35,0.45,8102.16,10.48,W04,W11,7,SUB_MOQ_VIOLATION
MAT_033,Stainless Steel A4-80 Socket Cap Screw,SUP_010,Detroit Fastener Alliance,PLANT_01,Detroit Advanced Assembly Hub,W11,697,10.68,0.5,7787.88,10.48,W05,W11,6,SUB_MOQ_VIOLATION
MAT_033,Stainless Steel A4-80 Socket Cap Screw,SUP_010,Detroit Fastener Alliance,PLANT_02,Munich Engineering Works,W11,469,10.68,3.5,6650.99,10.48,W03,W11,8,SUB_MOQ_VIOLATION
MAT_033,Stainless Steel A4-80 Socket Cap Screw,SUP_010,Detroit Fastener Alliance,PLANT_03,Monterrey Global Production Hub,W11,571,10.68,1.6,7008.44,10.48,W05,W11,6,SUB_MOQ_VIOLATION
MAT_034,Hardened Belleville Spring Washers,SUP_002,Vanguard Industrial Dynamics,PLANT_01,Detroit Advanced Assembly Hub,W11,925,17.36,0.5,16515.14,18.03,W06,W11,5,SUB_MOQ_VIOLATION
MAT_034,Hardened Belleville Spring Washers,SUP_002,Vanguard Industrial Dynamics,PLANT_02,Munich Engineering Works,W11,1009,17.36,3.5,21056.08,18.03,W04,W11,7,COMPLIANT
MAT_034,Hardened Belleville Spring Washers,SUP_002,Vanguard Industrial Dynamics,PLANT_03,Monterrey Global Production Hub,W11,976,17.36,1.6,18514.44,18.03,W06,W11,5,SUB_MOQ_VIOLATION
MAT_034,Hardened Belleville Spring Washers,SUP_002,Vanguard Industrial Dynamics,PLANT_04,Tokyo Precision Facility,W11,1043,17.36,6.2,24578.97,18.03,W03,W11,8,COMPLIANT
MAT_034,Hardened Belleville Spring Washers,SUP_002,Vanguard Industrial Dynamics,PLANT_05,Chennai Industrial Complex,W11,668,17.36,6.4,15864.08,18.03,W03,W11,8,SUB_MOQ_VIOLATION
MAT_034,Hardened Belleville Spring Washers,SUP_007,Bharat Precision Engineering,PLANT_04,Tokyo Precision Facility,W11,1632,17.75,3.65,34919.45,18.03,W05,W11,6,COMPLIANT
MAT_034,Hardened Belleville Spring Washers,SUP_007,Bharat Precision Engineering,PLANT_05,Chennai Industrial Complex,W11,1044,17.75,0.45,19006.62,18.03,W07,W11,4,COMPLIANT
MAT_034,Hardened Belleville Spring Washers,SUP_010,Detroit Fastener Alliance,PLANT_01,Detroit Advanced Assembly Hub,W11,396,18.55,0.5,7549.52,18.03,W05,W11,6,SUB_MOQ_VIOLATION
MAT_034,Hardened Belleville Spring Washers,SUP_010,Detroit Fastener Alliance,PLANT_02,Munich Engineering Works,W11,433,18.55,3.5,9538.83,18.03,W03,W11,8,SUB_MOQ_VIOLATION
MAT_034,Hardened Belleville Spring Washers,SUP_010,Detroit Fastener Alliance,PLANT_03,Monterrey Global Production Hub,W11,418,18.55,1.6,8432.78,18.03,W05,W11,6,SUB_MOQ_VIOLATION
MAT_035,Structural Monobolt Blind Rivet Pack,SUP_002,Vanguard Industrial Dynamics,PLANT_01,Detroit Advanced Assembly Hub,W11,1346,7.59,0.5,10887.28,7.75,W05,W11,6,COMPLIANT
MAT_035,Structural Monobolt Blind Rivet Pack,SUP_002,Vanguard Industrial Dynamics,PLANT_02,Munich Engineering Works,W11,1432,7.59,3.5,15885.43,7.75,W03,W11,8,COMPLIANT
MAT_035,Structural Monobolt Blind Rivet Pack,SUP_002,Vanguard Industrial Dynamics,PLANT_03,Monterrey Global Production Hub,W11,543,7.59,1.6,4986.86,7.75,W05,W11,6,COMPLIANT
MAT_035,Structural Monobolt Blind Rivet Pack,SUP_002,Vanguard Industrial Dynamics,PLANT_04,Tokyo Precision Facility,W11,960,7.59,6.2,13231.5,7.75,W02,W11,9,COMPLIANT
MAT_035,Structural Monobolt Blind Rivet Pack,SUP_002,Vanguard Industrial Dynamics,PLANT_05,Chennai Industrial Complex,W11,893,7.59,6.4,12487.75,7.75,W02,W11,9,COMPLIANT
MAT_035,Structural Monobolt Blind Rivet Pack,SUP_007,Bharat Precision Engineering,PLANT_04,Tokyo Precision Facility,W11,1566,7.97,3.65,18191.11,7.75,W06,W11,5,COMPLIANT
MAT_035,Structural Monobolt Blind Rivet Pack,SUP_007,Bharat Precision Engineering,PLANT_05,Chennai Industrial Complex,W11,1456,7.97,0.45,12262.72,7.75,W08,W11,3,COMPLIANT
MAT_035,Structural Monobolt Blind Rivet Pack,SUP_010,Detroit Fastener Alliance,PLANT_01,Detroit Advanced Assembly Hub,W11,1015,8.07,0.5,8700.52,7.75,W08,W11,3,COMPLIANT
MAT_035,Structural Monobolt Blind Rivet Pack,SUP_010,Detroit Fastener Alliance,PLANT_02,Munich Engineering Works,W11,1081,8.07,3.5,12502.43,7.75,W06,W11,5,COMPLIANT
MAT_035,Structural Monobolt Blind Rivet Pack,SUP_010,Detroit Fastener Alliance,PLANT_03,Monterrey Global Production Hub,W11,409,8.07,1.6,3958.51,7.75,W08,W11,3,SUB_MOQ_VIOLATION
MAT_036,Toray Carbon Fiber Prepreg 3K Twill,SUP_003,Nippon Advanced Metallurgy,PLANT_01,Detroit Advanced Assembly Hub,W11,1436,132.92,5.1,198251.93,137.13,W06,W11,5,COMPLIANT
MAT_036,Toray Carbon Fiber Prepreg 3K Twill,SUP_003,Nippon Advanced Metallurgy,PLANT_02,Munich Engineering Works,W11,567,132.92,6.5,79051.14,137.13,W05,W11,6,COMPLIANT
MAT_036,Toray Carbon Fiber Prepreg 3K Twill,SUP_003,Nippon Advanced Metallurgy,PLANT_03,Monterrey Global Production Hub,W11,966,132.92,5.3,133520.52,137.13,W05,W11,6,COMPLIANT
MAT_036,Toray Carbon Fiber Prepreg 3K Twill,SUP_003,Nippon Advanced Metallurgy,PLANT_04,Tokyo Precision Facility,W11,1621,132.92,0.45,216219.44,137.13,W08,W11,3,COMPLIANT
MAT_036,Toray Carbon Fiber Prepreg 3K Twill,SUP_003,Nippon Advanced Metallurgy,PLANT_05,Chennai Industrial Complex,W11,720,132.92,3.6,98335.36,137.13,W06,W11,5,COMPLIANT
MAT_036,Toray Carbon Fiber Prepreg 3K Twill,SUP_006,Saigon Composite Solutions,PLANT_01,Detroit Advanced Assembly Hub,W11,616,135.8,6.5,87599.88,137.13,W05,W11,6,SUB_MOQ_VIOLATION
MAT_036,Toray Carbon Fiber Prepreg 3K Twill,SUP_006,Saigon Composite Solutions,PLANT_02,Munich Engineering Works,W11,243,135.8,7.7,34870.5,137.13,W05,W11,6,SUB_MOQ_VIOLATION
MAT_036,Toray Carbon Fiber Prepreg 3K Twill,SUP_006,Saigon Composite Solutions,PLANT_03,Monterrey Global Production Hub,W11,414,135.8,6.6,58953.6,137.13,W05,W11,6,SUB_MOQ_VIOLATION
MAT_036,Toray Carbon Fiber Prepreg 3K Twill,SUP_006,Saigon Composite Solutions,PLANT_04,Tokyo Precision Facility,W11,695,135.8,1.85,95639.22,137.13,W07,W11,4,SUB_MOQ_VIOLATION
MAT_036,Toray Carbon Fiber Prepreg 3K Twill,SUP_006,Saigon Composite Solutions,PLANT_05,Chennai Industrial Complex,W11,309,135.8,2.1,42569.73,137.13,W07,W11,4,SUB_MOQ_VIOLATION
MAT_037,Structural S-Glass Woven Roving Mat,SUP_003,Nippon Advanced Metallurgy,PLANT_01,Detroit Advanced Assembly Hub,W11,1530,180.77,5.1,284466.6,188.44,W06,W11,5,COMPLIANT
MAT_037,Structural S-Glass Woven Roving Mat,SUP_003,Nippon Advanced Metallurgy,PLANT_02,Munich Engineering Works,W11,617,180.77,6.5,115461.32,188.44,W05,W11,6,SUB_MOQ_VIOLATION
MAT_037,Structural S-Glass Woven Roving Mat,SUP_003,Nippon Advanced Metallurgy,PLANT_03,Monterrey Global Production Hub,W11,974,180.77,5.3,181139.15,188.44,W05,W11,6,SUB_MOQ_VIOLATION
MAT_037,Structural S-Glass Woven Roving Mat,SUP_003,Nippon Advanced Metallurgy,PLANT_04,Tokyo Precision Facility,W11,609,180.77,0.45,110341.23,188.44,W08,W11,3,SUB_MOQ_VIOLATION
MAT_037,Structural S-Glass Woven Roving Mat,SUP_003,Nippon Advanced Metallurgy,PLANT_05,Chennai Industrial Complex,W11,1533,180.77,3.6,282606.02,188.44,W06,W11,5,COMPLIANT
MAT_037,Structural S-Glass Woven Roving Mat,SUP_006,Saigon Composite Solutions,PLANT_05,Chennai Industrial Complex,W11,1065,190.52,2.1,205174.97,188.44,W06,W11,5,COMPLIANT
MAT_037,Structural S-Glass Woven Roving Mat,SUP_008,Taiwan Micro-Silicon Ltd,PLANT_01,Detroit Advanced Assembly Hub,W11,1064,191.44,5.2,209134.51,188.44,W02,W11,9,COMPLIANT
MAT_037,Structural S-Glass Woven Roving Mat,SUP_008,Taiwan Micro-Silicon Ltd,PLANT_02,Munich Engineering Works,W11,428,191.44,6.5,84807.39,188.44,W02,W11,9,COMPLIANT
MAT_037,Structural S-Glass Woven Roving Mat,SUP_008,Taiwan Micro-Silicon Ltd,PLANT_03,Monterrey Global Production Hub,W11,676,191.44,5.4,133162.26,188.44,W02,W11,9,COMPLIANT
MAT_037,Structural S-Glass Woven Roving Mat,SUP_008,Taiwan Micro-Silicon Ltd,PLANT_04,Tokyo Precision Facility,W11,423,191.44,0.9,81382.9,188.44,W05,W11,6,COMPLIANT
MAT_038,Nomex Honeycomb Structural Core 1/8,SUP_003,Nippon Advanced Metallurgy,PLANT_01,Detroit Advanced Assembly Hub,W11,1143,139.23,5.1,164901.35,149.43,W06,W11,5,COMPLIANT
MAT_038,Nomex Honeycomb Structural Core 1/8,SUP_003,Nippon Advanced Metallurgy,PLANT_02,Munich Engineering Works,W11,1372,139.23,6.5,200014.42,149.43,W05,W11,6,COMPLIANT
MAT_038,Nomex Honeycomb Structural Core 1/8,SUP_003,Nippon Advanced Metallurgy,PLANT_03,Monterrey Global Production Hub,W11,1153,139.23,5.3,166628.64,149.43,W05,W11,6,COMPLIANT
MAT_038,Nomex Honeycomb Structural Core 1/8,SUP_003,Nippon Advanced Metallurgy,PLANT_04,Tokyo Precision Facility,W11,1026,139.23,0.45,143314.47,149.43,W08,W11,3,COMPLIANT
MAT_038,Nomex Honeycomb Structural Core 1/8,SUP_003,Nippon Advanced Metallurgy,PLANT_05,Chennai Industrial Complex,W11,894,139.23,3.6,127640.03,149.43,W06,W11,5,COMPLIANT
MAT_038,Nomex Honeycomb Structural Core 1/8,SUP_006,Saigon Composite Solutions,PLANT_02,Munich Engineering Works,W11,878,146.25,7.7,135091.12,149.43,W02,W11,9,SUB_MOQ_VIOLATION
MAT_038,Nomex Honeycomb Structural Core 1/8,SUP_006,Saigon Composite Solutions,PLANT_03,Monterrey Global Production Hub,W11,627,146.25,6.6,95883.15,149.43,W02,W11,9,SUB_MOQ_VIOLATION
MAT_038,Nomex Honeycomb Structural Core 1/8,SUP_006,Saigon Composite Solutions,PLANT_04,Tokyo Precision Facility,W11,656,146.25,1.85,97150.64,149.43,W04,W11,7,SUB_MOQ_VIOLATION
MAT_038,Nomex Honeycomb Structural Core 1/8,SUP_006,Saigon Composite Solutions,PLANT_05,Chennai Industrial Complex,W11,571,146.25,2.1,84759.77,149.43,W04,W11,7,SUB_MOQ_VIOLATION
MAT_038,Nomex Honeycomb Structural Core 1/8,SUP_008,Taiwan Micro-Silicon Ltd,PLANT_01,Detroit Advanced Assembly Hub,W11,730,152.45,5.2,115158.6,149.43,W01,W11,10,COMPLIANT
MAT_038,Nomex Honeycomb Structural Core 1/8,SUP_008,Taiwan Micro-Silicon Ltd,PLANT_03,Monterrey Global Production Hub,W11,110,152.45,5.4,17331.57,149.43,W01,W11,10,SUB_MOQ_VIOLATION
MAT_039,Basalt Fiber High-Temp Insulation Roll,SUP_003,Nippon Advanced Metallurgy,PLANT_01,Detroit Advanced Assembly Hub,W11,1382,183.62,5.1,260792.17,194.42,W05,W11,6,COMPLIANT
MAT_039,Basalt Fiber High-Temp Insulation Roll,SUP_003,Nippon Advanced Metallurgy,PLANT_02,Munich Engineering Works,W11,1310,183.62,6.5,249133.25,194.42,W04,W11,7,COMPLIANT
MAT_039,Basalt Fiber High-Temp Insulation Roll,SUP_003,Nippon Advanced Metallurgy,PLANT_03,Monterrey Global Production Hub,W11,1286,183.62,5.3,242894.44,194.42,W04,W11,7,COMPLIANT
MAT_039,Basalt Fiber High-Temp Insulation Roll,SUP_003,Nippon Advanced Metallurgy,PLANT_04,Tokyo Precision Facility,W11,720,183.62,0.45,132567.21,194.42,W07,W11,4,SUB_MOQ_VIOLATION
MAT_039,Basalt Fiber High-Temp Insulation Roll,SUP_003,Nippon Advanced Metallurgy,PLANT_05,Chennai Industrial Complex,W11,1505,183.62,3.6,281840.99,194.42,W05,W11,6,COMPLIANT
MAT_039,Basalt Fiber High-Temp Insulation Roll,SUP_006,Saigon Composite Solutions,PLANT_02,Munich Engineering Works,W11,450,193.95,7.7,90682.0,194.42,W02,W11,9,COMPLIANT
MAT_039,Basalt Fiber High-Temp Insulation Roll,SUP_006,Saigon Composite Solutions,PLANT_03,Monterrey Global Production Hub,W11,692,193.95,6.6,138840.76,194.42,W02,W11,9,COMPLIANT
MAT_039,Basalt Fiber High-Temp Insulation Roll,SUP_006,Saigon Composite Solutions,PLANT_04,Tokyo Precision Facility,W11,388,193.95,1.85,75931.24,194.42,W04,W11,7,COMPLIANT
MAT_039,Basalt Fiber High-Temp Insulation Roll,SUP_006,Saigon Composite Solutions,PLANT_05,Chennai Industrial Complex,W11,811,193.95,2.1,158918.13,194.42,W04,W11,7,COMPLIANT
MAT_039,Basalt Fiber High-Temp Insulation Roll,SUP_008,Taiwan Micro-Silicon Ltd,PLANT_01,Detroit Advanced Assembly Hub,W11,744,198.21,5.2,151357.38,194.42,W03,W11,8,SUB_MOQ_VIOLATION
MAT_039,Basalt Fiber High-Temp Insulation Roll,SUP_008,Taiwan Micro-Silicon Ltd,PLANT_02,Munich Engineering Works,W11,256,198.21,6.5,52385.29,194.42,W03,W11,8,SUB_MOQ_VIOLATION
MAT_040,High-Modulus Epoxy Resin Infusion Matrix,SUP_003,Nippon Advanced Metallurgy,PLANT_01,Detroit Advanced Assembly Hub,W11,473,140.07,5.1,68706.06,141.81,W03,W11,8,SUB_MOQ_VIOLATION
MAT_040,High-Modulus Epoxy Resin Infusion Matrix,SUP_003,Nippon Advanced Metallurgy,PLANT_02,Munich Engineering Works,W11,650,140.07,6.5,95211.87,141.81,W02,W11,9,SUB_MOQ_VIOLATION
MAT_040,High-Modulus Epoxy Resin Infusion Matrix,SUP_003,Nippon Advanced Metallurgy,PLANT_03,Monterrey Global Production Hub,W11,769,140.07,5.3,111801.16,141.81,W02,W11,9,COMPLIANT
MAT_040,High-Modulus Epoxy Resin Infusion Matrix,SUP_003,Nippon Advanced Metallurgy,PLANT_04,Tokyo Precision Facility,W11,478,140.07,0.45,67157.32,141.81,W05,W11,6,SUB_MOQ_VIOLATION
MAT_040,High-Modulus Epoxy Resin Infusion Matrix,SUP_003,Nippon Advanced Metallurgy,PLANT_05,Chennai Industrial Complex,W11,491,140.07,3.6,70496.0,141.81,W03,W11,8,SUB_MOQ_VIOLATION
MAT_040,High-Modulus Epoxy Resin Infusion Matrix,SUP_006,Saigon Composite Solutions,PLANT_02,Munich Engineering Works,W11,63,140.83,7.7,9375.21,141.81,W05,W11,6,SUB_MOQ_VIOLATION
MAT_040,High-Modulus Epoxy Resin Infusion Matrix,SUP_006,Saigon Composite Solutions,PLANT_03,Monterrey Global Production Hub,W11,557,140.83,6.6,82106.72,141.81,W05,W11,6,SUB_MOQ_VIOLATION
MAT_040,High-Modulus Epoxy Resin Infusion Matrix,SUP_006,Saigon Composite Solutions,PLANT_04,Tokyo Precision Facility,W11,346,140.83,1.85,49378.69,141.81,W07,W11,4,SUB_MOQ_VIOLATION
MAT_040,High-Modulus Epoxy Resin Infusion Matrix,SUP_006,Saigon Composite Solutions,PLANT_05,Chennai Industrial Complex,W11,355,140.83,2.1,50785.89,141.81,W07,W11,4,SUB_MOQ_VIOLATION
MAT_040,High-Modulus Epoxy Resin Infusion Matrix,SUP_008,Taiwan Micro-Silicon Ltd,PLANT_01,Detroit Advanced Assembly Hub,W11,343,148.12,5.2,52545.83,141.81,W05,W11,6,SUB_MOQ_VIOLATION
MAT_040,High-Modulus Epoxy Resin Infusion Matrix,SUP_008,Taiwan Micro-Silicon Ltd,PLANT_02,Munich Engineering Works,W11,407,148.12,6.5,62973.63,141.81,W05,W11,6,SUB_MOQ_VIOLATION
MAT_001,High-Tensile Structural Steel I-Beam,SUP_001,Apex Precision Metals GmbH,PLANT_02,Munich Engineering Works,W12,479,17.91,0.45,8795.91,18.41,W07,W12,5,SUB_MOQ_VIOLATION
MAT_001,High-Tensile Structural Steel I-Beam,SUP_001,Apex Precision Metals GmbH,PLANT_05,Chennai Industrial Complex,W12,430,17.91,5.1,9904.19,18.41,W05,W12,7,SUB_MOQ_VIOLATION
MAT_001,High-Tensile Structural Steel I-Beam,SUP_002,Vanguard Industrial Dynamics,PLANT_01,Detroit Advanced Assembly Hub,W12,605,18.86,0.5,11712.99,18.41,W09,W12,3,COMPLIANT
MAT_001,High-Tensile Structural Steel I-Beam,SUP_002,Vanguard Industrial Dynamics,PLANT_02,Munich Engineering Works,W12,186,18.86,3.5,4152.48,18.41,W07,W12,5,SUB_MOQ_VIOLATION
MAT_001,High-Tensile Structural Steel I-Beam,SUP_002,Vanguard Industrial Dynamics,PLANT_03,Monterrey Global Production Hub,W12,588,18.86,1.6,12037.64,18.41,W09,W12,3,COMPLIANT
MAT_001,High-Tensile Structural Steel I-Beam,SUP_002,Vanguard Industrial Dynamics,PLANT_04,Tokyo Precision Facility,W12,364,18.86,6.2,9116.33,18.41,W06,W12,6,COMPLIANT
MAT_001,High-Tensile Structural Steel I-Beam,SUP_005,MexSteel & Polymer Fabrica,PLANT_01,Detroit Advanced Assembly Hub,W12,298,18.64,1.7,6061.12,18.41,W08,W12,4,SUB_MOQ_VIOLATION
MAT_001,High-Tensile Structural Steel I-Beam,SUP_005,MexSteel & Polymer Fabrica,PLANT_03,Monterrey Global Production Hub,W12,847,18.64,0.45,16162.55,18.41,W08,W12,4,COMPLIANT
MAT_001,High-Tensile Structural Steel I-Beam,SUP_007,Bharat Precision Engineering,PLANT_02,Munich Engineering Works,W12,147,20.15,5.05,3709.69,18.41,W04,W12,8,SUB_MOQ_VIOLATION
MAT_001,High-Tensile Structural Steel I-Beam,SUP_007,Bharat Precision Engineering,PLANT_04,Tokyo Precision Facility,W12,482,20.15,3.65,11476.84,18.41,W04,W12,8,SUB_MOQ_VIOLATION
MAT_001,High-Tensile Structural Steel I-Beam,SUP_007,Bharat Precision Engineering,PLANT_05,Chennai Industrial Complex,W12,571,20.15,0.45,11753.74,18.41,W06,W12,6,SUB_MOQ_VIOLATION
MAT_002,Cold-Rolled Carbon Steel Sheet 2mm,SUP_001,Apex Precision Metals GmbH,PLANT_02,Munich Engineering Works,W12,487,8.77,0.45,4493.74,8.89,W05,W12,7,SUB_MOQ_VIOLATION
MAT_002,Cold-Rolled Carbon Steel Sheet 2mm,SUP_001,Apex Precision Metals GmbH,PLANT_05,Chennai Industrial Complex,W12,780,8.77,5.1,10813.33,8.89,W03,W12,9,COMPLIANT
MAT_002,Cold-Rolled Carbon Steel Sheet 2mm,SUP_002,Vanguard Industrial Dynamics,PLANT_01,Detroit Advanced Assembly Hub,W12,1440,8.92,0.5,13564.8,8.89,W08,W12,4,COMPLIANT
MAT_002,Cold-Rolled Carbon Steel Sheet 2mm,SUP_002,Vanguard Industrial Dynamics,PLANT_02,Munich Engineering Works,W12,312,8.92,3.5,3870.2,8.89,W06,W12,6,SUB_MOQ_VIOLATION
MAT_002,Cold-Rolled Carbon Steel Sheet 2mm,SUP_002,Vanguard Industrial Dynamics,PLANT_03,Monterrey Global Production Hub,W12,733,8.92,1.6,7712.0,8.89,W08,W12,4,SUB_MOQ_VIOLATION
MAT_002,Cold-Rolled Carbon Steel Sheet 2mm,SUP_002,Vanguard Industrial Dynamics,PLANT_04,Tokyo Precision Facility,W12,832,8.92,6.2,12579.54,8.89,W05,W12,7,SUB_MOQ_VIOLATION
MAT_002,Cold-Rolled Carbon Steel Sheet 2mm,SUP_005,MexSteel & Polymer Fabrica,PLANT_01,Detroit Advanced Assembly Hub,W12,960,9.48,1.7,10732.8,8.89,W07,W12,5,COMPLIANT
MAT_002,Cold-Rolled Carbon Steel Sheet 2mm,SUP_005,MexSteel & Polymer Fabrica,PLANT_03,Monterrey Global Production Hub,W12,1055,9.48,0.45,10475.36,8.89,W07,W12,5,COMPLIANT
MAT_002,Cold-Rolled Carbon Steel Sheet 2mm,SUP_007,Bharat Precision Engineering,PLANT_04,Tokyo Precision Facility,W12,1615,9.39,3.65,21059.86,8.89,W04,W12,8,COMPLIANT
MAT_002,Cold-Rolled Carbon Steel Sheet 2mm,SUP_007,Bharat Precision Engineering,PLANT_05,Chennai Industrial Complex,W12,1513,9.39,0.45,14891.66,8.89,W06,W12,6,COMPLIANT
MAT_003,Austenitic Stainless Steel 316L Plate,SUP_001,Apex Precision Metals GmbH,PLANT_02,Munich Engineering Works,W12,808,12.58,0.45,10528.5,12.76,W08,W12,4,COMPLIANT
MAT_003,Austenitic Stainless Steel 316L Plate,SUP_001,Apex Precision Metals GmbH,PLANT_05,Chennai Industrial Complex,W12,391,12.58,5.1,6907.93,12.76,W06,W12,6,SUB_MOQ_VIOLATION
MAT_003,Austenitic Stainless Steel 316L Plate,SUP_002,Vanguard Industrial Dynamics,PLANT_01,Detroit Advanced Assembly Hub,W12,1156,13.05,0.5,15666.51,12.76,W08,W12,4,COMPLIANT
MAT_003,Austenitic Stainless Steel 316L Plate,SUP_002,Vanguard Industrial Dynamics,PLANT_02,Munich Engineering Works,W12,398,13.05,3.5,6586.57,12.76,W06,W12,6,COMPLIANT
MAT_003,Austenitic Stainless Steel 316L Plate,SUP_002,Vanguard Industrial Dynamics,PLANT_03,Monterrey Global Production Hub,W12,309,13.05,1.6,4532.71,12.76,W08,W12,4,COMPLIANT
MAT_003,Austenitic Stainless Steel 316L Plate,SUP_002,Vanguard Industrial Dynamics,PLANT_04,Tokyo Precision Facility,W12,440,13.05,6.2,8461.53,12.76,W05,W12,7,COMPLIANT
MAT_003,Austenitic Stainless Steel 316L Plate,SUP_005,MexSteel & Polymer Fabrica,PLANT_01,Detroit Advanced Assembly Hub,W12,771,13.6,1.7,11793.24,12.76,W07,W12,5,COMPLIANT
MAT_003,Austenitic Stainless Steel 316L Plate,SUP_005,MexSteel & Polymer Fabrica,PLANT_03,Monterrey Global Production Hub,W12,601,13.6,0.45,8438.43,12.76,W07,W12,5,COMPLIANT
MAT_003,Austenitic Stainless Steel 316L Plate,SUP_007,Bharat Precision Engineering,PLANT_04,Tokyo Precision Facility,W12,892,13.69,3.65,15474.91,12.76,W04,W12,8,COMPLIANT
MAT_003,Austenitic Stainless Steel 316L Plate,SUP_007,Bharat Precision Engineering,PLANT_05,Chennai Industrial Complex,W12,793,13.69,0.45,11216.98,12.76,W06,W12,6,COMPLIANT
MAT_004,Galvanized Structural Angle Steel,SUP_001,Apex Precision Metals GmbH,PLANT_02,Munich Engineering Works,W12,944,11.45,0.45,11231.22,11.96,W08,W12,4,COMPLIANT
MAT_004,Galvanized Structural Angle Steel,SUP_001,Apex Precision Metals GmbH,PLANT_05,Chennai Industrial Complex,W12,329,11.45,5.1,5451.57,11.96,W06,W12,6,SUB_MOQ_VIOLATION
MAT_004,Galvanized Structural Angle Steel,SUP_002,Vanguard Industrial Dynamics,PLANT_01,Detroit Advanced Assembly Hub,W12,570,11.89,0.5,7061.56,11.96,W09,W12,3,SUB_MOQ_VIOLATION
MAT_004,Galvanized Structural Angle Steel,SUP_002,Vanguard Industrial Dynamics,PLANT_02,Munich Engineering Works,W12,508,11.89,3.5,7821.2,11.96,W07,W12,5,SUB_MOQ_VIOLATION
MAT_004,Galvanized Structural Angle Steel,SUP_002,Vanguard Industrial Dynamics,PLANT_03,Monterrey Global Production Hub,W12,439,11.89,1.6,5918.74,11.96,W09,W12,3,SUB_MOQ_VIOLATION
MAT_004,Galvanized Structural Angle Steel,SUP_002,Vanguard Industrial Dynamics,PLANT_04,Tokyo Precision Facility,W12,571,11.89,6.2,10335.0,11.96,W06,W12,6,SUB_MOQ_VIOLATION
MAT_004,Galvanized Structural Angle Steel,SUP_005,MexSteel & Polymer Fabrica,PLANT_01,Detroit Advanced Assembly Hub,W12,396,12.54,1.7,5639.89,11.96,W05,W12,7,SUB_MOQ_VIOLATION
MAT_004,Galvanized Structural Angle Steel,SUP_005,MexSteel & Polymer Fabrica,PLANT_03,Monterrey Global Production Hub,W12,536,12.54,0.45,6965.89,11.96,W05,W12,7,SUB_MOQ_VIOLATION
MAT_004,Galvanized Structural Angle Steel,SUP_005,MexSteel & Polymer Fabrica,PLANT_04,Tokyo Precision Facility,W12,68,12.54,6.45,1285.43,11.96,W02,W12,10,SUB_MOQ_VIOLATION
MAT_004,Galvanized Structural Angle Steel,SUP_007,Bharat Precision Engineering,PLANT_04,Tokyo Precision Facility,W12,1491,13.19,3.65,25108.44,11.96,W06,W12,6,COMPLIANT
MAT_004,Galvanized Structural Angle Steel,SUP_007,Bharat Precision Engineering,PLANT_05,Chennai Industrial Complex,W12,769,13.19,0.45,10483.7,11.96,W08,W12,4,COMPLIANT
MAT_005,Hardox 450 Wear-Resistant Steel,SUP_001,Apex Precision Metals GmbH,PLANT_01,Detroit Advanced Assembly Hub,W12,995,18.57,3.4,21861.03,19.92,W05,W12,7,SUB_MOQ_VIOLATION
MAT_005,Hardox 450 Wear-Resistant Steel,SUP_001,Apex Precision Metals GmbH,PLANT_02,Munich Engineering Works,W12,1623,18.57,0.45,30877.26,19.92,W06,W12,6,COMPLIANT
MAT_005,Hardox 450 Wear-Resistant Steel,SUP_001,Apex Precision Metals GmbH,PLANT_04,Tokyo Precision Facility,W12,705,18.57,7.6,18448.28,19.92,W03,W12,9,SUB_MOQ_VIOLATION
MAT_005,Hardox 450 Wear-Resistant Steel,SUP_001,Apex Precision Metals GmbH,PLANT_05,Chennai Industrial Complex,W12,697,18.57,5.1,16487.81,19.92,W04,W12,8,SUB_MOQ_VIOLATION
MAT_005,Hardox 450 Wear-Resistant Steel,SUP_002,Vanguard Industrial Dynamics,PLANT_01,Detroit Advanced Assembly Hub,W12,1769,19.84,0.5,35980.65,19.92,W09,W12,3,COMPLIANT
MAT_005,Hardox 450 Wear-Resistant Steel,SUP_002,Vanguard Industrial Dynamics,PLANT_02,Munich Engineering Works,W12,800,19.84,3.5,18662.43,19.92,W07,W12,5,SUB_MOQ_VIOLATION
MAT_005,Hardox 450 Wear-Resistant Steel,SUP_002,Vanguard Industrial Dynamics,PLANT_03,Monterrey Global Production Hub,W12,795,19.84,1.6,17037.08,19.92,W09,W12,3,SUB_MOQ_VIOLATION
MAT_005,Hardox 450 Wear-Resistant Steel,SUP_005,MexSteel & Polymer Fabrica,PLANT_03,Monterrey Global Production Hub,W12,1613,20.42,0.45,33670.82,19.92,W09,W12,3,COMPLIANT
MAT_005,Hardox 450 Wear-Resistant Steel,SUP_007,Bharat Precision Engineering,PLANT_04,Tokyo Precision Facility,W12,1569,21.74,3.65,39838.43,19.92,W05,W12,7,COMPLIANT
MAT_005,Hardox 450 Wear-Resistant Steel,SUP_007,Bharat Precision Engineering,PLANT_05,Chennai Industrial Complex,W12,1550,21.74,0.45,34404.04,19.92,W07,W12,5,COMPLIANT
MAT_006,Aerospace Grade 7075-T6 Billet,SUP_001,Apex Precision Metals GmbH,PLANT_01,Detroit Advanced Assembly Hub,W12,1083,36.46,3.4,43168.38,37.01,W06,W12,6,SUB_MOQ_VIOLATION
MAT_006,Aerospace Grade 7075-T6 Billet,SUP_001,Apex Precision Metals GmbH,PLANT_02,Munich Engineering Works,W12,499,36.46,0.45,18429.9,37.01,W07,W12,5,SUB_MOQ_VIOLATION
MAT_006,Aerospace Grade 7075-T6 Billet,SUP_001,Apex Precision Metals GmbH,PLANT_03,Monterrey Global Production Hub,W12,543,36.46,4.8,22412.43,37.01,W05,W12,7,SUB_MOQ_VIOLATION
MAT_006,Aerospace Grade 7075-T6 Billet,SUP_001,Apex Precision Metals GmbH,PLANT_04,Tokyo Precision Facility,W12,1128,36.46,7.6,49699.68,37.01,W04,W12,8,SUB_MOQ_VIOLATION
MAT_006,Aerospace Grade 7075-T6 Billet,SUP_001,Apex Precision Metals GmbH,PLANT_05,Chennai Industrial Complex,W12,723,36.46,5.1,30039.57,37.01,W05,W12,7,SUB_MOQ_VIOLATION
MAT_006,Aerospace Grade 7075-T6 Billet,SUP_003,Nippon Advanced Metallurgy,PLANT_02,Munich Engineering Works,W12,377,37.9,6.5,16724.59,37.01,W04,W12,8,SUB_MOQ_VIOLATION
MAT_006,Aerospace Grade 7075-T6 Billet,SUP_003,Nippon Advanced Metallurgy,PLANT_04,Tokyo Precision Facility,W12,1692,37.9,0.45,64888.2,37.01,W07,W12,5,COMPLIANT
MAT_006,Aerospace Grade 7075-T6 Billet,SUP_003,Nippon Advanced Metallurgy,PLANT_05,Chennai Industrial Complex,W12,1084,37.9,3.6,44994.3,37.01,W05,W12,7,SUB_MOQ_VIOLATION
MAT_006,Aerospace Grade 7075-T6 Billet,SUP_005,MexSteel & Polymer Fabrica,PLANT_01,Detroit Advanced Assembly Hub,W12,817,38.93,1.7,33194.71,37.01,W08,W12,4,SUB_MOQ_VIOLATION
MAT_006,Aerospace Grade 7075-T6 Billet,SUP_005,MexSteel & Polymer Fabrica,PLANT_03,Monterrey Global Production Hub,W12,1009,38.93,0.45,39726.54,37.01,W08,W12,4,SUB_MOQ_VIOLATION
MAT_007,Structural Aluminum 6061-T6 Extrusion,SUP_001,Apex Precision Metals GmbH,PLANT_01,Detroit Advanced Assembly Hub,W12,1417,43.44,3.4,66374.62,44.33,W06,W12,6,COMPLIANT
MAT_007,Structural Aluminum 6061-T6 Extrusion,SUP_001,Apex Precision Metals GmbH,PLANT_02,Munich Engineering Works,W12,485,43.44,0.45,21290.16,44.33,W07,W12,5,SUB_MOQ_VIOLATION
MAT_007,Structural Aluminum 6061-T6 Extrusion,SUP_001,Apex Precision Metals GmbH,PLANT_03,Monterrey Global Production Hub,W12,550,43.44,4.8,26541.65,44.33,W05,W12,7,SUB_MOQ_VIOLATION
MAT_007,Structural Aluminum 6061-T6 Extrusion,SUP_001,Apex Precision Metals GmbH,PLANT_04,Tokyo Precision Facility,W12,900,43.44,7.6,45928.34,44.33,W04,W12,8,COMPLIANT
MAT_007,Structural Aluminum 6061-T6 Extrusion,SUP_001,Apex Precision Metals GmbH,PLANT_05,Chennai Industrial Complex,W12,781,43.44,5.1,37919.45,44.33,W05,W12,7,COMPLIANT
MAT_007,Structural Aluminum 6061-T6 Extrusion,SUP_003,Nippon Advanced Metallurgy,PLANT_02,Munich Engineering Works,W12,239,44.61,6.5,12211.2,44.33,W03,W12,9,SUB_MOQ_VIOLATION
MAT_007,Structural Aluminum 6061-T6 Extrusion,SUP_003,Nippon Advanced Metallurgy,PLANT_04,Tokyo Precision Facility,W12,1671,44.61,0.45,75302.02,44.33,W06,W12,6,COMPLIANT
MAT_007,Structural Aluminum 6061-T6 Extrusion,SUP_003,Nippon Advanced Metallurgy,PLANT_05,Chennai Industrial Complex,W12,1451,44.61,3.6,69943.07,44.33,W04,W12,8,COMPLIANT
MAT_007,Structural Aluminum 6061-T6 Extrusion,SUP_005,MexSteel & Polymer Fabrica,PLANT_01,Detroit Advanced Assembly Hub,W12,698,46.13,1.7,33382.95,44.33,W09,W12,3,COMPLIANT
MAT_007,Structural Aluminum 6061-T6 Extrusion,SUP_005,MexSteel & Polymer Fabrica,PLANT_03,Monterrey Global Production Hub,W12,1022,46.13,0.45,47595.44,44.33,W09,W12,3,COMPLIANT
MAT_008,Marine Grade 5083-H116 Plate,SUP_001,Apex Precision Metals GmbH,PLANT_01,Detroit Advanced Assembly Hub,W12,475,15.98,3.4,9203.95,16.96,W08,W12,4,COMPLIANT
MAT_008,Marine Grade 5083-H116 Plate,SUP_001,Apex Precision Metals GmbH,PLANT_02,Munich Engineering Works,W12,947,15.98,0.45,15565.12,16.96,W09,W12,3,COMPLIANT
MAT_008,Marine Grade 5083-H116 Plate,SUP_001,Apex Precision Metals GmbH,PLANT_04,Tokyo Precision Facility,W12,379,15.98,7.6,8947.2,16.96,W06,W12,6,COMPLIANT
MAT_008,Marine Grade 5083-H116 Plate,SUP_001,Apex Precision Metals GmbH,PLANT_05,Chennai Industrial Complex,W12,514,15.98,5.1,10829.22,16.96,W07,W12,5,COMPLIANT
MAT_008,Marine Grade 5083-H116 Plate,SUP_003,Nippon Advanced Metallurgy,PLANT_04,Tokyo Precision Facility,W12,675,17.32,0.45,11986.93,16.96,W06,W12,6,COMPLIANT
MAT_008,Marine Grade 5083-H116 Plate,SUP_003,Nippon Advanced Metallurgy,PLANT_05,Chennai Industrial Complex,W12,913,17.32,3.6,19105.82,16.96,W04,W12,8,COMPLIANT
MAT_008,Marine Grade 5083-H116 Plate,SUP_005,MexSteel & Polymer Fabrica,PLANT_01,Detroit Advanced Assembly Hub,W12,291,17.33,1.7,5539.25,16.96,W06,W12,6,SUB_MOQ_VIOLATION
MAT_008,Marine Grade 5083-H116 Plate,SUP_005,MexSteel & Polymer Fabrica,PLANT_02,Munich Engineering Works,W12,581,17.33,4.9,12907.63,16.96,W04,W12,8,SUB_MOQ_VIOLATION
MAT_008,Marine Grade 5083-H116 Plate,SUP_005,MexSteel & Polymer Fabrica,PLANT_03,Monterrey Global Production Hub,W12,503,17.33,0.45,8938.72,16.96,W06,W12,6,SUB_MOQ_VIOLATION
MAT_008,Marine Grade 5083-H116 Plate,SUP_012,Monterrey Die & Mold S.A.,PLANT_03,Monterrey Global Production Hub,W12,379,18.51,0.45,7190.77,16.96,W06,W12,6,COMPLIANT
MAT_009,Die-Cast Aluminum A380 Ingot,SUP_001,Apex Precision Metals GmbH,PLANT_01,Detroit Advanced Assembly Hub,W12,799,27.55,3.4,24729.67,28.35,W08,W12,4,SUB_MOQ_VIOLATION
MAT_009,Die-Cast Aluminum A380 Ingot,SUP_001,Apex Precision Metals GmbH,PLANT_02,Munich Engineering Works,W12,1308,27.55,0.45,36611.4,28.35,W09,W12,3,COMPLIANT
MAT_009,Die-Cast Aluminum A380 Ingot,SUP_001,Apex Precision Metals GmbH,PLANT_03,Monterrey Global Production Hub,W12,721,27.55,4.8,23312.7,28.35,W07,W12,5,SUB_MOQ_VIOLATION
MAT_009,Die-Cast Aluminum A380 Ingot,SUP_001,Apex Precision Metals GmbH,PLANT_04,Tokyo Precision Facility,W12,277,27.55,7.6,9733.03,28.35,W06,W12,6,SUB_MOQ_VIOLATION
MAT_009,Die-Cast Aluminum A380 Ingot,SUP_001,Apex Precision Metals GmbH,PLANT_05,Chennai Industrial Complex,W12,778,27.55,5.1,25408.23,28.35,W07,W12,5,SUB_MOQ_VIOLATION
MAT_009,Die-Cast Aluminum A380 Ingot,SUP_003,Nippon Advanced Metallurgy,PLANT_02,Munich Engineering Works,W12,587,27.71,6.5,20096.66,28.35,W03,W12,9,COMPLIANT
MAT_009,Die-Cast Aluminum A380 Ingot,SUP_003,Nippon Advanced Metallurgy,PLANT_04,Tokyo Precision Facility,W12,646,27.71,0.45,18194.18,28.35,W06,W12,6,COMPLIANT
MAT_009,Die-Cast Aluminum A380 Ingot,SUP_003,Nippon Advanced Metallurgy,PLANT_05,Chennai Industrial Complex,W12,1816,27.71,3.6,56852.7,28.35,W04,W12,8,COMPLIANT
MAT_009,Die-Cast Aluminum A380 Ingot,SUP_005,MexSteel & Polymer Fabrica,PLANT_01,Detroit Advanced Assembly Hub,W12,359,29.65,1.7,11254.02,28.35,W05,W12,7,SUB_MOQ_VIOLATION
MAT_009,Die-Cast Aluminum A380 Ingot,SUP_005,MexSteel & Polymer Fabrica,PLANT_03,Monterrey Global Production Hub,W12,1531,29.65,0.45,46093.94,28.35,W05,W12,7,COMPLIANT
MAT_010,Alloy 2024-T3 Precision Sheet,SUP_001,Apex Precision Metals GmbH,PLANT_01,Detroit Advanced Assembly Hub,W12,1598,14.39,3.4,28423.44,15.01,W07,W12,5,COMPLIANT
MAT_010,Alloy 2024-T3 Precision Sheet,SUP_001,Apex Precision Metals GmbH,PLANT_02,Munich Engineering Works,W12,1236,14.39,0.45,18342.98,15.01,W08,W12,4,COMPLIANT
MAT_010,Alloy 2024-T3 Precision Sheet,SUP_001,Apex Precision Metals GmbH,PLANT_04,Tokyo Precision Facility,W12,319,14.39,7.6,7014.81,15.01,W05,W12,7,SUB_MOQ_VIOLATION
MAT_010,Alloy 2024-T3 Precision Sheet,SUP_001,Apex Precision Metals GmbH,PLANT_05,Chennai Industrial Complex,W12,949,14.39,5.1,18497.57,15.01,W06,W12,6,COMPLIANT
MAT_010,Alloy 2024-T3 Precision Sheet,SUP_003,Nippon Advanced Metallurgy,PLANT_04,Tokyo Precision Facility,W12,406,15.26,0.45,6378.26,15.01,W08,W12,4,SUB_MOQ_VIOLATION
MAT_010,Alloy 2024-T3 Precision Sheet,SUP_003,Nippon Advanced Metallurgy,PLANT_05,Chennai Industrial Complex,W12,1208,15.26,3.6,22781.37,15.01,W06,W12,6,COMPLIANT
MAT_010,Alloy 2024-T3 Precision Sheet,SUP_005,MexSteel & Polymer Fabrica,PLANT_01,Detroit Advanced Assembly Hub,W12,1110,15.42,1.7,19007.99,15.01,W07,W12,5,COMPLIANT
MAT_010,Alloy 2024-T3 Precision Sheet,SUP_005,MexSteel & Polymer Fabrica,PLANT_02,Munich Engineering Works,W12,809,15.42,4.9,16436.24,15.01,W05,W12,7,COMPLIANT
MAT_010,Alloy 2024-T3 Precision Sheet,SUP_005,MexSteel & Polymer Fabrica,PLANT_03,Monterrey Global Production Hub,W12,766,15.42,0.45,12157.69,15.01,W07,W12,5,COMPLIANT
MAT_010,Alloy 2024-T3 Precision Sheet,SUP_012,Monterrey Die & Mold S.A.,PLANT_02,Munich Engineering Works,W12,50,15.89,4.9,1041.16,15.01,W04,W12,8,SUB_MOQ_VIOLATION
MAT_010,Alloy 2024-T3 Precision Sheet,SUP_012,Monterrey Die & Mold S.A.,PLANT_03,Monterrey Global Production Hub,W12,450,15.89,0.45,7351.69,15.01,W06,W12,6,SUB_MOQ_VIOLATION
MAT_011,Engineered Polyamide PA66-GF30 Resin,SUP_002,Vanguard Industrial Dynamics,PLANT_01,Detroit Advanced Assembly Hub,W12,1460,10.91,0.5,16662.48,11.68,W07,W12,5,COMPLIANT
MAT_011,Engineered Polyamide PA66-GF30 Resin,SUP_002,Vanguard Industrial Dynamics,PLANT_02,Munich Engineering Works,W12,684,10.91,3.5,9862.49,11.68,W05,W12,7,SUB_MOQ_VIOLATION
MAT_011,Engineered Polyamide PA66-GF30 Resin,SUP_002,Vanguard Industrial Dynamics,PLANT_03,Monterrey Global Production Hub,W12,819,10.91,1.6,10248.57,11.68,W07,W12,5,SUB_MOQ_VIOLATION
MAT_011,Engineered Polyamide PA66-GF30 Resin,SUP_002,Vanguard Industrial Dynamics,PLANT_05,Chennai Industrial Complex,W12,418,10.91,6.4,7237.1,11.68,W04,W12,8,SUB_MOQ_VIOLATION
MAT_011,Engineered Polyamide PA66-GF30 Resin,SUP_004,Hansol High-Tech Components,PLANT_02,Munich Engineering Works,W12,438,11.47,6.55,7885.19,11.68,W03,W12,9,SUB_MOQ_VIOLATION
MAT_011,Engineered Polyamide PA66-GF30 Resin,SUP_004,Hansol High-Tech Components,PLANT_04,Tokyo Precision Facility,W12,1559,11.47,0.85,19207.37,11.68,W06,W12,6,COMPLIANT
MAT_011,Engineered Polyamide PA66-GF30 Resin,SUP_004,Hansol High-Tech Components,PLANT_05,Chennai Industrial Complex,W12,1563,11.47,3.55,23474.46,11.68,W04,W12,8,COMPLIANT
MAT_011,Engineered Polyamide PA66-GF30 Resin,SUP_005,MexSteel & Polymer Fabrica,PLANT_01,Detroit Advanced Assembly Hub,W12,934,12.28,1.7,13052.57,11.68,W06,W12,6,SUB_MOQ_VIOLATION
MAT_011,Engineered Polyamide PA66-GF30 Resin,SUP_005,MexSteel & Polymer Fabrica,PLANT_03,Monterrey Global Production Hub,W12,524,12.28,0.45,6667.59,11.68,W06,W12,6,SUB_MOQ_VIOLATION
MAT_011,Engineered Polyamide PA66-GF30 Resin,SUP_006,Saigon Composite Solutions,PLANT_04,Tokyo Precision Facility,W12,877,12.47,1.85,12558.07,11.68,W05,W12,7,SUB_MOQ_VIOLATION
MAT_011,Engineered Polyamide PA66-GF30 Resin,SUP_006,Saigon Composite Solutions,PLANT_05,Chennai Industrial Complex,W12,461,12.47,2.1,6717.24,11.68,W05,W12,7,SUB_MOQ_VIOLATION
MAT_012,High-Density Polyethylene HDPE Copolymer,SUP_002,Vanguard Industrial Dynamics,PLANT_01,Detroit Advanced Assembly Hub,W12,875,18.72,0.5,16825.96,19.14,W06,W12,6,COMPLIANT
MAT_012,High-Density Polyethylene HDPE Copolymer,SUP_002,Vanguard Industrial Dynamics,PLANT_02,Munich Engineering Works,W12,450,18.72,3.5,10001.67,19.14,W04,W12,8,SUB_MOQ_VIOLATION
MAT_012,High-Density Polyethylene HDPE Copolymer,SUP_002,Vanguard Industrial Dynamics,PLANT_03,Monterrey Global Production Hub,W12,424,18.72,1.6,8624.62,19.14,W06,W12,6,SUB_MOQ_VIOLATION
MAT_012,High-Density Polyethylene HDPE Copolymer,SUP_002,Vanguard Industrial Dynamics,PLANT_05,Chennai Industrial Complex,W12,62,18.72,6.4,1558.46,19.14,W03,W12,9,SUB_MOQ_VIOLATION
MAT_012,High-Density Polyethylene HDPE Copolymer,SUP_004,Hansol High-Tech Components,PLANT_04,Tokyo Precision Facility,W12,449,18.6,0.85,8742.39,19.14,W06,W12,6,SUB_MOQ_VIOLATION
MAT_012,High-Density Polyethylene HDPE Copolymer,SUP_004,Hansol High-Tech Components,PLANT_05,Chennai Industrial Complex,W12,745,18.6,3.55,16507.95,19.14,W04,W12,8,SUB_MOQ_VIOLATION
MAT_012,High-Density Polyethylene HDPE Copolymer,SUP_005,MexSteel & Polymer Fabrica,PLANT_01,Detroit Advanced Assembly Hub,W12,537,20.39,1.7,11852.61,19.14,W05,W12,7,SUB_MOQ_VIOLATION
MAT_012,High-Density Polyethylene HDPE Copolymer,SUP_005,MexSteel & Polymer Fabrica,PLANT_02,Munich Engineering Works,W12,276,20.39,4.9,6977.01,19.14,W03,W12,9,SUB_MOQ_VIOLATION
MAT_012,High-Density Polyethylene HDPE Copolymer,SUP_005,MexSteel & Polymer Fabrica,PLANT_03,Monterrey Global Production Hub,W12,388,20.39,0.45,8076.75,19.14,W05,W12,7,SUB_MOQ_VIOLATION
MAT_012,High-Density Polyethylene HDPE Copolymer,SUP_006,Saigon Composite Solutions,PLANT_04,Tokyo Precision Facility,W12,212,20.75,1.85,4780.35,19.14,W08,W12,4,SUB_MOQ_VIOLATION
MAT_012,High-Density Polyethylene HDPE Copolymer,SUP_006,Saigon Composite Solutions,PLANT_05,Chennai Industrial Complex,W12,289,20.75,2.1,6596.32,19.14,W08,W12,4,COMPLIANT
MAT_013,Polycarbonate Optical-Grade Pellets,SUP_002,Vanguard Industrial Dynamics,PLANT_01,Detroit Advanced Assembly Hub,W12,439,6.41,0.5,3033.9,6.69,W07,W12,5,COMPLIANT
MAT_013,Polycarbonate Optical-Grade Pellets,SUP_002,Vanguard Industrial Dynamics,PLANT_02,Munich Engineering Works,W12,737,6.41,3.5,7299.71,6.69,W05,W12,7,COMPLIANT
MAT_013,Polycarbonate Optical-Grade Pellets,SUP_002,Vanguard Industrial Dynamics,PLANT_03,Monterrey Global Production Hub,W12,561,6.41,1.6,4492.49,6.69,W07,W12,5,COMPLIANT
MAT_013,Polycarbonate Optical-Grade Pellets,SUP_002,Vanguard Industrial Dynamics,PLANT_05,Chennai Industrial Complex,W12,372,6.41,6.4,4761.43,6.69,W04,W12,8,COMPLIANT
MAT_013,Polycarbonate Optical-Grade Pellets,SUP_004,Hansol High-Tech Components,PLANT_04,Tokyo Precision Facility,W12,1051,6.62,0.85,7847.68,6.69,W07,W12,5,COMPLIANT
MAT_013,Polycarbonate Optical-Grade Pellets,SUP_004,Hansol High-Tech Components,PLANT_05,Chennai Industrial Complex,W12,1321,6.62,3.55,13437.01,6.69,W05,W12,7,COMPLIANT
MAT_013,Polycarbonate Optical-Grade Pellets,SUP_005,MexSteel & Polymer Fabrica,PLANT_01,Detroit Advanced Assembly Hub,W12,318,6.86,1.7,2721.57,6.69,W06,W12,6,COMPLIANT
MAT_013,Polycarbonate Optical-Grade Pellets,SUP_005,MexSteel & Polymer Fabrica,PLANT_02,Munich Engineering Works,W12,533,6.86,4.9,6272.78,6.69,W04,W12,8,COMPLIANT
MAT_013,Polycarbonate Optical-Grade Pellets,SUP_005,MexSteel & Polymer Fabrica,PLANT_03,Monterrey Global Production Hub,W12,406,6.86,0.45,2968.88,6.69,W06,W12,6,COMPLIANT
MAT_013,Polycarbonate Optical-Grade Pellets,SUP_006,Saigon Composite Solutions,PLANT_04,Tokyo Precision Facility,W12,517,7.43,1.85,4801.84,6.69,W07,W12,5,SUB_MOQ_VIOLATION
MAT_013,Polycarbonate Optical-Grade Pellets,SUP_006,Saigon Composite Solutions,PLANT_05,Chennai Industrial Complex,W12,279,7.43,2.1,2659.48,6.69,W07,W12,5,SUB_MOQ_VIOLATION
MAT_014,Polyether Ether Ketone PEEK Polymer,SUP_002,Vanguard Industrial Dynamics,PLANT_01,Detroit Advanced Assembly Hub,W12,443,10.82,0.5,5018.16,11.17,W08,W12,4,COMPLIANT
MAT_014,Polyether Ether Ketone PEEK Polymer,SUP_002,Vanguard Industrial Dynamics,PLANT_02,Munich Engineering Works,W12,1105,10.82,3.5,15822.88,11.17,W06,W12,6,COMPLIANT
MAT_014,Polyether Ether Ketone PEEK Polymer,SUP_002,Vanguard Industrial Dynamics,PLANT_03,Monterrey Global Production Hub,W12,1369,10.82,1.6,17002.36,11.17,W08,W12,4,COMPLIANT
MAT_014,Polyether Ether Ketone PEEK Polymer,SUP_002,Vanguard Industrial Dynamics,PLANT_05,Chennai Industrial Complex,W12,462,10.82,6.4,7951.86,11.17,W05,W12,7,COMPLIANT
MAT_014,Polyether Ether Ketone PEEK Polymer,SUP_004,Hansol High-Tech Components,PLANT_04,Tokyo Precision Facility,W12,1014,10.94,0.85,11951.17,11.17,W06,W12,6,COMPLIANT
MAT_014,Polyether Ether Ketone PEEK Polymer,SUP_004,Hansol High-Tech Components,PLANT_05,Chennai Industrial Complex,W12,1360,10.94,3.55,19699.73,11.17,W04,W12,8,COMPLIANT
MAT_014,Polyether Ether Ketone PEEK Polymer,SUP_005,MexSteel & Polymer Fabrica,PLANT_01,Detroit Advanced Assembly Hub,W12,363,11.43,1.7,4762.25,11.17,W07,W12,5,SUB_MOQ_VIOLATION
MAT_014,Polyether Ether Ketone PEEK Polymer,SUP_005,MexSteel & Polymer Fabrica,PLANT_02,Munich Engineering Works,W12,904,11.43,4.9,14763.14,11.17,W05,W12,7,COMPLIANT
MAT_014,Polyether Ether Ketone PEEK Polymer,SUP_005,MexSteel & Polymer Fabrica,PLANT_03,Monterrey Global Production Hub,W12,1120,11.43,0.45,13306.19,11.17,W07,W12,5,COMPLIANT
MAT_014,Polyether Ether Ketone PEEK Polymer,SUP_006,Saigon Composite Solutions,PLANT_04,Tokyo Precision Facility,W12,595,12.23,1.85,8382.25,11.17,W07,W12,5,COMPLIANT
MAT_014,Polyether Ether Ketone PEEK Polymer,SUP_006,Saigon Composite Solutions,PLANT_05,Chennai Industrial Complex,W12,337,12.23,2.1,4824.61,11.17,W07,W12,5,COMPLIANT
MAT_015,Thermoplastic Polyurethane TPU Elastomer,SUP_002,Vanguard Industrial Dynamics,PLANT_01,Detroit Advanced Assembly Hub,W12,1468,21.33,0.5,32053.43,22.9,W05,W12,7,COMPLIANT
MAT_015,Thermoplastic Polyurethane TPU Elastomer,SUP_002,Vanguard Industrial Dynamics,PLANT_02,Munich Engineering Works,W12,518,21.33,3.5,12849.52,22.9,W03,W12,9,SUB_MOQ_VIOLATION
MAT_015,Thermoplastic Polyurethane TPU Elastomer,SUP_002,Vanguard Industrial Dynamics,PLANT_03,Monterrey Global Production Hub,W12,1013,21.33,1.6,23226.26,22.9,W05,W12,7,COMPLIANT
MAT_015,Thermoplastic Polyurethane TPU Elastomer,SUP_002,Vanguard Industrial Dynamics,PLANT_04,Tokyo Precision Facility,W12,265,21.33,6.2,7295.17,22.9,W02,W12,10,SUB_MOQ_VIOLATION
MAT_015,Thermoplastic Polyurethane TPU Elastomer,SUP_002,Vanguard Industrial Dynamics,PLANT_05,Chennai Industrial Complex,W12,483,21.33,6.4,13406.07,22.9,W02,W12,10,SUB_MOQ_VIOLATION
MAT_015,Thermoplastic Polyurethane TPU Elastomer,SUP_004,Hansol High-Tech Components,PLANT_04,Tokyo Precision Facility,W12,538,22.76,0.85,12702.42,22.9,W09,W12,3,COMPLIANT
MAT_015,Thermoplastic Polyurethane TPU Elastomer,SUP_004,Hansol High-Tech Components,PLANT_05,Chennai Industrial Complex,W12,982,22.76,3.55,25824.58,22.9,W07,W12,5,COMPLIANT
MAT_015,Thermoplastic Polyurethane TPU Elastomer,SUP_005,MexSteel & Polymer Fabrica,PLANT_01,Detroit Advanced Assembly Hub,W12,660,23.46,1.7,16597.55,22.9,W05,W12,7,SUB_MOQ_VIOLATION
MAT_015,Thermoplastic Polyurethane TPU Elastomer,SUP_005,MexSteel & Polymer Fabrica,PLANT_02,Munich Engineering Works,W12,232,23.46,4.9,6593.7,22.9,W03,W12,9,SUB_MOQ_VIOLATION
MAT_015,Thermoplastic Polyurethane TPU Elastomer,SUP_005,MexSteel & Polymer Fabrica,PLANT_03,Monterrey Global Production Hub,W12,455,23.46,0.45,10880.96,22.9,W05,W12,7,SUB_MOQ_VIOLATION
MAT_016,Quad-Core Embedded Controller SoC,SUP_003,Nippon Advanced Metallurgy,PLANT_01,Detroit Advanced Assembly Hub,W12,1533,212.57,5.1,333679.4,227.56,W07,W12,5,COMPLIANT
MAT_016,Quad-Core Embedded Controller SoC,SUP_003,Nippon Advanced Metallurgy,PLANT_02,Munich Engineering Works,W12,1612,212.57,6.5,353145.22,227.56,W06,W12,6,COMPLIANT
MAT_016,Quad-Core Embedded Controller SoC,SUP_003,Nippon Advanced Metallurgy,PLANT_03,Monterrey Global Production Hub,W12,1807,212.57,5.3,393688.91,227.56,W06,W12,6,COMPLIANT
MAT_016,Quad-Core Embedded Controller SoC,SUP_003,Nippon Advanced Metallurgy,PLANT_04,Tokyo Precision Facility,W12,687,212.57,0.45,146434.21,227.56,W09,W12,3,SUB_MOQ_VIOLATION
MAT_016,Quad-Core Embedded Controller SoC,SUP_003,Nippon Advanced Metallurgy,PLANT_05,Chennai Industrial Complex,W12,852,212.57,3.6,184083.89,227.56,W07,W12,5,COMPLIANT
MAT_016,Quad-Core Embedded Controller SoC,SUP_004,Hansol High-Tech Components,PLANT_01,Detroit Advanced Assembly Hub,W12,755,222.17,5.15,171635.69,227.56,W03,W12,9,COMPLIANT
MAT_016,Quad-Core Embedded Controller SoC,SUP_004,Hansol High-Tech Components,PLANT_02,Munich Engineering Works,W12,794,222.17,6.55,181599.11,227.56,W03,W12,9,COMPLIANT
MAT_016,Quad-Core Embedded Controller SoC,SUP_004,Hansol High-Tech Components,PLANT_03,Monterrey Global Production Hub,W12,890,222.17,5.35,202495.08,227.56,W03,W12,9,COMPLIANT
MAT_016,Quad-Core Embedded Controller SoC,SUP_004,Hansol High-Tech Components,PLANT_04,Tokyo Precision Facility,W12,339,222.17,0.85,75510.11,227.56,W06,W12,6,SUB_MOQ_VIOLATION
MAT_016,Quad-Core Embedded Controller SoC,SUP_004,Hansol High-Tech Components,PLANT_05,Chennai Industrial Complex,W12,419,222.17,3.55,94673.74,227.56,W04,W12,8,SUB_MOQ_VIOLATION
MAT_017,Industrial Power Management Module,SUP_003,Nippon Advanced Metallurgy,PLANT_01,Detroit Advanced Assembly Hub,W12,832,113.98,5.1,99112.67,118.85,W03,W12,9,SUB_MOQ_VIOLATION
MAT_017,Industrial Power Management Module,SUP_003,Nippon Advanced Metallurgy,PLANT_02,Munich Engineering Works,W12,860,113.98,6.5,103636.9,118.85,W02,W12,10,SUB_MOQ_VIOLATION
MAT_017,Industrial Power Management Module,SUP_003,Nippon Advanced Metallurgy,PLANT_03,Monterrey Global Production Hub,W12,1244,113.98,5.3,148432.03,118.85,W02,W12,10,COMPLIANT
MAT_017,Industrial Power Management Module,SUP_003,Nippon Advanced Metallurgy,PLANT_04,Tokyo Precision Facility,W12,934,113.98,0.45,106836.43,118.85,W05,W12,7,SUB_MOQ_VIOLATION
MAT_017,Industrial Power Management Module,SUP_003,Nippon Advanced Metallurgy,PLANT_05,Chennai Industrial Complex,W12,1460,113.98,3.6,171718.54,118.85,W03,W12,9,COMPLIANT
MAT_017,Industrial Power Management Module,SUP_004,Hansol High-Tech Components,PLANT_01,Detroit Advanced Assembly Hub,W12,392,121.21,5.15,49492.68,118.85,W04,W12,8,COMPLIANT
MAT_017,Industrial Power Management Module,SUP_004,Hansol High-Tech Components,PLANT_02,Munich Engineering Works,W12,405,121.21,6.55,51717.25,118.85,W04,W12,8,COMPLIANT
MAT_017,Industrial Power Management Module,SUP_004,Hansol High-Tech Components,PLANT_03,Monterrey Global Production Hub,W12,586,121.21,5.35,74113.54,118.85,W04,W12,8,COMPLIANT
MAT_017,Industrial Power Management Module,SUP_004,Hansol High-Tech Components,PLANT_04,Tokyo Precision Facility,W12,439,121.21,0.85,53628.28,118.85,W07,W12,5,COMPLIANT
MAT_017,Industrial Power Management Module,SUP_004,Hansol High-Tech Components,PLANT_05,Chennai Industrial Complex,W12,805,121.21,3.55,100376.91,118.85,W05,W12,7,COMPLIANT
MAT_018,Multi-Layer High-Frequency PCB Array,SUP_003,Nippon Advanced Metallurgy,PLANT_01,Detroit Advanced Assembly Hub,W12,815,230.16,5.1,191687.5,242.4,W06,W12,6,SUB_MOQ_VIOLATION
MAT_018,Multi-Layer High-Frequency PCB Array,SUP_003,Nippon Advanced Metallurgy,PLANT_02,Munich Engineering Works,W12,1277,230.16,6.5,302297.65,242.4,W05,W12,7,COMPLIANT
MAT_018,Multi-Layer High-Frequency PCB Array,SUP_003,Nippon Advanced Metallurgy,PLANT_03,Monterrey Global Production Hub,W12,509,230.16,5.3,119889.17,242.4,W05,W12,7,SUB_MOQ_VIOLATION
MAT_018,Multi-Layer High-Frequency PCB Array,SUP_003,Nippon Advanced Metallurgy,PLANT_04,Tokyo Precision Facility,W12,657,230.16,0.45,151434.67,242.4,W08,W12,4,SUB_MOQ_VIOLATION
MAT_018,Multi-Layer High-Frequency PCB Array,SUP_003,Nippon Advanced Metallurgy,PLANT_05,Chennai Industrial Complex,W12,1225,230.16,3.6,286318.6,242.4,W06,W12,6,COMPLIANT
MAT_018,Multi-Layer High-Frequency PCB Array,SUP_004,Hansol High-Tech Components,PLANT_01,Detroit Advanced Assembly Hub,W12,566,239.2,5.15,138353.41,242.4,W04,W12,8,SUB_MOQ_VIOLATION
MAT_018,Multi-Layer High-Frequency PCB Array,SUP_004,Hansol High-Tech Components,PLANT_02,Munich Engineering Works,W12,888,239.2,6.55,218139.99,242.4,W04,W12,8,SUB_MOQ_VIOLATION
MAT_018,Multi-Layer High-Frequency PCB Array,SUP_004,Hansol High-Tech Components,PLANT_03,Monterrey Global Production Hub,W12,354,239.2,5.35,86529.13,242.4,W04,W12,8,SUB_MOQ_VIOLATION
MAT_018,Multi-Layer High-Frequency PCB Array,SUP_004,Hansol High-Tech Components,PLANT_04,Tokyo Precision Facility,W12,456,239.2,0.85,109542.02,242.4,W07,W12,5,SUB_MOQ_VIOLATION
MAT_018,Multi-Layer High-Frequency PCB Array,SUP_004,Hansol High-Tech Components,PLANT_05,Chennai Industrial Complex,W12,851,239.2,3.55,206619.09,242.4,W05,W12,7,SUB_MOQ_VIOLATION
MAT_019,Precision MEMS IMU Sensor Package,SUP_003,Nippon Advanced Metallurgy,PLANT_01,Detroit Advanced Assembly Hub,W12,1508,307.13,5.1,470692.97,316.16,W04,W12,8,COMPLIANT
MAT_019,Precision MEMS IMU Sensor Package,SUP_003,Nippon Advanced Metallurgy,PLANT_02,Munich Engineering Works,W12,1372,307.13,6.5,430300.36,316.16,W03,W12,9,COMPLIANT
MAT_019,Precision MEMS IMU Sensor Package,SUP_003,Nippon Advanced Metallurgy,PLANT_03,Monterrey Global Production Hub,W12,1388,307.13,5.3,433552.86,316.16,W03,W12,9,COMPLIANT
MAT_019,Precision MEMS IMU Sensor Package,SUP_003,Nippon Advanced Metallurgy,PLANT_04,Tokyo Precision Facility,W12,1111,307.13,0.45,341733.68,316.16,W06,W12,6,COMPLIANT
MAT_019,Precision MEMS IMU Sensor Package,SUP_003,Nippon Advanced Metallurgy,PLANT_05,Chennai Industrial Complex,W12,606,307.13,3.6,188451.53,316.16,W04,W12,8,SUB_MOQ_VIOLATION
MAT_019,Precision MEMS IMU Sensor Package,SUP_004,Hansol High-Tech Components,PLANT_01,Detroit Advanced Assembly Hub,W12,1184,310.88,5.15,374331.21,316.16,W04,W12,8,COMPLIANT
MAT_019,Precision MEMS IMU Sensor Package,SUP_004,Hansol High-Tech Components,PLANT_02,Munich Engineering Works,W12,1078,310.88,6.55,342189.54,316.16,W04,W12,8,COMPLIANT
MAT_019,Precision MEMS IMU Sensor Package,SUP_004,Hansol High-Tech Components,PLANT_03,Monterrey Global Production Hub,W12,1090,310.88,5.35,344791.89,316.16,W04,W12,8,COMPLIANT
MAT_019,Precision MEMS IMU Sensor Package,SUP_004,Hansol High-Tech Components,PLANT_04,Tokyo Precision Facility,W12,873,310.88,0.85,272127.82,316.16,W07,W12,5,COMPLIANT
MAT_019,Precision MEMS IMU Sensor Package,SUP_004,Hansol High-Tech Components,PLANT_05,Chennai Industrial Complex,W12,477,310.88,3.55,149832.18,316.16,W05,W12,7,SUB_MOQ_VIOLATION
MAT_020,Fiber-Optic Gigabit Transceiver Subassembly,SUP_003,Nippon Advanced Metallurgy,PLANT_01,Detroit Advanced Assembly Hub,W12,1306,44.87,5.1,65268.82,47.18,W05,W12,7,COMPLIANT
MAT_020,Fiber-Optic Gigabit Transceiver Subassembly,SUP_003,Nippon Advanced Metallurgy,PLANT_02,Munich Engineering Works,W12,760,44.87,6.5,39060.72,47.18,W04,W12,8,SUB_MOQ_VIOLATION
MAT_020,Fiber-Optic Gigabit Transceiver Subassembly,SUP_003,Nippon Advanced Metallurgy,PLANT_03,Monterrey Global Production Hub,W12,1125,44.87,5.3,56451.28,47.18,W04,W12,8,COMPLIANT
MAT_020,Fiber-Optic Gigabit Transceiver Subassembly,SUP_003,Nippon Advanced Metallurgy,PLANT_04,Tokyo Precision Facility,W12,1135,44.87,0.45,51440.92,47.18,W07,W12,5,COMPLIANT
MAT_020,Fiber-Optic Gigabit Transceiver Subassembly,SUP_003,Nippon Advanced Metallurgy,PLANT_05,Chennai Industrial Complex,W12,1333,44.87,3.6,64602.75,47.18,W05,W12,7,COMPLIANT
MAT_020,Fiber-Optic Gigabit Transceiver Subassembly,SUP_004,Hansol High-Tech Components,PLANT_01,Detroit Advanced Assembly Hub,W12,946,47.81,5.15,50091.69,47.18,W06,W12,6,COMPLIANT
MAT_020,Fiber-Optic Gigabit Transceiver Subassembly,SUP_004,Hansol High-Tech Components,PLANT_02,Munich Engineering Works,W12,551,47.81,6.55,29931.7,47.18,W06,W12,6,SUB_MOQ_VIOLATION
MAT_020,Fiber-Optic Gigabit Transceiver Subassembly,SUP_004,Hansol High-Tech Components,PLANT_03,Monterrey Global Production Hub,W12,815,47.81,5.35,43314.77,47.18,W06,W12,6,COMPLIANT
MAT_020,Fiber-Optic Gigabit Transceiver Subassembly,SUP_004,Hansol High-Tech Components,PLANT_04,Tokyo Precision Facility,W12,822,47.81,0.85,39995.6,47.18,W09,W12,3,COMPLIANT
MAT_020,Fiber-Optic Gigabit Transceiver Subassembly,SUP_004,Hansol High-Tech Components,PLANT_05,Chennai Industrial Complex,W12,965,47.81,3.55,49570.62,47.18,W07,W12,5,COMPLIANT
MAT_021,Angular Contact Spindle Bearing 7008,SUP_003,Nippon Advanced Metallurgy,PLANT_01,Detroit Advanced Assembly Hub,W12,858,116.17,5.1,104031.47,120.34,W03,W12,9,SUB_MOQ_VIOLATION
MAT_021,Angular Contact Spindle Bearing 7008,SUP_003,Nippon Advanced Metallurgy,PLANT_02,Munich Engineering Works,W12,1318,116.17,6.5,161729.35,120.34,W02,W12,10,COMPLIANT
MAT_021,Angular Contact Spindle Bearing 7008,SUP_003,Nippon Advanced Metallurgy,PLANT_03,Monterrey Global Production Hub,W12,413,116.17,5.3,50128.24,120.34,W02,W12,10,SUB_MOQ_VIOLATION
MAT_021,Angular Contact Spindle Bearing 7008,SUP_003,Nippon Advanced Metallurgy,PLANT_04,Tokyo Precision Facility,W12,1412,116.17,0.45,164721.09,120.34,W05,W12,7,COMPLIANT
MAT_021,Angular Contact Spindle Bearing 7008,SUP_003,Nippon Advanced Metallurgy,PLANT_05,Chennai Industrial Complex,W12,576,116.17,3.6,69019.86,120.34,W03,W12,9,SUB_MOQ_VIOLATION
MAT_021,Angular Contact Spindle Bearing 7008,SUP_011,Shinshu Bearing & Motion Systems,PLANT_01,Detroit Advanced Assembly Hub,W12,647,118.13,5.1,79748.29,120.34,W05,W12,7,COMPLIANT
MAT_021,Angular Contact Spindle Bearing 7008,SUP_011,Shinshu Bearing & Motion Systems,PLANT_02,Munich Engineering Works,W12,995,118.13,6.5,123955.75,120.34,W04,W12,8,COMPLIANT
MAT_021,Angular Contact Spindle Bearing 7008,SUP_011,Shinshu Bearing & Motion Systems,PLANT_03,Monterrey Global Production Hub,W12,311,118.13,5.3,38426.23,120.34,W04,W12,8,SUB_MOQ_VIOLATION
MAT_021,Angular Contact Spindle Bearing 7008,SUP_011,Shinshu Bearing & Motion Systems,PLANT_04,Tokyo Precision Facility,W12,1066,118.13,0.45,126351.73,120.34,W07,W12,5,COMPLIANT
MAT_021,Angular Contact Spindle Bearing 7008,SUP_011,Shinshu Bearing & Motion Systems,PLANT_05,Chennai Industrial Complex,W12,435,118.13,3.6,52919.68,120.34,W05,W12,7,SUB_MOQ_VIOLATION
MAT_022,Double-Row Tapered Roller Bearing,SUP_003,Nippon Advanced Metallurgy,PLANT_01,Detroit Advanced Assembly Hub,W12,967,103.66,5.1,105219.86,106.66,W04,W12,8,COMPLIANT
MAT_022,Double-Row Tapered Roller Bearing,SUP_003,Nippon Advanced Metallurgy,PLANT_02,Munich Engineering Works,W12,1142,103.66,6.5,125780.69,106.66,W03,W12,9,COMPLIANT
MAT_022,Double-Row Tapered Roller Bearing,SUP_003,Nippon Advanced Metallurgy,PLANT_03,Monterrey Global Production Hub,W12,1465,103.66,5.3,159588.26,106.66,W03,W12,9,COMPLIANT
MAT_022,Double-Row Tapered Roller Bearing,SUP_003,Nippon Advanced Metallurgy,PLANT_04,Tokyo Precision Facility,W12,413,103.66,0.45,43002.64,106.66,W06,W12,6,SUB_MOQ_VIOLATION
MAT_022,Double-Row Tapered Roller Bearing,SUP_003,Nippon Advanced Metallurgy,PLANT_05,Chennai Industrial Complex,W12,1379,103.66,3.6,147895.45,106.66,W04,W12,8,COMPLIANT
MAT_022,Double-Row Tapered Roller Bearing,SUP_011,Shinshu Bearing & Motion Systems,PLANT_01,Detroit Advanced Assembly Hub,W12,792,105.28,5.1,87371.29,106.66,W04,W12,8,SUB_MOQ_VIOLATION
MAT_022,Double-Row Tapered Roller Bearing,SUP_011,Shinshu Bearing & Motion Systems,PLANT_02,Munich Engineering Works,W12,934,105.28,6.5,104424.88,106.66,W03,W12,9,SUB_MOQ_VIOLATION
MAT_022,Double-Row Tapered Roller Bearing,SUP_011,Shinshu Bearing & Motion Systems,PLANT_03,Monterrey Global Production Hub,W12,1198,105.28,5.3,132513.54,106.66,W03,W12,9,COMPLIANT
MAT_022,Double-Row Tapered Roller Bearing,SUP_011,Shinshu Bearing & Motion Systems,PLANT_04,Tokyo Precision Facility,W12,338,105.28,0.45,35731.45,106.66,W06,W12,6,SUB_MOQ_VIOLATION
MAT_022,Double-Row Tapered Roller Bearing,SUP_011,Shinshu Bearing & Motion Systems,PLANT_05,Chennai Industrial Complex,W12,1128,105.28,3.6,122832.97,106.66,W04,W12,8,COMPLIANT
MAT_023,Deep-Groove Ceramic Hybrid Bearing,SUP_003,Nippon Advanced Metallurgy,PLANT_01,Detroit Advanced Assembly Hub,W12,1372,57.2,5.1,85445.07,61.21,W06,W12,6,COMPLIANT
MAT_023,Deep-Groove Ceramic Hybrid Bearing,SUP_003,Nippon Advanced Metallurgy,PLANT_02,Munich Engineering Works,W12,1276,57.2,6.5,81305.41,61.21,W05,W12,7,COMPLIANT
MAT_023,Deep-Groove Ceramic Hybrid Bearing,SUP_003,Nippon Advanced Metallurgy,PLANT_03,Monterrey Global Production Hub,W12,1126,57.2,5.3,70363.12,61.21,W05,W12,7,COMPLIANT
MAT_023,Deep-Groove Ceramic Hybrid Bearing,SUP_003,Nippon Advanced Metallurgy,PLANT_04,Tokyo Precision Facility,W12,1679,57.2,0.45,96791.47,61.21,W08,W12,4,COMPLIANT
MAT_023,Deep-Groove Ceramic Hybrid Bearing,SUP_003,Nippon Advanced Metallurgy,PLANT_05,Chennai Industrial Complex,W12,1336,57.2,3.6,81242.78,61.21,W06,W12,6,COMPLIANT
MAT_023,Deep-Groove Ceramic Hybrid Bearing,SUP_011,Shinshu Bearing & Motion Systems,PLANT_01,Detroit Advanced Assembly Hub,W12,805,60.49,5.1,52832.09,61.21,W07,W12,5,COMPLIANT
MAT_023,Deep-Groove Ceramic Hybrid Bearing,SUP_011,Shinshu Bearing & Motion Systems,PLANT_02,Munich Engineering Works,W12,750,60.49,6.5,50217.04,61.21,W06,W12,6,COMPLIANT
MAT_023,Deep-Groove Ceramic Hybrid Bearing,SUP_011,Shinshu Bearing & Motion Systems,PLANT_03,Monterrey Global Production Hub,W12,661,60.49,5.3,43499.69,61.21,W06,W12,6,COMPLIANT
MAT_023,Deep-Groove Ceramic Hybrid Bearing,SUP_011,Shinshu Bearing & Motion Systems,PLANT_04,Tokyo Precision Facility,W12,986,60.49,0.45,60089.89,61.21,W09,W12,3,COMPLIANT
MAT_023,Deep-Groove Ceramic Hybrid Bearing,SUP_011,Shinshu Bearing & Motion Systems,PLANT_05,Chennai Industrial Complex,W12,785,60.49,3.6,50295.91,61.21,W07,W12,5,COMPLIANT
MAT_024,Sealed Spherical Roller Bearing 22210,SUP_003,Nippon Advanced Metallurgy,PLANT_01,Detroit Advanced Assembly Hub,W12,1304,37.17,5.1,55136.99,37.75,W03,W12,9,COMPLIANT
MAT_024,Sealed Spherical Roller Bearing 22210,SUP_003,Nippon Advanced Metallurgy,PLANT_02,Munich Engineering Works,W12,467,37.17,6.5,20411.36,37.75,W02,W12,10,SUB_MOQ_VIOLATION
MAT_024,Sealed Spherical Roller Bearing 22210,SUP_003,Nippon Advanced Metallurgy,PLANT_03,Monterrey Global Production Hub,W12,693,37.17,5.3,29431.71,37.75,W02,W12,10,SUB_MOQ_VIOLATION
MAT_024,Sealed Spherical Roller Bearing 22210,SUP_003,Nippon Advanced Metallurgy,PLANT_04,Tokyo Precision Facility,W12,1143,37.17,0.45,42999.66,37.75,W05,W12,7,COMPLIANT
MAT_024,Sealed Spherical Roller Bearing 22210,SUP_003,Nippon Advanced Metallurgy,PLANT_05,Chennai Industrial Complex,W12,1467,37.17,3.6,59809.59,37.75,W03,W12,9,COMPLIANT
MAT_024,Sealed Spherical Roller Bearing 22210,SUP_011,Shinshu Bearing & Motion Systems,PLANT_01,Detroit Advanced Assembly Hub,W12,870,38.02,5.1,37497.15,37.75,W07,W12,5,SUB_MOQ_VIOLATION
MAT_024,Sealed Spherical Roller Bearing 22210,SUP_011,Shinshu Bearing & Motion Systems,PLANT_02,Munich Engineering Works,W12,312,38.02,6.5,13872.43,37.75,W06,W12,6,SUB_MOQ_VIOLATION
MAT_024,Sealed Spherical Roller Bearing 22210,SUP_011,Shinshu Bearing & Motion Systems,PLANT_03,Monterrey Global Production Hub,W12,462,38.02,5.3,20013.84,37.75,W06,W12,6,SUB_MOQ_VIOLATION
MAT_024,Sealed Spherical Roller Bearing 22210,SUP_011,Shinshu Bearing & Motion Systems,PLANT_04,Tokyo Precision Facility,W12,762,38.02,0.45,29314.14,37.75,W09,W12,3,SUB_MOQ_VIOLATION
MAT_024,Sealed Spherical Roller Bearing 22210,SUP_011,Shinshu Bearing & Motion Systems,PLANT_05,Chennai Industrial Complex,W12,978,38.02,3.6,40704.36,37.75,W07,W12,5,SUB_MOQ_VIOLATION
MAT_025,High-Speed Miniature Precision Bearing,SUP_003,Nippon Advanced Metallurgy,PLANT_01,Detroit Advanced Assembly Hub,W12,1063,131.11,5.1,144747.64,139.57,W04,W12,8,COMPLIANT
MAT_025,High-Speed Miniature Precision Bearing,SUP_003,Nippon Advanced Metallurgy,PLANT_02,Munich Engineering Works,W12,1616,131.11,6.5,222424.55,139.57,W03,W12,9,COMPLIANT
MAT_025,High-Speed Miniature Precision Bearing,SUP_003,Nippon Advanced Metallurgy,PLANT_03,Monterrey Global Production Hub,W12,1318,131.11,5.3,179720.18,139.57,W03,W12,9,COMPLIANT
MAT_025,High-Speed Miniature Precision Bearing,SUP_003,Nippon Advanced Metallurgy,PLANT_04,Tokyo Precision Facility,W12,986,131.11,0.45,129773.42,139.57,W06,W12,6,SUB_MOQ_VIOLATION
MAT_025,High-Speed Miniature Precision Bearing,SUP_003,Nippon Advanced Metallurgy,PLANT_05,Chennai Industrial Complex,W12,1300,131.11,3.6,175141.86,139.57,W04,W12,8,COMPLIANT
MAT_025,High-Speed Miniature Precision Bearing,SUP_011,Shinshu Bearing & Motion Systems,PLANT_01,Detroit Advanced Assembly Hub,W12,651,135.66,5.1,91679.8,139.57,W05,W12,7,SUB_MOQ_VIOLATION
MAT_025,High-Speed Miniature Precision Bearing,SUP_011,Shinshu Bearing & Motion Systems,PLANT_02,Munich Engineering Works,W12,991,135.66,6.5,140832.23,139.57,W04,W12,8,COMPLIANT
MAT_025,High-Speed Miniature Precision Bearing,SUP_011,Shinshu Bearing & Motion Systems,PLANT_03,Monterrey Global Production Hub,W12,808,135.66,5.3,113825.2,139.57,W04,W12,8,COMPLIANT
MAT_025,High-Speed Miniature Precision Bearing,SUP_011,Shinshu Bearing & Motion Systems,PLANT_04,Tokyo Precision Facility,W12,605,135.66,0.45,82289.38,139.57,W07,W12,5,SUB_MOQ_VIOLATION
MAT_025,High-Speed Miniature Precision Bearing,SUP_011,Shinshu Bearing & Motion Systems,PLANT_05,Chennai Industrial Complex,W12,797,135.66,3.6,110970.72,139.57,W05,W12,7,COMPLIANT
MAT_026,Proportional Electro-Hydraulic Valve,SUP_001,Apex Precision Metals GmbH,PLANT_01,Detroit Advanced Assembly Hub,W12,999,185.93,3.4,189163.39,194.59,W07,W12,5,SUB_MOQ_VIOLATION
MAT_026,Proportional Electro-Hydraulic Valve,SUP_001,Apex Precision Metals GmbH,PLANT_02,Munich Engineering Works,W12,1665,185.93,0.45,310317.11,194.59,W08,W12,4,COMPLIANT
MAT_026,Proportional Electro-Hydraulic Valve,SUP_001,Apex Precision Metals GmbH,PLANT_03,Monterrey Global Production Hub,W12,1081,185.93,4.8,206091.39,194.59,W06,W12,6,SUB_MOQ_VIOLATION
MAT_026,Proportional Electro-Hydraulic Valve,SUP_001,Apex Precision Metals GmbH,PLANT_04,Tokyo Precision Facility,W12,1165,185.93,7.6,225408.26,194.59,W05,W12,7,SUB_MOQ_VIOLATION
MAT_026,Proportional Electro-Hydraulic Valve,SUP_001,Apex Precision Metals GmbH,PLANT_05,Chennai Industrial Complex,W12,565,185.93,5.1,107952.96,194.59,W06,W12,6,SUB_MOQ_VIOLATION
MAT_026,Proportional Electro-Hydraulic Valve,SUP_009,EuroHydraulics SpA,PLANT_01,Detroit Advanced Assembly Hub,W12,449,198.4,3.4,90583.98,194.59,W08,W12,4,COMPLIANT
MAT_026,Proportional Electro-Hydraulic Valve,SUP_009,EuroHydraulics SpA,PLANT_02,Munich Engineering Works,W12,748,198.4,0.45,148745.77,194.59,W09,W12,3,COMPLIANT
MAT_026,Proportional Electro-Hydraulic Valve,SUP_009,EuroHydraulics SpA,PLANT_03,Monterrey Global Production Hub,W12,485,198.4,4.8,98645.47,194.59,W07,W12,5,COMPLIANT
MAT_026,Proportional Electro-Hydraulic Valve,SUP_009,EuroHydraulics SpA,PLANT_04,Tokyo Precision Facility,W12,523,198.4,7.6,107795.68,194.59,W06,W12,6,COMPLIANT
MAT_026,Proportional Electro-Hydraulic Valve,SUP_009,EuroHydraulics SpA,PLANT_05,Chennai Industrial Complex,W12,254,198.4,5.1,51666.61,194.59,W07,W12,5,COMPLIANT
MAT_027,Double-Acting Heavy Cylinder 3000 PSI,SUP_001,Apex Precision Metals GmbH,PLANT_01,Detroit Advanced Assembly Hub,W12,714,95.5,3.4,70577.02,100.71,W06,W12,6,SUB_MOQ_VIOLATION
MAT_027,Double-Acting Heavy Cylinder 3000 PSI,SUP_001,Apex Precision Metals GmbH,PLANT_02,Munich Engineering Works,W12,1538,95.5,0.45,147592.21,100.71,W07,W12,5,COMPLIANT
MAT_027,Double-Acting Heavy Cylinder 3000 PSI,SUP_001,Apex Precision Metals GmbH,PLANT_03,Monterrey Global Production Hub,W12,995,95.5,4.8,99808.53,100.71,W05,W12,7,SUB_MOQ_VIOLATION
MAT_027,Double-Acting Heavy Cylinder 3000 PSI,SUP_001,Apex Precision Metals GmbH,PLANT_04,Tokyo Precision Facility,W12,636,95.5,7.6,65520.05,100.71,W04,W12,8,SUB_MOQ_VIOLATION
MAT_027,Double-Acting Heavy Cylinder 3000 PSI,SUP_001,Apex Precision Metals GmbH,PLANT_05,Chennai Industrial Complex,W12,1264,95.5,5.1,127114.14,100.71,W05,W12,7,COMPLIANT
MAT_027,Double-Acting Heavy Cylinder 3000 PSI,SUP_009,EuroHydraulics SpA,PLANT_01,Detroit Advanced Assembly Hub,W12,437,98.17,3.4,44424.69,100.71,W05,W12,7,COMPLIANT
MAT_027,Double-Acting Heavy Cylinder 3000 PSI,SUP_009,EuroHydraulics SpA,PLANT_02,Munich Engineering Works,W12,943,98.17,0.45,92976.96,100.71,W06,W12,6,COMPLIANT
MAT_027,Double-Acting Heavy Cylinder 3000 PSI,SUP_009,EuroHydraulics SpA,PLANT_03,Monterrey Global Production Hub,W12,610,98.17,4.8,62801.4,100.71,W04,W12,8,COMPLIANT
MAT_027,Double-Acting Heavy Cylinder 3000 PSI,SUP_007,Bharat Precision Engineering,PLANT_04,Tokyo Precision Facility,W12,390,101.87,3.65,41100.04,100.71,W03,W12,9,SUB_MOQ_VIOLATION
MAT_027,Double-Acting Heavy Cylinder 3000 PSI,SUP_007,Bharat Precision Engineering,PLANT_05,Chennai Industrial Complex,W12,774,101.87,0.45,79240.7,100.71,W05,W12,7,COMPLIANT
MAT_028,Variable Displacement Piston Pump Core,SUP_001,Apex Precision Metals GmbH,PLANT_01,Detroit Advanced Assembly Hub,W12,678,99.77,3.4,69998.78,102.24,W04,W12,8,SUB_MOQ_VIOLATION
MAT_028,Variable Displacement Piston Pump Core,SUP_001,Apex Precision Metals GmbH,PLANT_02,Munich Engineering Works,W12,842,99.77,0.45,84401.28,102.24,W05,W12,7,COMPLIANT
MAT_028,Variable Displacement Piston Pump Core,SUP_001,Apex Precision Metals GmbH,PLANT_03,Monterrey Global Production Hub,W12,1362,99.77,4.8,142449.44,102.24,W03,W12,9,COMPLIANT
MAT_028,Variable Displacement Piston Pump Core,SUP_001,Apex Precision Metals GmbH,PLANT_04,Tokyo Precision Facility,W12,1410,99.77,7.6,151365.93,102.24,W02,W12,10,COMPLIANT
MAT_028,Variable Displacement Piston Pump Core,SUP_001,Apex Precision Metals GmbH,PLANT_05,Chennai Industrial Complex,W12,489,99.77,5.1,51287.72,102.24,W03,W12,9,SUB_MOQ_VIOLATION
MAT_028,Variable Displacement Piston Pump Core,SUP_009,EuroHydraulics SpA,PLANT_01,Detroit Advanced Assembly Hub,W12,350,102.06,3.4,36860.38,102.24,W06,W12,6,SUB_MOQ_VIOLATION
MAT_028,Variable Displacement Piston Pump Core,SUP_009,EuroHydraulics SpA,PLANT_02,Munich Engineering Works,W12,434,102.06,0.45,44472.94,102.24,W07,W12,5,SUB_MOQ_VIOLATION
MAT_028,Variable Displacement Piston Pump Core,SUP_009,EuroHydraulics SpA,PLANT_03,Monterrey Global Production Hub,W12,702,102.06,4.8,74990.07,102.24,W05,W12,7,SUB_MOQ_VIOLATION
MAT_028,Variable Displacement Piston Pump Core,SUP_009,EuroHydraulics SpA,PLANT_04,Tokyo Precision Facility,W12,726,102.06,7.6,79639.48,102.24,W04,W12,8,SUB_MOQ_VIOLATION
MAT_028,Variable Displacement Piston Pump Core,SUP_009,EuroHydraulics SpA,PLANT_05,Chennai Industrial Complex,W12,252,102.06,5.1,26997.89,102.24,W05,W12,7,SUB_MOQ_VIOLATION
MAT_029,Reinforced High-Pressure Flex Hose Assembly,SUP_001,Apex Precision Metals GmbH,PLANT_01,Detroit Advanced Assembly Hub,W12,560,371.44,3.4,210022.85,391.29,W07,W12,5,COMPLIANT
MAT_029,Reinforced High-Pressure Flex Hose Assembly,SUP_001,Apex Precision Metals GmbH,PLANT_02,Munich Engineering Works,W12,760,371.44,0.45,282822.34,391.29,W08,W12,4,COMPLIANT
MAT_029,Reinforced High-Pressure Flex Hose Assembly,SUP_001,Apex Precision Metals GmbH,PLANT_03,Monterrey Global Production Hub,W12,1228,371.44,4.8,462210.84,391.29,W06,W12,6,COMPLIANT
MAT_029,Reinforced High-Pressure Flex Hose Assembly,SUP_001,Apex Precision Metals GmbH,PLANT_04,Tokyo Precision Facility,W12,607,371.44,7.6,230115.18,391.29,W05,W12,7,COMPLIANT
MAT_029,Reinforced High-Pressure Flex Hose Assembly,SUP_001,Apex Precision Metals GmbH,PLANT_05,Chennai Industrial Complex,W12,1572,371.44,5.1,591807.92,391.29,W06,W12,6,COMPLIANT
MAT_029,Reinforced High-Pressure Flex Hose Assembly,SUP_009,EuroHydraulics SpA,PLANT_01,Detroit Advanced Assembly Hub,W12,302,386.32,3.4,117578.52,391.29,W04,W12,8,SUB_MOQ_VIOLATION
MAT_029,Reinforced High-Pressure Flex Hose Assembly,SUP_009,EuroHydraulics SpA,PLANT_02,Munich Engineering Works,W12,410,386.32,0.45,158382.32,391.29,W05,W12,7,SUB_MOQ_VIOLATION
MAT_029,Reinforced High-Pressure Flex Hose Assembly,SUP_009,EuroHydraulics SpA,PLANT_03,Monterrey Global Production Hub,W12,662,386.32,4.8,258725.88,391.29,W03,W12,9,SUB_MOQ_VIOLATION
MAT_029,Reinforced High-Pressure Flex Hose Assembly,SUP_009,EuroHydraulics SpA,PLANT_04,Tokyo Precision Facility,W12,327,386.32,7.6,128772.45,391.29,W02,W12,10,SUB_MOQ_VIOLATION
MAT_029,Reinforced High-Pressure Flex Hose Assembly,SUP_009,EuroHydraulics SpA,PLANT_05,Chennai Industrial Complex,W12,846,386.32,5.1,331258.75,391.29,W03,W12,9,SUB_MOQ_VIOLATION
MAT_030,Servo-Controlled Hydraulic Actuator,SUP_001,Apex Precision Metals GmbH,PLANT_01,Detroit Advanced Assembly Hub,W12,637,276.63,3.4,178334.31,297.43,W05,W12,7,SUB_MOQ_VIOLATION
MAT_030,Servo-Controlled Hydraulic Actuator,SUP_001,Apex Precision Metals GmbH,PLANT_02,Munich Engineering Works,W12,1006,276.63,0.45,278664.9,297.43,W06,W12,6,SUB_MOQ_VIOLATION
MAT_030,Servo-Controlled Hydraulic Actuator,SUP_001,Apex Precision Metals GmbH,PLANT_03,Monterrey Global Production Hub,W12,611,276.63,4.8,172043.79,297.43,W04,W12,8,SUB_MOQ_VIOLATION
MAT_030,Servo-Controlled Hydraulic Actuator,SUP_001,Apex Precision Metals GmbH,PLANT_04,Tokyo Precision Facility,W12,782,276.63,7.6,222222.38,297.43,W03,W12,9,SUB_MOQ_VIOLATION
MAT_030,Servo-Controlled Hydraulic Actuator,SUP_001,Apex Precision Metals GmbH,PLANT_05,Chennai Industrial Complex,W12,1589,276.63,5.1,447725.32,297.43,W04,W12,8,COMPLIANT
MAT_030,Servo-Controlled Hydraulic Actuator,SUP_009,EuroHydraulics SpA,PLANT_01,Detroit Advanced Assembly Hub,W12,461,294.96,3.4,137591.7,297.43,W05,W12,7,SUB_MOQ_VIOLATION
MAT_030,Servo-Controlled Hydraulic Actuator,SUP_009,EuroHydraulics SpA,PLANT_02,Munich Engineering Works,W12,728,294.96,0.45,215141.19,297.43,W06,W12,6,SUB_MOQ_VIOLATION
MAT_030,Servo-Controlled Hydraulic Actuator,SUP_009,EuroHydraulics SpA,PLANT_03,Monterrey Global Production Hub,W12,443,294.96,4.8,132697.76,297.43,W04,W12,8,SUB_MOQ_VIOLATION
MAT_030,Servo-Controlled Hydraulic Actuator,SUP_009,EuroHydraulics SpA,PLANT_04,Tokyo Precision Facility,W12,566,294.96,7.6,171297.37,297.43,W03,W12,9,SUB_MOQ_VIOLATION
MAT_030,Servo-Controlled Hydraulic Actuator,SUP_009,EuroHydraulics SpA,PLANT_05,Chennai Industrial Complex,W12,1151,294.96,5.1,345309.05,297.43,W04,W12,8,COMPLIANT
MAT_031,Grade 12.9 Structural Flange Hex Bolt,SUP_002,Vanguard Industrial Dynamics,PLANT_01,Detroit Advanced Assembly Hub,W12,1028,14.13,0.5,15045.49,15.16,W08,W12,4,SUB_MOQ_VIOLATION
MAT_031,Grade 12.9 Structural Flange Hex Bolt,SUP_002,Vanguard Industrial Dynamics,PLANT_02,Munich Engineering Works,W12,668,14.13,3.5,11773.31,15.16,W06,W12,6,SUB_MOQ_VIOLATION
MAT_031,Grade 12.9 Structural Flange Hex Bolt,SUP_002,Vanguard Industrial Dynamics,PLANT_03,Monterrey Global Production Hub,W12,1374,14.13,1.6,21613.02,15.16,W08,W12,4,COMPLIANT
MAT_031,Grade 12.9 Structural Flange Hex Bolt,SUP_002,Vanguard Industrial Dynamics,PLANT_04,Tokyo Precision Facility,W12,467,14.13,6.2,9485.16,15.16,W05,W12,7,SUB_MOQ_VIOLATION
MAT_031,Grade 12.9 Structural Flange Hex Bolt,SUP_002,Vanguard Industrial Dynamics,PLANT_05,Chennai Industrial Complex,W12,508,14.13,6.4,10439.09,15.16,W05,W12,7,SUB_MOQ_VIOLATION
MAT_031,Grade 12.9 Structural Flange Hex Bolt,SUP_007,Bharat Precision Engineering,PLANT_04,Tokyo Precision Facility,W12,991,14.72,3.65,18212.75,15.16,W07,W12,5,SUB_MOQ_VIOLATION
MAT_031,Grade 12.9 Structural Flange Hex Bolt,SUP_007,Bharat Precision Engineering,PLANT_05,Chennai Industrial Complex,W12,1081,14.72,0.45,16391.49,15.16,W09,W12,3,COMPLIANT
MAT_031,Grade 12.9 Structural Flange Hex Bolt,SUP_010,Detroit Fastener Alliance,PLANT_01,Detroit Advanced Assembly Hub,W12,686,15.41,0.5,10907.9,15.16,W08,W12,4,COMPLIANT
MAT_031,Grade 12.9 Structural Flange Hex Bolt,SUP_010,Detroit Fastener Alliance,PLANT_02,Munich Engineering Works,W12,445,15.41,3.5,8418.73,15.16,W06,W12,6,COMPLIANT
MAT_031,Grade 12.9 Structural Flange Hex Bolt,SUP_010,Detroit Fastener Alliance,PLANT_03,Monterrey Global Production Hub,W12,916,15.41,1.6,15581.16,15.16,W08,W12,4,COMPLIANT
MAT_032,Aerospace Grade Titanium Locknut,SUP_002,Vanguard Industrial Dynamics,PLANT_01,Detroit Advanced Assembly Hub,W12,538,13.27,0.5,7412.39,13.82,W06,W12,6,SUB_MOQ_VIOLATION
MAT_032,Aerospace Grade Titanium Locknut,SUP_002,Vanguard Industrial Dynamics,PLANT_02,Munich Engineering Works,W12,890,13.27,3.5,14920.27,13.82,W04,W12,8,COMPLIANT
MAT_032,Aerospace Grade Titanium Locknut,SUP_002,Vanguard Industrial Dynamics,PLANT_03,Monterrey Global Production Hub,W12,662,13.27,1.6,9846.91,13.82,W06,W12,6,SUB_MOQ_VIOLATION
MAT_032,Aerospace Grade Titanium Locknut,SUP_002,Vanguard Industrial Dynamics,PLANT_04,Tokyo Precision Facility,W12,355,13.27,6.2,6910.88,13.82,W03,W12,9,SUB_MOQ_VIOLATION
MAT_032,Aerospace Grade Titanium Locknut,SUP_002,Vanguard Industrial Dynamics,PLANT_05,Chennai Industrial Complex,W12,650,13.27,6.4,12786.88,13.82,W03,W12,9,SUB_MOQ_VIOLATION
MAT_032,Aerospace Grade Titanium Locknut,SUP_007,Bharat Precision Engineering,PLANT_04,Tokyo Precision Facility,W12,790,13.61,3.65,13636.26,13.82,W06,W12,6,SUB_MOQ_VIOLATION
MAT_032,Aerospace Grade Titanium Locknut,SUP_007,Bharat Precision Engineering,PLANT_05,Chennai Industrial Complex,W12,1447,13.61,0.45,20343.84,13.82,W08,W12,4,COMPLIANT
MAT_032,Aerospace Grade Titanium Locknut,SUP_010,Detroit Fastener Alliance,PLANT_01,Detroit Advanced Assembly Hub,W12,231,14.38,0.5,3432.82,13.82,W09,W12,3,SUB_MOQ_VIOLATION
MAT_032,Aerospace Grade Titanium Locknut,SUP_010,Detroit Fastener Alliance,PLANT_02,Munich Engineering Works,W12,381,14.38,3.5,6817.64,13.82,W07,W12,5,SUB_MOQ_VIOLATION
MAT_032,Aerospace Grade Titanium Locknut,SUP_010,Detroit Fastener Alliance,PLANT_03,Monterrey Global Production Hub,W12,284,14.38,1.6,4535.12,13.82,W09,W12,3,SUB_MOQ_VIOLATION
MAT_033,Stainless Steel A4-80 Socket Cap Screw,SUP_002,Vanguard Industrial Dynamics,PLANT_01,Detroit Advanced Assembly Hub,W12,949,10.01,0.5,9977.25,10.48,W07,W12,5,SUB_MOQ_VIOLATION
MAT_033,Stainless Steel A4-80 Socket Cap Screw,SUP_002,Vanguard Industrial Dynamics,PLANT_02,Munich Engineering Works,W12,712,10.01,3.5,9612.91,10.48,W05,W12,7,SUB_MOQ_VIOLATION
MAT_033,Stainless Steel A4-80 Socket Cap Screw,SUP_002,Vanguard Industrial Dynamics,PLANT_03,Monterrey Global Production Hub,W12,823,10.01,1.6,9555.61,10.48,W07,W12,5,SUB_MOQ_VIOLATION
MAT_033,Stainless Steel A4-80 Socket Cap Screw,SUP_002,Vanguard Industrial Dynamics,PLANT_04,Tokyo Precision Facility,W12,807,10.01,6.2,13083.42,10.48,W04,W12,8,SUB_MOQ_VIOLATION
MAT_033,Stainless Steel A4-80 Socket Cap Screw,SUP_002,Vanguard Industrial Dynamics,PLANT_05,Chennai Industrial Complex,W12,499,10.01,6.4,8187.61,10.48,W04,W12,8,SUB_MOQ_VIOLATION
MAT_033,Stainless Steel A4-80 Socket Cap Screw,SUP_007,Bharat Precision Engineering,PLANT_04,Tokyo Precision Facility,W12,1317,10.35,3.65,18436.32,10.48,W03,W12,9,COMPLIANT
MAT_033,Stainless Steel A4-80 Socket Cap Screw,SUP_007,Bharat Precision Engineering,PLANT_05,Chennai Industrial Complex,W12,814,10.35,0.45,8791.85,10.48,W05,W12,7,SUB_MOQ_VIOLATION
MAT_033,Stainless Steel A4-80 Socket Cap Screw,SUP_010,Detroit Fastener Alliance,PLANT_01,Detroit Advanced Assembly Hub,W12,660,10.68,0.5,7375.33,10.48,W06,W12,6,SUB_MOQ_VIOLATION
MAT_033,Stainless Steel A4-80 Socket Cap Screw,SUP_010,Detroit Fastener Alliance,PLANT_02,Munich Engineering Works,W12,494,10.68,3.5,7011.44,10.48,W04,W12,8,SUB_MOQ_VIOLATION
MAT_033,Stainless Steel A4-80 Socket Cap Screw,SUP_010,Detroit Fastener Alliance,PLANT_03,Monterrey Global Production Hub,W12,572,10.68,1.6,7023.55,10.48,W06,W12,6,SUB_MOQ_VIOLATION
MAT_034,Hardened Belleville Spring Washers,SUP_002,Vanguard Industrial Dynamics,PLANT_01,Detroit Advanced Assembly Hub,W12,880,17.36,0.5,15715.01,18.03,W07,W12,5,SUB_MOQ_VIOLATION
MAT_034,Hardened Belleville Spring Washers,SUP_002,Vanguard Industrial Dynamics,PLANT_02,Munich Engineering Works,W12,1158,17.36,3.5,24151.71,18.03,W05,W12,7,COMPLIANT
MAT_034,Hardened Belleville Spring Washers,SUP_002,Vanguard Industrial Dynamics,PLANT_03,Monterrey Global Production Hub,W12,1021,17.36,1.6,19363.85,18.03,W07,W12,5,COMPLIANT
MAT_034,Hardened Belleville Spring Washers,SUP_002,Vanguard Industrial Dynamics,PLANT_04,Tokyo Precision Facility,W12,1028,17.36,6.2,24211.43,18.03,W04,W12,8,COMPLIANT
MAT_034,Hardened Belleville Spring Washers,SUP_002,Vanguard Industrial Dynamics,PLANT_05,Chennai Industrial Complex,W12,624,17.36,6.4,14835.51,18.03,W04,W12,8,SUB_MOQ_VIOLATION
MAT_034,Hardened Belleville Spring Washers,SUP_007,Bharat Precision Engineering,PLANT_04,Tokyo Precision Facility,W12,1607,17.75,3.65,34397.29,18.03,W06,W12,6,COMPLIANT
MAT_034,Hardened Belleville Spring Washers,SUP_007,Bharat Precision Engineering,PLANT_05,Chennai Industrial Complex,W12,977,17.75,0.45,17774.3,18.03,W08,W12,4,SUB_MOQ_VIOLATION
MAT_034,Hardened Belleville Spring Washers,SUP_010,Detroit Fastener Alliance,PLANT_01,Detroit Advanced Assembly Hub,W12,377,18.55,0.5,7183.76,18.03,W06,W12,6,SUB_MOQ_VIOLATION
MAT_034,Hardened Belleville Spring Washers,SUP_010,Detroit Fastener Alliance,PLANT_02,Munich Engineering Works,W12,496,18.55,3.5,10941.21,18.03,W04,W12,8,SUB_MOQ_VIOLATION
MAT_034,Hardened Belleville Spring Washers,SUP_010,Detroit Fastener Alliance,PLANT_03,Monterrey Global Production Hub,W12,438,18.55,1.6,8819.66,18.03,W06,W12,6,SUB_MOQ_VIOLATION
MAT_035,Structural Monobolt Blind Rivet Pack,SUP_002,Vanguard Industrial Dynamics,PLANT_01,Detroit Advanced Assembly Hub,W12,1260,7.59,0.5,10190.97,7.75,W06,W12,6,COMPLIANT
MAT_035,Structural Monobolt Blind Rivet Pack,SUP_002,Vanguard Industrial Dynamics,PLANT_02,Munich Engineering Works,W12,1555,7.59,3.5,17244.51,7.75,W04,W12,8,COMPLIANT
MAT_035,Structural Monobolt Blind Rivet Pack,SUP_002,Vanguard Industrial Dynamics,PLANT_03,Monterrey Global Production Hub,W12,500,7.59,1.6,4599.23,7.75,W06,W12,6,COMPLIANT
MAT_035,Structural Monobolt Blind Rivet Pack,SUP_002,Vanguard Industrial Dynamics,PLANT_04,Tokyo Precision Facility,W12,991,7.59,6.2,13661.2,7.75,W03,W12,9,COMPLIANT
MAT_035,Structural Monobolt Blind Rivet Pack,SUP_002,Vanguard Industrial Dynamics,PLANT_05,Chennai Industrial Complex,W12,947,7.59,6.4,13253.29,7.75,W03,W12,9,COMPLIANT
MAT_035,Structural Monobolt Blind Rivet Pack,SUP_007,Bharat Precision Engineering,PLANT_04,Tokyo Precision Facility,W12,1616,7.97,3.65,18781.87,7.75,W07,W12,5,COMPLIANT
MAT_035,Structural Monobolt Blind Rivet Pack,SUP_007,Bharat Precision Engineering,PLANT_05,Chennai Industrial Complex,W12,1546,7.97,0.45,13014.46,7.75,W09,W12,3,COMPLIANT
MAT_035,Structural Monobolt Blind Rivet Pack,SUP_010,Detroit Fastener Alliance,PLANT_01,Detroit Advanced Assembly Hub,W12,950,8.07,0.5,8144.07,7.75,W09,W12,3,SUB_MOQ_VIOLATION
MAT_035,Structural Monobolt Blind Rivet Pack,SUP_010,Detroit Fastener Alliance,PLANT_02,Munich Engineering Works,W12,1173,8.07,3.5,13572.07,7.75,W07,W12,5,COMPLIANT
MAT_035,Structural Monobolt Blind Rivet Pack,SUP_010,Detroit Fastener Alliance,PLANT_03,Monterrey Global Production Hub,W12,378,8.07,1.6,3650.81,7.75,W09,W12,3,SUB_MOQ_VIOLATION
MAT_036,Toray Carbon Fiber Prepreg 3K Twill,SUP_003,Nippon Advanced Metallurgy,PLANT_01,Detroit Advanced Assembly Hub,W12,1530,132.92,5.1,211101.59,137.13,W07,W12,5,COMPLIANT
MAT_036,Toray Carbon Fiber Prepreg 3K Twill,SUP_003,Nippon Advanced Metallurgy,PLANT_02,Munich Engineering Works,W12,564,132.92,6.5,78660.76,137.13,W06,W12,6,COMPLIANT
MAT_036,Toray Carbon Fiber Prepreg 3K Twill,SUP_003,Nippon Advanced Metallurgy,PLANT_03,Monterrey Global Production Hub,W12,997,132.92,5.3,137777.7,137.13,W06,W12,6,COMPLIANT
MAT_036,Toray Carbon Fiber Prepreg 3K Twill,SUP_003,Nippon Advanced Metallurgy,PLANT_04,Tokyo Precision Facility,W12,1652,132.92,0.45,220327.24,137.13,W09,W12,3,COMPLIANT
MAT_036,Toray Carbon Fiber Prepreg 3K Twill,SUP_003,Nippon Advanced Metallurgy,PLANT_05,Chennai Industrial Complex,W12,728,132.92,3.6,99386.56,137.13,W07,W12,5,COMPLIANT
MAT_036,Toray Carbon Fiber Prepreg 3K Twill,SUP_006,Saigon Composite Solutions,PLANT_01,Detroit Advanced Assembly Hub,W12,656,135.8,6.5,93277.65,137.13,W06,W12,6,SUB_MOQ_VIOLATION
MAT_036,Toray Carbon Fiber Prepreg 3K Twill,SUP_006,Saigon Composite Solutions,PLANT_02,Munich Engineering Works,W12,242,135.8,7.7,34698.3,137.13,W06,W12,6,SUB_MOQ_VIOLATION
MAT_036,Toray Carbon Fiber Prepreg 3K Twill,SUP_006,Saigon Composite Solutions,PLANT_03,Monterrey Global Production Hub,W12,427,135.8,6.6,60833.28,137.13,W06,W12,6,SUB_MOQ_VIOLATION
MAT_036,Toray Carbon Fiber Prepreg 3K Twill,SUP_006,Saigon Composite Solutions,PLANT_04,Tokyo Precision Facility,W12,708,135.8,1.85,97456.2,137.13,W08,W12,4,SUB_MOQ_VIOLATION
MAT_036,Toray Carbon Fiber Prepreg 3K Twill,SUP_006,Saigon Composite Solutions,PLANT_05,Chennai Industrial Complex,W12,312,135.8,2.1,43024.8,137.13,W08,W12,4,SUB_MOQ_VIOLATION
MAT_037,Structural S-Glass Woven Roving Mat,SUP_003,Nippon Advanced Metallurgy,PLANT_01,Detroit Advanced Assembly Hub,W12,1408,180.77,5.1,261656.63,188.44,W07,W12,5,COMPLIANT
MAT_037,Structural S-Glass Woven Roving Mat,SUP_003,Nippon Advanced Metallurgy,PLANT_02,Munich Engineering Works,W12,655,180.77,6.5,122753.61,188.44,W06,W12,6,SUB_MOQ_VIOLATION
MAT_037,Structural S-Glass Woven Roving Mat,SUP_003,Nippon Advanced Metallurgy,PLANT_03,Monterrey Global Production Hub,W12,1028,180.77,5.3,191348.81,188.44,W06,W12,6,SUB_MOQ_VIOLATION
MAT_037,Structural S-Glass Woven Roving Mat,SUP_003,Nippon Advanced Metallurgy,PLANT_04,Tokyo Precision Facility,W12,607,180.77,0.45,110020.47,188.44,W09,W12,3,SUB_MOQ_VIOLATION
MAT_037,Structural S-Glass Woven Roving Mat,SUP_003,Nippon Advanced Metallurgy,PLANT_05,Chennai Industrial Complex,W12,1386,180.77,3.6,255629.01,188.44,W07,W12,5,COMPLIANT
MAT_037,Structural S-Glass Woven Roving Mat,SUP_006,Saigon Composite Solutions,PLANT_05,Chennai Industrial Complex,W12,964,190.52,2.1,185589.37,188.44,W07,W12,5,COMPLIANT
MAT_037,Structural S-Glass Woven Roving Mat,SUP_008,Taiwan Micro-Silicon Ltd,PLANT_01,Detroit Advanced Assembly Hub,W12,978,191.44,5.2,192365.05,188.44,W03,W12,9,COMPLIANT
MAT_037,Structural S-Glass Woven Roving Mat,SUP_008,Taiwan Micro-Silicon Ltd,PLANT_02,Munich Engineering Works,W12,456,191.44,6.5,90163.65,188.44,W03,W12,9,COMPLIANT
MAT_037,Structural S-Glass Woven Roving Mat,SUP_008,Taiwan Micro-Silicon Ltd,PLANT_03,Monterrey Global Production Hub,W12,715,191.44,5.4,140667.77,188.44,W03,W12,9,COMPLIANT
MAT_037,Structural S-Glass Woven Roving Mat,SUP_008,Taiwan Micro-Silicon Ltd,PLANT_04,Tokyo Precision Facility,W12,422,191.44,0.9,81146.32,188.44,W06,W12,6,COMPLIANT
MAT_038,Nomex Honeycomb Structural Core 1/8,SUP_003,Nippon Advanced Metallurgy,PLANT_01,Detroit Advanced Assembly Hub,W12,1077,139.23,5.1,155480.94,149.43,W07,W12,5,COMPLIANT
MAT_038,Nomex Honeycomb Structural Core 1/8,SUP_003,Nippon Advanced Metallurgy,PLANT_02,Munich Engineering Works,W12,1433,139.23,6.5,208815.06,149.43,W06,W12,6,COMPLIANT
MAT_038,Nomex Honeycomb Structural Core 1/8,SUP_003,Nippon Advanced Metallurgy,PLANT_03,Monterrey Global Production Hub,W12,1196,139.23,5.3,172888.23,149.43,W06,W12,6,COMPLIANT
MAT_038,Nomex Honeycomb Structural Core 1/8,SUP_003,Nippon Advanced Metallurgy,PLANT_04,Tokyo Precision Facility,W12,944,139.23,0.45,131897.03,149.43,W09,W12,3,COMPLIANT
MAT_038,Nomex Honeycomb Structural Core 1/8,SUP_003,Nippon Advanced Metallurgy,PLANT_05,Chennai Industrial Complex,W12,883,139.23,3.6,126071.76,149.43,W07,W12,5,COMPLIANT
MAT_038,Nomex Honeycomb Structural Core 1/8,SUP_006,Saigon Composite Solutions,PLANT_02,Munich Engineering Works,W12,916,146.25,7.7,141035.13,149.43,W03,W12,9,SUB_MOQ_VIOLATION
MAT_038,Nomex Honeycomb Structural Core 1/8,SUP_006,Saigon Composite Solutions,PLANT_03,Monterrey Global Production Hub,W12,621,146.25,6.6,94985.03,149.43,W03,W12,9,SUB_MOQ_VIOLATION
MAT_038,Nomex Honeycomb Structural Core 1/8,SUP_006,Saigon Composite Solutions,PLANT_04,Tokyo Precision Facility,W12,604,146.25,1.85,89410.93,149.43,W05,W12,7,SUB_MOQ_VIOLATION
MAT_038,Nomex Honeycomb Structural Core 1/8,SUP_006,Saigon Composite Solutions,PLANT_05,Chennai Industrial Complex,W12,564,146.25,2.1,83718.36,149.43,W05,W12,7,SUB_MOQ_VIOLATION
MAT_038,Nomex Honeycomb Structural Core 1/8,SUP_008,Taiwan Micro-Silicon Ltd,PLANT_01,Detroit Advanced Assembly Hub,W12,689,152.45,5.2,108579.86,149.43,W02,W12,10,COMPLIANT
MAT_038,Nomex Honeycomb Structural Core 1/8,SUP_008,Taiwan Micro-Silicon Ltd,PLANT_03,Monterrey Global Production Hub,W12,143,152.45,5.4,22629.93,149.43,W02,W12,10,SUB_MOQ_VIOLATION
MAT_039,Basalt Fiber High-Temp Insulation Roll,SUP_003,Nippon Advanced Metallurgy,PLANT_01,Detroit Advanced Assembly Hub,W12,1292,183.62,5.1,243741.32,194.42,W06,W12,6,COMPLIANT
MAT_039,Basalt Fiber High-Temp Insulation Roll,SUP_003,Nippon Advanced Metallurgy,PLANT_02,Munich Engineering Works,W12,1290,183.62,6.5,245302.33,194.42,W05,W12,7,COMPLIANT
MAT_039,Basalt Fiber High-Temp Insulation Roll,SUP_003,Nippon Advanced Metallurgy,PLANT_03,Monterrey Global Production Hub,W12,1342,183.62,5.3,253577.87,194.42,W05,W12,7,COMPLIANT
MAT_039,Basalt Fiber High-Temp Insulation Roll,SUP_003,Nippon Advanced Metallurgy,PLANT_04,Tokyo Precision Facility,W12,707,183.62,0.45,130174.3,194.42,W08,W12,4,SUB_MOQ_VIOLATION
MAT_039,Basalt Fiber High-Temp Insulation Roll,SUP_003,Nippon Advanced Metallurgy,PLANT_05,Chennai Industrial Complex,W12,1566,183.62,3.6,293280.13,194.42,W06,W12,6,COMPLIANT
MAT_039,Basalt Fiber High-Temp Insulation Roll,SUP_006,Saigon Composite Solutions,PLANT_02,Munich Engineering Works,W12,390,193.95,7.7,78683.83,194.42,W03,W12,9,COMPLIANT
MAT_039,Basalt Fiber High-Temp Insulation Roll,SUP_006,Saigon Composite Solutions,PLANT_03,Monterrey Global Production Hub,W12,723,193.95,6.6,144947.51,194.42,W03,W12,9,COMPLIANT
MAT_039,Basalt Fiber High-Temp Insulation Roll,SUP_006,Saigon Composite Solutions,PLANT_04,Tokyo Precision Facility,W12,381,193.95,1.85,74560.64,194.42,W05,W12,7,COMPLIANT
MAT_039,Basalt Fiber High-Temp Insulation Roll,SUP_006,Saigon Composite Solutions,PLANT_05,Chennai Industrial Complex,W12,844,193.95,2.1,165368.17,194.42,W05,W12,7,COMPLIANT
MAT_039,Basalt Fiber High-Temp Insulation Roll,SUP_008,Taiwan Micro-Silicon Ltd,PLANT_01,Detroit Advanced Assembly Hub,W12,695,198.21,5.2,141461.48,194.42,W04,W12,8,SUB_MOQ_VIOLATION
MAT_039,Basalt Fiber High-Temp Insulation Roll,SUP_008,Taiwan Micro-Silicon Ltd,PLANT_02,Munich Engineering Works,W12,305,198.21,6.5,62344.43,194.42,W04,W12,8,SUB_MOQ_VIOLATION
MAT_040,High-Modulus Epoxy Resin Infusion Matrix,SUP_003,Nippon Advanced Metallurgy,PLANT_01,Detroit Advanced Assembly Hub,W12,441,140.07,5.1,64075.13,141.81,W04,W12,8,SUB_MOQ_VIOLATION
MAT_040,High-Modulus Epoxy Resin Infusion Matrix,SUP_003,Nippon Advanced Metallurgy,PLANT_02,Munich Engineering Works,W12,657,140.07,6.5,96317.01,141.81,W03,W12,9,SUB_MOQ_VIOLATION
MAT_040,High-Modulus Epoxy Resin Infusion Matrix,SUP_003,Nippon Advanced Metallurgy,PLANT_03,Monterrey Global Production Hub,W12,716,140.07,5.3,104044.22,141.81,W03,W12,9,SUB_MOQ_VIOLATION
MAT_040,High-Modulus Epoxy Resin Infusion Matrix,SUP_003,Nippon Advanced Metallurgy,PLANT_04,Tokyo Precision Facility,W12,486,140.07,0.45,68298.34,141.81,W06,W12,6,SUB_MOQ_VIOLATION
MAT_040,High-Modulus Epoxy Resin Infusion Matrix,SUP_003,Nippon Advanced Metallurgy,PLANT_05,Chennai Industrial Complex,W12,480,140.07,3.6,68912.75,141.81,W04,W12,8,SUB_MOQ_VIOLATION
MAT_040,High-Modulus Epoxy Resin Infusion Matrix,SUP_006,Saigon Composite Solutions,PLANT_02,Munich Engineering Works,W12,45,140.83,7.7,6755.14,141.81,W06,W12,6,SUB_MOQ_VIOLATION
MAT_040,High-Modulus Epoxy Resin Infusion Matrix,SUP_006,Saigon Composite Solutions,PLANT_03,Monterrey Global Production Hub,W12,518,140.83,6.6,76410.02,141.81,W06,W12,6,SUB_MOQ_VIOLATION
MAT_040,High-Modulus Epoxy Resin Infusion Matrix,SUP_006,Saigon Composite Solutions,PLANT_04,Tokyo Precision Facility,W12,352,140.83,1.85,50217.65,141.81,W08,W12,4,SUB_MOQ_VIOLATION
MAT_040,High-Modulus Epoxy Resin Infusion Matrix,SUP_006,Saigon Composite Solutions,PLANT_05,Chennai Industrial Complex,W12,347,140.83,2.1,49645.31,141.81,W08,W12,4,SUB_MOQ_VIOLATION
MAT_040,High-Modulus Epoxy Resin Infusion Matrix,SUP_008,Taiwan Micro-Silicon Ltd,PLANT_01,Detroit Advanced Assembly Hub,W12,320,148.12,5.2,49004.14,141.81,W06,W12,6,SUB_MOQ_VIOLATION
MAT_040,High-Modulus Epoxy Resin Infusion Matrix,SUP_008,Taiwan Micro-Silicon Ltd,PLANT_02,Munich Engineering Works,W12,430,148.12,6.5,66545.36,141.81,W06,W12,6,SUB_MOQ_VIOLATION
